accession	phylum	order	lineage	stratum
GCA_000166095.1	p__Methanobacteriota	o__Methanobacteriales	d__Archaea;p__Methanobacteriota;c__Methanobacteria;o__Methanobacteriales;f__Methanothermaceae;g__Methanothermus;s__Methanothermus fervidus	methanogen
GCA_000306725.1	p__Halobacteriota	o__Methanosarcinales	d__Archaea;p__Halobacteriota;c__Methanosarcinia;o__Methanosarcinales;f__Methanosarcinaceae;g__Methanolobus;s__Methanolobus psychrophilus	methanogen
GCA_000309865.1	p__Methanobacteriota	o__Methanobacteriales	d__Archaea;p__Methanobacteriota;c__Methanobacteria;o__Methanobacteriales;f__Methanobacteriaceae;g__Methanobacterium;s__Methanobacterium sp000309865	methanogen
GCA_000350305.1	p__Thermoplasmatota	o__Methanomassiliicoccales	d__Archaea;p__Thermoplasmatota;c__Thermoplasmata;o__Methanomassiliicoccales;f__Methanomethylophilaceae;g__Methanomethylophilus;s__Methanomethylophilus sp000350305	methanogen
GCA_000499765.1	p__Methanobacteriota	o__Methanobacteriales	d__Archaea;p__Methanobacteriota;c__Methanobacteria;o__Methanobacteriales;f__Methanobacteriaceae;g__Methanobacterium;s__Methanobacterium sp000499765	methanogen
GCA_001412335.1	p__Halobacteriota	o__Methanomicrobiales	d__Archaea;p__Halobacteriota;c__Methanomicrobia;o__Methanomicrobiales;f__Methanospirillaceae;g__SD8;s__SD8 sp001412335	methanogen
GCA_001412355.1	p__Halobacteriota	o__Methanomicrobiales	d__Archaea;p__Halobacteriota;c__Methanomicrobia;o__Methanomicrobiales;f__Methanomicrobiaceae;g__LKUD01;s__LKUD01 sp001412355	methanogen
GCA_001421175.1	p__Thermoplasmatota	o__Methanomassiliicoccales	d__Archaea;p__Thermoplasmatota;c__Thermoplasmata;o__Methanomassiliicoccales;f__Methanomethylophilaceae;g__RumEn-M2;s__RumEn-M2 sp001421175	methanogen
GCA_001421185.1	p__Thermoplasmatota	o__Methanomassiliicoccales	d__Archaea;p__Thermoplasmatota;c__Thermoplasmata;o__Methanomassiliicoccales;f__Methanomassiliicoccaceae;g__DTU008;s__DTU008 sp001421185	methanogen
GCA_001507955.1	p__Methanobacteriota	o__Methanobacteriales	d__Archaea;p__Methanobacteriota;c__Methanobacteria;o__Methanobacteriales;f__DSM-23052;g__Methanothermobacter_A;s__Methanothermobacter_A sp001507955	methanogen
GCA_001509375.1	p__Halobacteriota	o__Methanotrichales	d__Archaea;p__Halobacteriota;c__Methanosarcinia;o__Methanotrichales;f__Methanotrichaceae;g__Methanocrinis;s__Methanocrinis harundinacea_D	methanogen
GCA_001512375.1	p__Halobacteriota	o__Methanomicrobiales	d__Archaea;p__Halobacteriota;c__Methanomicrobia;o__Methanomicrobiales;f__Methanoculleaceae;g__Methanoculleus;s__Methanoculleus thermohydrogenotrophicum	methanogen
GCA_001512965.1	p__Thermoplasmatota	o__Methanomassiliicoccales	d__Archaea;p__Thermoplasmatota;c__Thermoplasmata;o__Methanomassiliicoccales;f__Methanomassiliicoccaceae;g__DTU008;s__DTU008 sp001512965	methanogen
GCA_001560915.1	p__Thermoplasmatota	o__Methanomassiliicoccales	d__Archaea;p__Thermoplasmatota;c__Thermoplasmata;o__Methanomassiliicoccales;f__Methanomethylophilaceae;g__Methanomethylophilus;s__Methanomethylophilus sp001560915	methanogen
GCA_001563305.1	p__Thermoplasmatota	o__Methanomassiliicoccales	d__Archaea;p__Thermoplasmatota;c__Thermoplasmata;o__Methanomassiliicoccales;f__Methanomethylophilaceae;g__Methanoprimaticola;s__Methanoprimaticola sp001563305	methanogen
GCA_001587575.1	p__Methanobacteriota_B	o__Methanofastidiosales	d__Archaea;p__Methanobacteriota_B;c__Thermococci;o__Methanofastidiosales;f__Methanofastidiosaceae;g__Methanofastidiosum;s__Methanofastidiosum sp001587575	methanogen
GCA_001587595.1	p__Methanobacteriota_B	o__Methanofastidiosales	d__Archaea;p__Methanobacteriota_B;c__Thermococci;o__Methanofastidiosales;f__Methanofastidiosaceae;g__Methanofastidiosum;s__Methanofastidiosum sp001587595	methanogen
GCA_001587675.1	p__Methanobacteriota_B	o__Methanofastidiosales	d__Archaea;p__Methanobacteriota_B;c__Thermococci;o__Methanofastidiosales;f__Methanofastidiosaceae;g__Methanofastidiosum;s__Methanofastidiosum sp001587675	methanogen
GCA_001587715.1	p__Methanobacteriota_B	o__Methanofastidiosales	d__Archaea;p__Methanobacteriota_B;c__Thermococci;o__Methanofastidiosales;f__Methanofastidiosaceae;g__Methanofastidiosum;s__Methanofastidiosum sp001587715	methanogen
GCA_001602645.1	p__Halobacteriota	o__Methanotrichales	d__Archaea;p__Halobacteriota;c__Methanosarcinia;o__Methanotrichales;f__Methanotrichaceae;g__Methanocrinis;s__Methanocrinis sp001602645	methanogen
GCA_001714685.2	p__Halobacteriota	o__Methanosarcinales	d__Archaea;p__Halobacteriota;c__Methanosarcinia;o__Methanosarcinales;f__Methanosarcinaceae;g__Methanosarcina;s__Methanosarcina sp001714685	methanogen
GCA_001717005.1	p__Thermoproteota	o__Methanomethylicales	d__Archaea;p__Thermoproteota;c__Methanomethylicia;o__Methanomethylicales;f__Methanomethylicaceae;g__Methanomethylicus;s__Methanomethylicus mesodigestus	methanogen
GCA_001717015.1	p__Thermoproteota	o__Methanomethylicales	d__Archaea;p__Thermoproteota;c__Methanomethylicia;o__Methanomethylicales;f__Methanomethylicaceae;g__Methanosuratincola;s__Methanosuratincola petrocarbonis	methanogen
GCA_001717025.1	p__Thermoproteota	o__Methanomethylicales	d__Archaea;p__Thermoproteota;c__Methanomethylicia;o__Methanomethylicales;f__Methanomethylicaceae;g__Methanomethylicus;s__Methanomethylicus oleisabuli	methanogen
GCA_001896725.1	p__Halobacteriota	o__Methanosarcinales	d__Archaea;p__Halobacteriota;c__Methanosarcinia;o__Methanosarcinales;f__Methanosarcinaceae;g__Methanomethylovorans;s__Methanomethylovorans sp001896725	methanogen
GCA_002067065.1	p__Methanobacteriota	o__Methanobacteriales	d__Archaea;p__Methanobacteriota;c__Methanobacteria;o__Methanobacteriales;f__Methanobacteriaceae;g__Methanobacterium;s__Methanobacterium sp002067065	methanogen
GCA_002067095.1	p__Halobacteriota	o__Methanomicrobiales	d__Archaea;p__Halobacteriota;c__Methanomicrobia;o__Methanomicrobiales;f__Methanospirillaceae;g__Methanolinea_A;s__Methanolinea_A sp002067095	methanogen
GCA_002067315.1	p__Halobacteriota	o__Methanocellales	d__Archaea;p__Halobacteriota;c__Methanocellia;o__Methanocellales;f__Methanocellaceae;g__Methanocella_A;s__Methanocella_A sp002067315	methanogen
GCA_002067325.1	p__Methanobacteriota	o__Methanobacteriales	d__Archaea;p__Methanobacteriota;c__Methanobacteria;o__Methanobacteriales;f__Methanobacteriaceae;g__Methanobacterium_A;s__Methanobacterium_A sp002067325	methanogen
GCA_002067365.1	p__Halobacteriota	o__Methanotrichales	d__Archaea;p__Halobacteriota;c__Methanosarcinia;o__Methanotrichales;f__Methanotrichaceae;g__Methanothrix;s__Methanothrix sp002067365	methanogen
GCA_002067565.1	p__Methanobacteriota	o__Methanobacteriales	d__Archaea;p__Methanobacteriota;c__Methanobacteria;o__Methanobacteriales;f__Methanobacteriaceae;g__Methanobacterium_A;s__Methanobacterium_A sp002067565	methanogen
GCA_002067635.1	p__Thermoplasmatota	o__Methanomassiliicoccales	d__Archaea;p__Thermoplasmatota;c__Thermoplasmata;o__Methanomassiliicoccales;f__Methanomassiliicoccaceae;g__UBA6;s__UBA6 sp002067635	methanogen
GCA_002067705.1	p__Halobacteriota	o__Methanotrichales	d__Archaea;p__Halobacteriota;c__Methanosarcinia;o__Methanotrichales;f__Methanotrichaceae;g__Methanothrix;s__Methanothrix sp002067705	methanogen
GCA_002067755.1	p__Halobacteriota	o__Methanotrichales	d__Archaea;p__Halobacteriota;c__Methanosarcinia;o__Methanotrichales;f__Methanotrichaceae;g__Methanothrix;s__Methanothrix sp002067755	methanogen
GCA_002067795.1	p__Halobacteriota	o__Methanotrichales	d__Archaea;p__Halobacteriota;c__Methanosarcinia;o__Methanotrichales;f__Methanotrichaceae;g__MVQI01;s__MVQI01 sp002067795	methanogen
GCA_002067865.1	p__Thermoplasmatota	o__Methanomassiliicoccales	d__Archaea;p__Thermoplasmatota;c__Thermoplasmata;o__Methanomassiliicoccales;f__UBA472;g__MVRC01;s__MVRC01 sp002067865	methanogen
GCA_002067895.1	p__Halobacteriota	o__Methanomicrobiales	d__Archaea;p__Halobacteriota;c__Methanomicrobia;o__Methanomicrobiales;f__Methanospirillaceae;g__MVRE01;s__MVRE01 sp002067895	methanogen
GCA_002068435.1	p__Halobacteriota	o__Methanomicrobiales	d__Archaea;p__Halobacteriota;c__Methanomicrobia;o__Methanomicrobiales;f__Methanospirillaceae;g__UBA9949;s__UBA9949 sp002068435	methanogen
GCA_002254825.2	p__Halobacteriota	o__Methanosarcinales	d__Archaea;p__Halobacteriota;c__Methanosarcinia;o__Methanosarcinales;f__EX4572-44;g__EX4572-44;s__EX4572-44 sp002254825	methanogen
GCA_002256595.1	p__Halobacteriota	o__Methanotrichales	d__Archaea;p__Halobacteriota;c__Methanosarcinia;o__Methanotrichales;f__Methanotrichaceae;g__Methanothrix;s__Methanothrix sp002256595	methanogen
GCA_002494495.1	p__Methanobacteriota	o__Methanobacteriales	d__Archaea;p__Methanobacteriota;c__Methanobacteria;o__Methanobacteriales;f__Methanobacteriaceae;g__Methanobacterium_A;s__Methanobacterium_A sp002494495	methanogen
GCA_002494885.1	p__Methanobacteriota	o__Methanobacteriales	d__Archaea;p__Methanobacteriota;c__Methanobacteria;o__Methanobacteriales;f__Methanobacteriaceae;g__Methanobacterium_D;s__Methanobacterium_D sp002494885	methanogen
GCA_002495055.1	p__Halobacteriota	o__Methanomicrobiales	d__Archaea;p__Halobacteriota;c__Methanomicrobia;o__Methanomicrobiales;f__Methanospirillaceae;g__Methanoregula;s__Methanoregula sp002495055	methanogen
GCA_002495065.1	p__Halobacteriota	o__Methanomicrobiales	d__Archaea;p__Halobacteriota;c__Methanomicrobia;o__Methanomicrobiales;f__Methanospirillaceae;g__Methanoregula;s__Methanoregula sp002495065	methanogen
GCA_002495225.1	p__Halobacteriota	o__Methanomicrobiales	d__Archaea;p__Halobacteriota;c__Methanomicrobia;o__Methanomicrobiales;f__Methanospirillaceae;g__UBA288;s__UBA288 sp002495225	methanogen
GCA_002495325.1	p__Thermoplasmatota	o__Methanomassiliicoccales	d__Archaea;p__Thermoplasmatota;c__Thermoplasmata;o__Methanomassiliicoccales;f__Methanomethylophilaceae;g__Methanomethylophilus;s__Methanomethylophilus sp002495325	methanogen
GCA_002495625.1	p__Methanobacteriota	o__Methanobacteriales	d__Archaea;p__Methanobacteriota;c__Methanobacteria;o__Methanobacteriales;f__Methanobacteriaceae;g__Methanobacterium_A;s__Methanobacterium_A sp002495625	methanogen
GCA_002495685.1	p__Methanobacteriota	o__Methanobacteriales	d__Archaea;p__Methanobacteriota;c__Methanobacteria;o__Methanobacteriales;f__Methanobacteriaceae;g__UBA412;s__UBA412 sp002495685	methanogen
GCA_002496065.1	p__Methanobacteriota	o__Methanobacteriales	d__Archaea;p__Methanobacteriota;c__Methanobacteria;o__Methanobacteriales;f__Methanobacteriaceae;g__Methanocatella;s__Methanocatella sp002496065	methanogen
GCA_002496395.1	p__Halobacteriota	o__Methanomicrobiales	d__Archaea;p__Halobacteriota;c__Methanomicrobia;o__Methanomicrobiales;f__Methanocorpusculaceae;g__Methanocalculus;s__Methanocalculus sp002496395	methanogen
GCA_002496805.1	p__Methanobacteriota	o__Methanobacteriales	d__Archaea;p__Methanobacteriota;c__Methanobacteria;o__Methanobacteriales;f__Methanobacteriaceae;g__Methanobacterium;s__Methanobacterium sp002496805	methanogen
GCA_002497075.1	p__Thermoplasmatota	o__Methanomassiliicoccales	d__Archaea;p__Thermoplasmatota;c__Thermoplasmata;o__Methanomassiliicoccales;f__UBA472;g__UBA472;s__UBA472 sp002497075	methanogen
GCA_002497195.1	p__Thermoplasmatota	o__Methanomassiliicoccales	d__Archaea;p__Thermoplasmatota;c__Thermoplasmata;o__Methanomassiliicoccales;f__Methanomethylophilaceae;g__VadinCA11;s__VadinCA11 sp002497195	methanogen
GCA_002498285.1	p__Thermoplasmatota	o__Methanomassiliicoccales	d__Archaea;p__Thermoplasmatota;c__Thermoplasmata;o__Methanomassiliicoccales;f__Methanomassiliicoccaceae;g__DTU008;s__DTU008 sp002498285	methanogen
GCA_002498365.1	p__Thermoplasmatota	o__Methanomassiliicoccales	d__Archaea;p__Thermoplasmatota;c__Thermoplasmata;o__Methanomassiliicoccales;f__Methanomethylophilaceae;g__VadinCA11;s__VadinCA11 sp002498365	methanogen
GCA_002498375.1	p__Halobacteriota	o__Methanomicrobiales	d__Archaea;p__Halobacteriota;c__Methanomicrobia;o__Methanomicrobiales;f__Methanocorpusculaceae;g__Methanocorpusculum;s__Methanocorpusculum sp002498375	methanogen
GCA_002498385.1	p__Methanobacteriota	o__Methanobacteriales	d__Archaea;p__Methanobacteriota;c__Methanobacteria;o__Methanobacteriales;f__Methanobacteriaceae;g__Methanobacterium_C;s__Methanobacterium_C sp002498385	methanogen
GCA_002498605.1	p__Thermoplasmatota	o__Methanomassiliicoccales	d__Archaea;p__Thermoplasmatota;c__Thermoplasmata;o__Methanomassiliicoccales;f__Methanomethylophilaceae;g__VadinCA11;s__VadinCA11 sp002498605	methanogen
GCA_002498745.1	p__Halobacteriota	o__Methanotrichales	d__Archaea;p__Halobacteriota;c__Methanosarcinia;o__Methanotrichales;f__Methanotrichaceae;g__Methanothrix;s__Methanothrix sp002498745	methanogen
GCA_002499445.1	p__Halobacteriota	o__Methanosarcinales	d__Archaea;p__Halobacteriota;c__Methanosarcinia;o__Methanosarcinales;f__Methanosarcinaceae;g__Methanosarcina;s__Methanosarcina sp002499445	methanogen
GCA_002499455.1	p__Halobacteriota	o__Methanomicrobiales	d__Archaea;p__Halobacteriota;c__Methanomicrobia;o__Methanomicrobiales;f__Methanoculleaceae;g__Methanoculleus;s__Methanoculleus sp002499455	methanogen
GCA_002499905.1	p__Halobacteriota	o__Methanomicrobiales	d__Archaea;p__Halobacteriota;c__Methanomicrobia;o__Methanomicrobiales;f__Methanospirillaceae;g__UBA9949;s__UBA9949 sp002499905	methanogen
GCA_002501695.1	p__Halobacteriota	o__Methanosarcinales	d__Archaea;p__Halobacteriota;c__Methanosarcinia;o__Methanosarcinales;f__Methanosarcinaceae;g__Methanolobus;s__Methanolobus sp002501695	methanogen
GCA_002501765.1	p__Halobacteriota	o__Methanotrichales	d__Archaea;p__Halobacteriota;c__Methanosarcinia;o__Methanotrichales;f__Methanotrichaceae;g__UBA204;s__UBA204 sp002501765	methanogen
GCA_002502245.1	p__Halobacteriota	o__Methanomicrobiales	d__Archaea;p__Halobacteriota;c__Methanomicrobia;o__Methanomicrobiales;f__Methanospirillaceae;g__Methanoregula;s__Methanoregula sp002502245	methanogen
GCA_002502785.1	p__Halobacteriota	o__Methanotrichales	d__Archaea;p__Halobacteriota;c__Methanosarcinia;o__Methanotrichales;f__Methanotrichaceae;g__Methanocrinis;s__Methanocrinis harundinacea_A	methanogen
GCA_002502855.1	p__Methanobacteriota	o__Methanobacteriales	d__Archaea;p__Methanobacteriota;c__Methanobacteria;o__Methanobacteriales;f__Methanobacteriaceae;g__Methanobacterium_A;s__Methanobacterium_A sp002502855	methanogen
GCA_002502965.1	p__Thermoplasmatota	o__Methanomassiliicoccales	d__Archaea;p__Thermoplasmatota;c__Thermoplasmata;o__Methanomassiliicoccales;f__Methanomethylophilaceae;g__RumEn-M2;s__RumEn-M2 sp002502965	methanogen
GCA_002503105.1	p__Halobacteriota	o__Methanomicrobiales	d__Archaea;p__Halobacteriota;c__Methanomicrobia;o__Methanomicrobiales;f__Methanoculleaceae;g__UBA206;s__UBA206 sp002503105	methanogen
GCA_002503135.1	p__Halobacteriota	o__Methanomicrobiales	d__Archaea;p__Halobacteriota;c__Methanomicrobia;o__Methanomicrobiales;f__Methanoculleaceae;g__UBA207;s__UBA207 sp002503135	methanogen
GCA_002503545.1	p__Thermoplasmatota	o__Methanomassiliicoccales	d__Archaea;p__Thermoplasmatota;c__Thermoplasmata;o__Methanomassiliicoccales;f__Methanomethylophilaceae;g__Methanomethylophilus;s__Methanomethylophilus sp002503545	methanogen
GCA_002503595.1	p__Halobacteriota	o__Methanosarcinales	d__Archaea;p__Halobacteriota;c__Methanosarcinia;o__Methanosarcinales;f__Methanogasteraceae;g__Methanogaster_A;s__Methanogaster_A sp002503595	methanogen
GCA_002503825.1	p__Halobacteriota	o__Methanomicrobiales	d__Archaea;p__Halobacteriota;c__Methanomicrobia;o__Methanomicrobiales;f__Methanospirillaceae;g__UBA467;s__UBA467 sp002503825	methanogen
GCA_002503885.1	p__Halobacteriota	o__Methanomicrobiales	d__Archaea;p__Halobacteriota;c__Methanomicrobia;o__Methanomicrobiales;f__Methanoculleaceae;g__Methanoculleus;s__Methanoculleus marisnigri_B	methanogen
GCA_002504405.1	p__Thermoplasmatota	o__Methanomassiliicoccales	d__Archaea;p__Thermoplasmatota;c__Thermoplasmata;o__Methanomassiliicoccales;f__Methanomethylophilaceae;g__Methanoprimaticola;s__Methanoprimaticola sp002504405	methanogen
GCA_002504495.1	p__Thermoplasmatota	o__Methanomassiliicoccales	d__Archaea;p__Thermoplasmatota;c__Thermoplasmata;o__Methanomassiliicoccales;f__Methanomethylophilaceae;g__Methanoprimaticola;s__Methanoprimaticola sp002504495	methanogen
GCA_002504525.1	p__Thermoplasmatota	o__Methanomassiliicoccales	d__Archaea;p__Thermoplasmatota;c__Thermoplasmata;o__Methanomassiliicoccales;f__Methanomassiliicoccaceae;g__DTU008;s__DTU008 sp002504525	methanogen
GCA_002504725.1	p__Methanobacteriota	o__Methanobacteriales	d__Archaea;p__Methanobacteriota;c__Methanobacteria;o__Methanobacteriales;f__Methanobacteriaceae;g__UBA587;s__UBA587 sp002504725	methanogen
GCA_002505345.1	p__Thermoplasmatota	o__Methanomassiliicoccales	d__Archaea;p__Thermoplasmatota;c__Thermoplasmata;o__Methanomassiliicoccales;f__Methanomethylophilaceae;g__VadinCA11;s__VadinCA11 sp002505345	methanogen
GCA_002505765.1	p__Methanobacteriota	o__Methanobacteriales	d__Archaea;p__Methanobacteriota;c__Methanobacteria;o__Methanobacteriales;f__Methanobacteriaceae;g__Methanobacterium_D;s__Methanobacterium_D sp002505765	methanogen
GCA_002505805.1	p__Halobacteriota	o__Methanotrichales	d__Archaea;p__Halobacteriota;c__Methanosarcinia;o__Methanotrichales;f__Methanotrichaceae;g__Methanothrix;s__Methanothrix sp002505805	methanogen
GCA_002506015.1	p__Halobacteriota	o__Methanosarcinales	d__Archaea;p__Halobacteriota;c__Methanosarcinia;o__Methanosarcinales;f__Methanogasteraceae;g__Methanogaster_C;s__Methanogaster_C sp002506015	methanogen
GCA_002506085.1	p__Halobacteriota	o__Methanomicrobiales	d__Archaea;p__Halobacteriota;c__Methanomicrobia;o__Methanomicrobiales;f__Methanocorpusculaceae;g__Methanocorpusculum;s__Methanocorpusculum sp002506085	methanogen
GCA_002506105.1	p__Halobacteriota	o__Methanomicrobiales	d__Archaea;p__Halobacteriota;c__Methanomicrobia;o__Methanomicrobiales;f__Methanospirillaceae;g__Methanolinea_A;s__Methanolinea_A sp002506105	methanogen
GCA_002506175.1	p__Thermoplasmatota	o__Methanomassiliicoccales	d__Archaea;p__Thermoplasmatota;c__Thermoplasmata;o__Methanomassiliicoccales;f__Methanomethylophilaceae;g__Methanoprimaticola;s__Methanoprimaticola sp002506175	methanogen
GCA_002506335.1	p__Halobacteriota	o__Methanotrichales	d__Archaea;p__Halobacteriota;c__Methanosarcinia;o__Methanotrichales;f__Methanotrichaceae;g__UBA114;s__UBA114 sp002506335	methanogen
GCA_002506425.1	p__Thermoplasmatota	o__Methanomassiliicoccales	d__Archaea;p__Thermoplasmatota;c__Thermoplasmata;o__Methanomassiliicoccales;f__Methanomethylophilaceae;g__Methanoprimaticola;s__Methanoprimaticola sp002506425	methanogen
GCA_002506535.1	p__Halobacteriota	o__Methanotrichales	d__Archaea;p__Halobacteriota;c__Methanosarcinia;o__Methanotrichales;f__Methanotrichaceae;g__Methanocrinis;s__Methanocrinis harundinacea_B	methanogen
GCA_002506905.1	p__Thermoplasmatota	o__Methanomassiliicoccales	d__Archaea;p__Thermoplasmatota;c__Thermoplasmata;o__Methanomassiliicoccales;f__Methanomethylophilaceae;g__Methanogranum;s__Methanogranum sp002506905	methanogen
GCA_002508425.1	p__Halobacteriota	o__Methanosarcinales	d__Archaea;p__Halobacteriota;c__Methanosarcinia;o__Methanosarcinales;f__Methanosarcinaceae;g__Methanomethylovorans;s__Methanomethylovorans sp002508425	methanogen
GCA_002508465.1	p__Halobacteriota	o__Methanosarcinales	d__Archaea;p__Halobacteriota;c__Methanosarcinia;o__Methanosarcinales;f__Methanosarcinaceae;g__Methanosarcina;s__Methanosarcina sp002508465	methanogen
GCA_002508495.1	p__Halobacteriota	o__Methanomicrobiales	d__Archaea;p__Halobacteriota;c__Methanomicrobia;o__Methanomicrobiales;f__Methanospirillaceae;g__Methanoregula;s__Methanoregula sp002508495	methanogen
GCA_002508545.1	p__Thermoplasmatota	o__Methanomassiliicoccales	d__Archaea;p__Thermoplasmatota;c__Thermoplasmata;o__Methanomassiliicoccales;f__Methanomassiliicoccaceae;g__UBA6;s__UBA6 sp002508545	methanogen
GCA_002508635.1	p__Halobacteriota	o__Methanosarcinales	d__Archaea;p__Halobacteriota;c__Methanosarcinia;o__Methanosarcinales;f__Methanosarcinaceae;g__Methanolobus;s__Methanolobus sp002508635	methanogen
GCA_002509325.1	p__Halobacteriota	o__Methanosarcinales	d__Archaea;p__Halobacteriota;c__Methanosarcinia;o__Methanosarcinales;f__Methanosarcinaceae;g__Methanosarcina;s__Methanosarcina sp002509325	methanogen
GCA_002509405.1	p__Thermoplasmatota	o__Methanomassiliicoccales	d__Archaea;p__Thermoplasmatota;c__Thermoplasmata;o__Methanomassiliicoccales;f__Methanomethylophilaceae;g__VadinCA11;s__VadinCA11 sp002509405	methanogen
GCA_002509485.1	p__Halobacteriota	o__Methanomicrobiales	d__Archaea;p__Halobacteriota;c__Methanomicrobia;o__Methanomicrobiales;f__Methanospirillaceae;g__SD8;s__SD8 sp002509485	methanogen
GCA_002509495.1	p__Halobacteriota	o__Methanomicrobiales	d__Archaea;p__Halobacteriota;c__Methanomicrobia;o__Methanomicrobiales;f__Methanospirillaceae;g__Methanolinea_A;s__Methanolinea_A sp002509495	methanogen
GCA_002509665.1	p__Methanobacteriota	o__Methanobacteriales	d__Archaea;p__Methanobacteriota;c__Methanobacteria;o__Methanobacteriales;f__Methanobacteriaceae;g__Methanobacterium_D;s__Methanobacterium_D sp002509665	methanogen
GCA_002839545.1	p__Halobacteriota	o__Methanosarcinales	d__Archaea;p__Halobacteriota;c__Methanosarcinia;o__Methanosarcinales;f__Methanoperedenaceae;g__Methanoperedens_A;s__Methanoperedens_A sp002839545	methanogen
GCA_002839605.1	p__Halobacteriota	o__Methanomicrobiales	d__Archaea;p__Halobacteriota;c__Methanomicrobia;o__Methanomicrobiales;f__Methanospirillaceae;g__Methanoregula;s__Methanoregula sp002839605	methanogen
GCA_002839645.1	p__Halobacteriota	o__Methanomicrobiales	d__Archaea;p__Halobacteriota;c__Methanomicrobia;o__Methanomicrobiales;f__Methanoculleaceae;g__Methanoculleus;s__Methanoculleus sp002839645	methanogen
GCA_002839675.1	p__Halobacteriota	o__Methanomicrobiales	d__Archaea;p__Halobacteriota;c__Methanomicrobia;o__Methanomicrobiales;f__Methanospirillaceae;g__Methanoregula;s__Methanoregula sp002839675	methanogen
GCA_002839705.1	p__Methanobacteriota	o__Methanobacteriales	d__Archaea;p__Methanobacteriota;c__Methanobacteria;o__Methanobacteriales;f__Methanobacteriaceae;g__UBA349;s__UBA349 sp002839705	methanogen
GCA_002926195.1	p__Halobacteriota	o__Methanosarcinales	d__Archaea;p__Halobacteriota;c__Methanosarcinia;o__Methanosarcinales;f__Methanocomedenaceae;g__Methanomarinus;s__Methanomarinus sp002926195	methanogen
GCA_003104905.1	p__Halobacteriota	o__Methanosarcinales	d__Archaea;p__Halobacteriota;c__Methanosarcinia;o__Methanosarcinales;f__Methanoperedenaceae;g__Methanoperedens;s__Methanoperedens sp003104905	methanogen
GCA_003135935.1	p__Thermoplasmatota	o__Methanomassiliicoccales	d__Archaea;p__Thermoplasmatota;c__Thermoplasmata;o__Methanomassiliicoccales;f__UBA472;g__FEN-33;s__FEN-33 sp003135935	methanogen
GCA_003136075.1	p__Halobacteriota	o__Methanomicrobiales	d__Archaea;p__Halobacteriota;c__Methanomicrobia;o__Methanomicrobiales;f__Methanospirillaceae;g__Methanoregula;s__Methanoregula sp003136075	methanogen
GCA_003141335.1	p__Halobacteriota	o__Methanomicrobiales	d__Archaea;p__Halobacteriota;c__Methanomicrobia;o__Methanomicrobiales;f__Methanospirillaceae;g__Methanoregula;s__Methanoregula sp003141335	methanogen
GCA_003151535.1	p__Methanobacteriota	o__Methanobacteriales	d__Archaea;p__Methanobacteriota;c__Methanobacteria;o__Methanobacteriales;f__Methanobacteriaceae;g__Methanobacterium_B;s__Methanobacterium_B sp003151535	methanogen
GCA_003153895.1	p__Thermoplasmatota	o__Methanomassiliicoccales	d__Archaea;p__Thermoplasmatota;c__Thermoplasmata;o__Methanomassiliicoccales;f__UBA472;g__FEN-33;s__FEN-33 sp003153895	methanogen
GCA_003154335.1	p__Halobacteriota	o__Methanomicrobiales	d__Archaea;p__Halobacteriota;c__Methanomicrobia;o__Methanomicrobiales;f__Methanospirillaceae;g__Methanoregula;s__Methanoregula sp003154335	methanogen
GCA_003157235.1	p__Halobacteriota	o__Methanosarcinales	d__Archaea;p__Halobacteriota;c__Methanosarcinia;o__Methanosarcinales;f__Methanosarcinaceae;g__Methanosarcina;s__Methanosarcina sp003157235	methanogen
GCA_003157895.1	p__Halobacteriota	o__Methanomicrobiales	d__Archaea;p__Halobacteriota;c__Methanomicrobia;o__Methanomicrobiales;f__Methanospirillaceae;g__Methanoregula;s__Methanoregula sp003157895	methanogen
GCA_003158115.1	p__Methanobacteriota	o__Methanobacteriales	d__Archaea;p__Methanobacteriota;c__Methanobacteria;o__Methanobacteriales;f__Methanobacteriaceae;g__Methanobacterium_B;s__Methanobacterium_B sp003158115	methanogen
GCA_003161815.1	p__Methanobacteriota	o__Methanobacteriales	d__Archaea;p__Methanobacteriota;c__Methanobacteria;o__Methanobacteriales;f__Methanobacteriaceae;g__Methanobacterium_A;s__Methanobacterium_A sp003161815	methanogen
GCA_003162115.1	p__Methanobacteriota	o__Methanobacteriales	d__Archaea;p__Methanobacteriota;c__Methanobacteria;o__Methanobacteriales;f__Methanobacteriaceae;g__Methanobacterium_B;s__Methanobacterium_B sp003162115	methanogen
GCA_003162615.1	p__Halobacteriota	o__Methanotrichales	d__Archaea;p__Halobacteriota;c__Methanosarcinia;o__Methanotrichales;f__Methanotrichaceae;g__Fen-7;s__Fen-7 sp003162615	methanogen
GCA_003162655.1	p__Methanobacteriota	o__Methanobacteriales	d__Archaea;p__Methanobacteriota;c__Methanobacteria;o__Methanobacteriales;f__Methanobacteriaceae;g__Methanobacterium_B;s__Methanobacterium_B sp003162655	methanogen
GCA_003164415.1	p__Methanobacteriota	o__Methanobacteriales	d__Archaea;p__Methanobacteriota;c__Methanobacteria;o__Methanobacteriales;f__Methanobacteriaceae;g__Methanobacterium_B;s__Methanobacterium_B sp003164415	methanogen
GCA_003164755.1	p__Halobacteriota	o__Methanosarcinales	d__Archaea;p__Halobacteriota;c__Methanosarcinia;o__Methanosarcinales;f__Methanosarcinaceae;g__Methanosarcina;s__Methanosarcina sp003164755	methanogen
GCA_003166335.1	p__Methanobacteriota	o__Methanobacteriales	d__Archaea;p__Methanobacteriota;c__Methanobacteria;o__Methanobacteriales;f__Methanobacteriaceae;g__Methanobacterium_A;s__Methanobacterium_A sp003166335	methanogen
GCA_003194445.1	p__Halobacteriota	o__Methanosarcinales	d__Archaea;p__Halobacteriota;c__Methanosarcinia;o__Methanosarcinales;f__Methanogasteraceae;g__Methanogaster_A;s__Methanogaster_A sp003194445	methanogen
GCA_003251955.1	p__Halobacteriota	o__Methanomicrobiales	d__Archaea;p__Halobacteriota;c__Methanomicrobia;o__Methanomicrobiales;f__Methanospirillaceae;g__Methanospirillum;s__Methanospirillum hungatei_A	methanogen
GCA_003266065.1	p__Methanobacteriota	o__Methanobacteriales	d__Archaea;p__Methanobacteriota;c__Methanobacteria;o__Methanobacteriales;f__Methanobacteriaceae;g__Methanosphaera;s__Methanosphaera sp003266065	methanogen
GCA_003266075.1	p__Methanobacteriota	o__Methanobacteriales	d__Archaea;p__Methanobacteriota;c__Methanobacteria;o__Methanobacteriales;f__Methanobacteriaceae;g__Methanosphaera;s__Methanosphaera sp003266075	methanogen
GCA_003266105.1	p__Methanobacteriota	o__Methanobacteriales	d__Archaea;p__Methanobacteriota;c__Methanobacteria;o__Methanobacteriales;f__Methanobacteriaceae;g__Methanosphaera;s__Methanosphaera sp003266105	methanogen
GCA_003266145.1	p__Methanobacteriota	o__Methanobacteriales	d__Archaea;p__Methanobacteriota;c__Methanobacteria;o__Methanobacteriales;f__Methanobacteriaceae;g__Methanosphaera;s__Methanosphaera sp003266145	methanogen
GCA_003315655.1	p__Methanobacteriota	o__Methanobacteriales	d__Archaea;p__Methanobacteriota;c__Methanobacteria;o__Methanobacteriales;f__Methanobacteriaceae;g__Methanobinarius;s__Methanobinarius endosymbioticus	methanogen
GCA_003315675.1	p__Halobacteriota	o__Methanomicrobiales	d__Archaea;p__Halobacteriota;c__Methanomicrobia;o__Methanomicrobiales;f__Methanocorpusculaceae;g__Methanocorpusculum;s__Methanocorpusculum sp003315675	methanogen
GCA_003491285.1	p__Methanobacteriota	o__Methanobacteriales	d__Archaea;p__Methanobacteriota;c__Methanobacteria;o__Methanobacteriales;f__Methanobacteriaceae;g__UBA117;s__UBA117 sp002494785	methanogen
GCA_003550345.1	p__Thermoplasmatota	o__Methanomassiliicoccales	d__Archaea;p__Thermoplasmatota;c__Thermoplasmata;o__Methanomassiliicoccales;f__Methanomethylophilaceae;g__PWHV01;s__PWHV01 sp003550345	methanogen
GCA_003555025.1	p__Thermoplasmatota	o__Methanomassiliicoccales	d__Archaea;p__Thermoplasmatota;c__Thermoplasmata;o__Methanomassiliicoccales;f__Methanomethylophilaceae;g__PWHV01;s__PWHV01 sp003555025	methanogen
GCA_003557905.1	p__Thermoplasmatota	o__Methanomassiliicoccales	d__Archaea;p__Thermoplasmatota;c__Thermoplasmata;o__Methanomassiliicoccales;f__Methanomethylophilaceae;g__PWHV01;s__PWHV01 sp003557905	methanogen
GCA_003558085.1	p__Methanobacteriota	o__Methanobacteriales	d__Archaea;p__Methanobacteriota;c__Methanobacteria;o__Methanobacteriales;f__Methanobacteriaceae;g__Methanobacterium_F;s__Methanobacterium_F sp003558085	methanogen
GCA_003558335.1	p__Methanobacteriota_B	o__Methanofastidiosales	d__Archaea;p__Methanobacteriota_B;c__Thermococci;o__Methanofastidiosales;f__Methanofastidiosaceae;g__Methanofastidiosum;s__Methanofastidiosum sp003558335	methanogen
GCA_003560875.1	p__Thermoplasmatota	o__Methanomassiliicoccales	d__Archaea;p__Thermoplasmatota;c__Thermoplasmata;o__Methanomassiliicoccales;f__Methanomethylophilaceae;g__PWHV01;s__PWHV01 sp003560875	methanogen
GCA_003565715.1	p__Halobacteriota	o__Methanosarcinales	d__Archaea;p__Halobacteriota;c__Methanosarcinia;o__Methanosarcinales;f__Methanosarcinaceae;g__Methanolobus;s__Methanolobus sp003565715	methanogen
GCA_003584625.1	p__Methanobacteriota	o__Methanobacteriales	d__Archaea;p__Methanobacteriota;c__Methanobacteria;o__Methanobacteriales;f__DSM-23052;g__Methanothermobacter_A;s__Methanothermobacter_A sp003584625	methanogen
GCA_003601535.1	p__Halobacteriota	o__Methanosarcinales	d__Archaea;p__Halobacteriota;c__Methanosarcinia;o__Methanosarcinales;f__Methanogasteraceae;g__Methanogaster_B;s__Methanogaster_B sp003601535	methanogen
GCA_003660605.1	p__Methanobacteriota_B	o__Methanofastidiosales	d__Archaea;p__Methanobacteriota_B;c__Thermococci;o__Methanofastidiosales;f__B48-G16;g__B48-G16;s__B48-G16 sp003660605	methanogen
GCA_003661105.1	p__Halobacteriota	o__Methanosarcinales	d__Archaea;p__Halobacteriota;c__Methanosarcinia;o__Methanosarcinales;f__Methanogasteraceae;g__Methanogaster_A;s__Methanogaster_A sp003661105	methanogen
GCA_003857025.1	p__Halobacteriota	o__Methanotrichales	d__Archaea;p__Halobacteriota;c__Methanosarcinia;o__Methanotrichales;f__Methanotrichaceae;g__Methanothrix;s__Methanothrix sp003857025	methanogen
GCA_004028775.1	p__Thermoproteota	o__Methanomethylicales	d__Archaea;p__Thermoproteota;c__Methanomethylicia;o__Methanomethylicales;f__Methanomethylicaceae;g__Methanosuratincola;s__Methanosuratincola subterraneus	methanogen
GCA_004193545.1	p__Halobacteriota	o__Methanosarcinales	d__Archaea;p__Halobacteriota;c__Methanosarcinia;o__Methanosarcinales;f__EX4572-44;g__Ethanoperedens;s__Ethanoperedens ethanivorans	methanogen
GCA_004211975.1	p__Halobacteriota	o__Methanosarcinales	d__Archaea;p__Halobacteriota;c__Methanosarcinia;o__Methanosarcinales;f__Methanogasteraceae;g__Methanogaster_D;s__Methanogaster_D sp004211975	methanogen
GCA_004212095.1	p__Halobacteriota	o__Methanosarcinales	d__Archaea;p__Halobacteriota;c__Methanosarcinia;o__Methanosarcinales;f__EX4572-44;g__Ethanoperedens;s__Ethanoperedens sp004212095	methanogen
GCA_004212155.1	p__Methanobacteriota_B	o__Methanofastidiosales	d__Archaea;p__Methanobacteriota_B;c__Thermococci;o__Methanofastidiosales;f__NM3;g__NM3;s__NM3 sp004212155	methanogen
GCA_004332335.1	p__Halobacteriota	o__Methanomicrobiales	d__Archaea;p__Halobacteriota;c__Methanomicrobia;o__Methanomicrobiales;f__Methanospirillaceae;g__UBA288;s__UBA288 sp004332335	methanogen
GCA_004347955.1	p__Thermoproteota	o__Methanomethylicales	d__Archaea;p__Thermoproteota;c__Methanomethylicia;o__Methanomethylicales;f__Methanomethylicaceae;g__WYZ-LMO10;s__WYZ-LMO10 sp004347955	methanogen
GCA_004348015.1	p__Thermoproteota	o__Methanomethylicales	d__Archaea;p__Thermoproteota;c__Methanomethylicia;o__Methanomethylicales;f__Methanomethylicaceae;g__WYZ-LMO11;s__WYZ-LMO11 sp004348015	methanogen
GCA_004525545.1	p__Thermoplasmatota	o__Methanomassiliicoccales	d__Archaea;p__Thermoplasmatota;c__Thermoplasmata;o__Methanomassiliicoccales;f__UBA472;g__UBA472;s__UBA472 sp004525545	methanogen
GCA_006954405.1	p__Thermoplasmatota	o__Methanomassiliicoccales	d__Archaea;p__Thermoplasmatota;c__Thermoplasmata;o__Methanomassiliicoccales;f__Methanomethylophilaceae;g__Methanarcanum;s__Methanarcanum hacksteinii	methanogen
GCA_006954465.1	p__Thermoplasmatota	o__Methanomassiliicoccales	d__Archaea;p__Thermoplasmatota;c__Thermoplasmata;o__Methanomassiliicoccales;f__Methanomethylophilaceae;g__Methanoprimaticola;s__Methanoprimaticola hominis	methanogen
GCA_007116915.1	p__Thermoplasmatota	o__Methanomassiliicoccales	d__Archaea;p__Thermoplasmatota;c__Thermoplasmata;o__Methanomassiliicoccales;f__Methanomethylophilaceae;g__PWHV01;s__PWHV01 sp007116915	methanogen
GCA_007117455.1	p__Thermoplasmatota	o__Methanomassiliicoccales	d__Archaea;p__Thermoplasmatota;c__Thermoplasmata;o__Methanomassiliicoccales;f__Methanomethylophilaceae;g__PWHV01;s__PWHV01 sp007117455	methanogen
GCA_007127385.1	p__Halobacteriota	o__Methanosarcinales	d__Archaea;p__Halobacteriota;c__Methanosarcinia;o__Methanosarcinales;f__Methanosarcinaceae;g__Methanosalsum;s__Methanosalsum sp007127385	methanogen
GCA_009649835.1	p__Halobacteriota	o__Methanosarcinales	d__Archaea;p__Halobacteriota;c__Methanosarcinia;o__Methanosarcinales;f__Methanocomedenaceae;g__Methanocomedens;s__Methanocomedens sp009649835	methanogen
GCA_009712615.1	p__Methanobacteriota	o__Methanobacteriales	d__Archaea;p__Methanobacteriota;c__Methanobacteria;o__Methanobacteriales;f__Methanobacteriaceae;g__Methanobacterium_B;s__Methanobacterium_B sp009712615	methanogen
GCA_009776495.1	p__Methanobacteriota	o__Methanobacteriales	d__Archaea;p__Methanobacteriota;c__Methanobacteria;o__Methanobacteriales;f__Methanobacteriaceae;g__Methanorudis;s__Methanorudis sp009776495	methanogen
GCA_009776625.1	p__Thermoplasmatota	o__Methanomassiliicoccales	d__Archaea;p__Thermoplasmatota;c__Thermoplasmata;o__Methanomassiliicoccales;f__Methanomethylophilaceae;g__Methanoplasma;s__Methanoplasma sp009776625	methanogen
GCA_009776695.1	p__Thermoplasmatota	o__Methanomassiliicoccales	d__Archaea;p__Thermoplasmatota;c__Thermoplasmata;o__Methanomassiliicoccales;f__Methanomethylophilaceae;g__Methanomicula;s__Methanomicula sp009776695	methanogen
GCA_009777005.1	p__Methanobacteriota	o__Methanobacteriales	d__Archaea;p__Methanobacteriota;c__Methanobacteria;o__Methanobacteriales;f__Methanobacteriaceae;g__Methanorudis;s__Methanorudis sp009777005	methanogen
GCA_009777615.1	p__Thermoplasmatota	o__Methanomassiliicoccales	d__Archaea;p__Thermoplasmatota;c__Thermoplasmata;o__Methanomassiliicoccales;f__Methanomethylophilaceae;g__Methanoplasma;s__Methanoplasma cognatum	methanogen
GCA_009778265.1	p__Thermoplasmatota	o__Methanomassiliicoccales	d__Archaea;p__Thermoplasmatota;c__Thermoplasmata;o__Methanomassiliicoccales;f__Methanomethylophilaceae;g__Methanomicula;s__Methanomicula sp009778265	methanogen
GCA_009778275.1	p__Thermoplasmatota	o__Methanomassiliicoccales	d__Archaea;p__Thermoplasmatota;c__Thermoplasmata;o__Methanomassiliicoccales;f__Methanomethylophilaceae;g__Methanoplasma;s__Methanoplasma sp009778275	methanogen
GCA_009778575.1	p__Thermoplasmatota	o__Methanomassiliicoccales	d__Archaea;p__Thermoplasmatota;c__Thermoplasmata;o__Methanomassiliicoccales;f__Methanomethylophilaceae;g__Methanoplasma;s__Methanoplasma sp009778575	methanogen
GCA_009779205.1	p__Halobacteriota	o__Methanomicrobiales	d__Archaea;p__Halobacteriota;c__Methanomicrobia;o__Methanomicrobiales;f__Methanospirillaceae;g__Methanofilum;s__Methanofilum sp009779205	methanogen
GCA_009780575.1	p__Thermoplasmatota	o__Methanomassiliicoccales	d__Archaea;p__Thermoplasmatota;c__Thermoplasmata;o__Methanomassiliicoccales;f__Methanomethylophilaceae;g__Methanomicula;s__Methanomicula labiotermitis	methanogen
GCA_009780795.1	p__Thermoplasmatota	o__Methanomassiliicoccales	d__Archaea;p__Thermoplasmatota;c__Thermoplasmata;o__Methanomassiliicoccales;f__Methanomethylophilaceae;g__Methanomicula;s__Methanomicula sp009780795	methanogen
GCA_009783635.1	p__Halobacteriota	o__Methanosarcinales	d__Archaea;p__Halobacteriota;c__Methanosarcinia;o__Methanosarcinales;f__Methanosarcinaceae;g__Methanimicrococcus;s__Methanimicrococcus sp009783635	methanogen
GCA_009784005.1	p__Halobacteriota	o__Methanosarcinales	d__Archaea;p__Halobacteriota;c__Methanosarcinia;o__Methanosarcinales;f__Methanosarcinaceae;g__Methanimicrococcus;s__Methanimicrococcus labiotermitis	methanogen
GCA_009784145.1	p__Methanobacteriota	o__Methanobacteriales	d__Archaea;p__Methanobacteriota;c__Methanobacteria;o__Methanobacteriales;f__Methanobacteriaceae;g__Methanobinarius;s__Methanobinarius sp009784145	methanogen
GCA_009784745.1	p__Thermoplasmatota	o__Methanomassiliicoccales	d__Archaea;p__Thermoplasmatota;c__Thermoplasmata;o__Methanomassiliicoccales;f__Methanomethylophilaceae;g__Methanomicula;s__Methanomicula sp009784745	methanogen
GCA_009786295.1	p__Thermoplasmatota	o__Methanomassiliicoccales	d__Archaea;p__Thermoplasmatota;c__Thermoplasmata;o__Methanomassiliicoccales;f__Methanomethylophilaceae;g__Methanoplasma;s__Methanoplasma sp009786295	methanogen
GCA_009911715.1	p__Thermoplasmatota	o__Methanomassiliicoccales	d__Archaea;p__Thermoplasmatota;c__Thermoplasmata;o__Methanomassiliicoccales;f__Methanomethylophilaceae;g__Methanoprimaticola;s__Methanoprimaticola sp006954425	methanogen
GCA_011045995.1	p__Halobacteriota	o__Methanomicrobiales	d__Archaea;p__Halobacteriota;c__Methanomicrobia;o__Methanomicrobiales;f__Methanomicrobiaceae;g__Methanovulcanius;s__Methanovulcanius sp011045995	methanogen
GCA_011048835.1	p__Halobacteriota	o__Methanomicrobiales	d__Archaea;p__Halobacteriota;c__Methanomicrobia;o__Methanomicrobiales;f__Methanomicrobiaceae;g__DSDF01;s__DSDF01 sp011048835	methanogen
GCA_011372835.1	p__Methanobacteriota_B	o__Methanofastidiosales	d__Archaea;p__Methanobacteriota_B;c__Thermococci;o__Methanofastidiosales;f__NM3;g__NM3;s__NM3 sp011372835	methanogen
GCA_011391755.1	p__Halobacteriota	o__Methanotrichales	d__Archaea;p__Halobacteriota;c__Methanosarcinia;o__Methanotrichales;f__Methanotrichaceae;g__Methanothrix;s__Methanothrix sp011391755	methanogen
GCA_011620845.1	p__Methanobacteriota	o__Methanobacteriales	d__Archaea;p__Methanobacteriota;c__Methanobacteria;o__Methanobacteriales;f__Methanobacteriaceae;g__Methanobacterium_A;s__Methanobacterium_A sp011620845	methanogen
GCA_012026795.1	p__Halobacteriota	o__Methanosarcinales	d__Archaea;p__Halobacteriota;c__Methanosarcinia;o__Methanosarcinales;f__Methanoperedenaceae;g__Methanoperedens;s__Methanoperedens sp012026795	methanogen
GCA_012026835.1	p__Halobacteriota	o__Methanosarcinales	d__Archaea;p__Halobacteriota;c__Methanosarcinia;o__Methanosarcinales;f__Methanoperedenaceae;g__Methanoperedens;s__Methanoperedens sp012026835	methanogen
GCA_012510295.1	p__Halobacteriota	o__Methanomicrobiales	d__Archaea;p__Halobacteriota;c__Methanomicrobia;o__Methanomicrobiales;f__Methanoculleaceae;g__Methanoculleus;s__Methanoculleus sp012510295	methanogen
GCA_012510335.1	p__Halobacteriota	o__Methanomicrobiales	d__Archaea;p__Halobacteriota;c__Methanomicrobia;o__Methanomicrobiales;f__Methanoculleaceae;g__Methanoculleus;s__Methanoculleus sp012510335	methanogen
GCA_012511245.1	p__Halobacteriota	o__Methanomicrobiales	d__Archaea;p__Halobacteriota;c__Methanomicrobia;o__Methanomicrobiales;f__Methanoculleaceae;g__Methanoculleus;s__Methanoculleus sp012511245	methanogen
GCA_012515075.1	p__Thermoplasmatota	o__Methanomassiliicoccales	d__Archaea;p__Thermoplasmatota;c__Thermoplasmata;o__Methanomassiliicoccales;f__Methanomethylophilaceae;g__JAAYZC01;s__JAAYZC01 sp012515075	methanogen
GCA_012516785.1	p__Halobacteriota	o__Methanomicrobiales	d__Archaea;p__Halobacteriota;c__Methanomicrobia;o__Methanomicrobiales;f__Methanospirillaceae;g__UBA9949;s__UBA9949 sp012516785	methanogen
GCA_012518185.1	p__Thermoplasmatota	o__Methanomassiliicoccales	d__Archaea;p__Thermoplasmatota;c__Thermoplasmata;o__Methanomassiliicoccales;f__Methanomassiliicoccaceae;g__DTU008;s__DTU008 sp012518185	methanogen
GCA_012518265.1	p__Halobacteriota	o__Methanosarcinales	d__Archaea;p__Halobacteriota;c__Methanosarcinia;o__Methanosarcinales;f__Methanosarcinaceae;g__Methanofrustulum;s__Methanofrustulum fimipullorum	methanogen
GCA_012519255.1	p__Thermoplasmatota	o__Methanomassiliicoccales	d__Archaea;p__Thermoplasmatota;c__Thermoplasmata;o__Methanomassiliicoccales;f__Methanomassiliicoccaceae;g__DTU008;s__DTU008 sp012519255	methanogen
GCA_012520015.1	p__Halobacteriota	o__Methanomicrobiales	d__Archaea;p__Halobacteriota;c__Methanomicrobia;o__Methanomicrobiales;f__Methanospirillaceae;g__Methanospirillum;s__Methanospirillum sp012520015	methanogen
GCA_012520845.1	p__Thermoplasmatota	o__Methanomassiliicoccales	d__Archaea;p__Thermoplasmatota;c__Thermoplasmata;o__Methanomassiliicoccales;f__Methanomethylophilaceae;g__JAAYNL01;s__JAAYNL01 sp012520845	methanogen
GCA_012521035.1	p__Halobacteriota	o__Methanomicrobiales	d__Archaea;p__Halobacteriota;c__Methanomicrobia;o__Methanomicrobiales;f__Methanoculleaceae;g__Methanoculleus;s__Methanoculleus sp012521035	methanogen
GCA_012522645.1	p__Thermoplasmatota	o__Methanomassiliicoccales	d__Archaea;p__Thermoplasmatota;c__Thermoplasmata;o__Methanomassiliicoccales;f__Methanomethylophilaceae;g__RumEn-M2;s__RumEn-M2 sp012522645	methanogen
GCA_012523385.1	p__Halobacteriota	o__Methanomicrobiales	d__Archaea;p__Halobacteriota;c__Methanomicrobia;o__Methanomicrobiales;f__Methanomicrobiaceae;g__Methanogenium;s__Methanogenium sp012523385	methanogen
GCA_012719175.1	p__Thermoplasmatota	o__Methanomassiliicoccales	d__Archaea;p__Thermoplasmatota;c__Thermoplasmata;o__Methanomassiliicoccales;f__Methanomassiliicoccaceae;g__UBA6;s__UBA6 sp012719175	methanogen
GCA_012719315.1	p__Thermoplasmatota	o__Methanomassiliicoccales	d__Archaea;p__Thermoplasmatota;c__Thermoplasmata;o__Methanomassiliicoccales;f__Methanomethylophilaceae;g__Methanogranum;s__Methanogranum sp012719315	methanogen
GCA_012728895.1	p__Halobacteriota	o__Methanomicrobiales	d__Archaea;p__Halobacteriota;c__Methanomicrobia;o__Methanomicrobiales;f__Methanospirillaceae;g__UBA288;s__UBA288 sp012728895	methanogen
GCA_012729095.1	p__Thermoplasmatota	o__Methanomassiliicoccales	d__Archaea;p__Thermoplasmatota;c__Thermoplasmata;o__Methanomassiliicoccales;f__UBA472;g__UBA472;s__UBA472 sp012729095	methanogen
GCA_012729535.1	p__Halobacteriota	o__Methanomicrobiales	d__Archaea;p__Halobacteriota;c__Methanomicrobia;o__Methanomicrobiales;f__Methanospirillaceae;g__Methanospirillum;s__Methanospirillum sp012729535	methanogen
GCA_012797575.1	p__Halobacteriota	o__Methanomicrobiales	d__Archaea;p__Halobacteriota;c__Methanomicrobia;o__Methanomicrobiales;f__Methanoculleaceae;g__Methanoculleus;s__Methanoculleus sp012797575	methanogen
GCA_012798025.1	p__Halobacteriota	o__Methanotrichales	d__Archaea;p__Halobacteriota;c__Methanosarcinia;o__Methanotrichales;f__Methanotrichaceae;g__Methanothrix;s__Methanothrix sp012798025	methanogen
GCA_012798365.1	p__Halobacteriota	o__Methanomicrobiales	d__Archaea;p__Halobacteriota;c__Methanomicrobia;o__Methanomicrobiales;f__Methanospirillaceae;g__Methanoregula;s__Methanoregula sp012798365	methanogen
GCA_012838205.1	p__Methanobacteriota	o__Methanobacteriales	d__Archaea;p__Methanobacteriota;c__Methanobacteria;o__Methanobacteriales;f__Methanobacteriaceae;g__Methanobacterium;s__Methanobacterium sp012838205	methanogen
GCA_012910725.1	p__Halobacteriota	o__Methanosarcinales	d__Archaea;p__Halobacteriota;c__Methanosarcinia;o__Methanosarcinales;f__EX4572-44;g__Ethanoperedens;s__Ethanoperedens thermophilum	methanogen
GCA_012961645.1	p__Halobacteriota	o__Methanosarcinales	d__Archaea;p__Halobacteriota;c__Methanosarcinia;o__Methanosarcinales;f__Methanogasteraceae;g__Methanogaster_D;s__Methanogaster_D sp012961645	methanogen
GCA_013153845.1	p__Methanobacteriota	o__Methanococcales	d__Archaea;p__Methanobacteriota;c__Methanococci;o__Methanococcales;f__Methanocaldococcaceae;g__Methanocaldococcus;s__Methanocaldococcus sp013153845	methanogen
GCA_013154335.1	p__Methanobacteriota	o__Methanopyrales	d__Archaea;p__Methanobacteriota;c__Methanopyri;o__Methanopyrales;f__Methanopyraceae;g__Methanopyrus;s__Methanopyrus sp013154335	methanogen
GCA_013178225.1	p__Halobacteriota	o__Methanotrichales	d__Archaea;p__Halobacteriota;c__Methanosarcinia;o__Methanotrichales;f__Methanotrichaceae;g__JABLXE01;s__JABLXE01 sp013178225	methanogen
GCA_013178285.1	p__Methanobacteriota_B	o__Methanofastidiosales	d__Archaea;p__Methanobacteriota_B;c__Thermococci;o__Methanofastidiosales;f__Methanofastidiosaceae;g__Methanofastidiosum;s__Methanofastidiosum sp013178285	methanogen
GCA_013329085.1	p__Methanobacteriota_B	o__Methanofastidiosales	d__Archaea;p__Methanobacteriota_B;c__Thermococci;o__Methanofastidiosales;f__Methanofastidiosaceae;g__Methanofastidiosum;s__Methanofastidiosum sp9950u	methanogen
GCA_013329455.1	p__Halobacteriota	o__Methanotrichales	d__Archaea;p__Halobacteriota;c__Methanosarcinia;o__Methanotrichales;f__Methanotrichaceae;g__Methanocrinis;s__Methanocrinis sp9297u	methanogen
GCA_013329565.1	p__Thermoplasmatota	o__Methanomassiliicoccales	d__Archaea;p__Thermoplasmatota;c__Thermoplasmata;o__Methanomassiliicoccales;f__UBA472;g__UBA472;s__UBA472 sp8940u	methanogen
GCA_013330315.1	p__Halobacteriota	o__Methanosarcinales	d__Archaea;p__Halobacteriota;c__Methanosarcinia;o__Methanosarcinales;f__Methanosarcinaceae;g__Methanosarcina;s__Methanosarcina sp8098u	methanogen
GCA_013330915.1	p__Methanobacteriota	o__Methanobacteriales	d__Archaea;p__Methanobacteriota;c__Methanobacteria;o__Methanobacteriales;f__Methanobacteriaceae;g__Methanosphaera;s__Methanosphaera sp11921u	methanogen
GCA_013331015.1	p__Halobacteriota	o__Methanomicrobiales	d__Archaea;p__Halobacteriota;c__Methanomicrobia;o__Methanomicrobiales;f__Methanospirillaceae;g__Methanoregula;s__Methanoregula sp11803u	methanogen
GCA_013331215.1	p__Halobacteriota	o__Methanomicrobiales	d__Archaea;p__Halobacteriota;c__Methanomicrobia;o__Methanomicrobiales;f__Methanospirillaceae;g__UBA288;s__UBA288 sp11384u	methanogen
GCA_013331225.1	p__Halobacteriota	o__Methanomicrobiales	d__Archaea;p__Halobacteriota;c__Methanomicrobia;o__Methanomicrobiales;f__Methanospirillaceae;g__Methanolinea_A;s__Methanolinea_A sp11423u	methanogen
GCA_013331265.1	p__Halobacteriota	o__Methanosarcinales	d__Archaea;p__Halobacteriota;c__Methanosarcinia;o__Methanosarcinales;f__Methanosarcinaceae;g__Methanosarcina;s__Methanosarcina sp10923u	methanogen
GCA_013331375.1	p__Halobacteriota	o__Methanosarcinales	d__Archaea;p__Halobacteriota;c__Methanosarcinia;o__Methanosarcinales;f__Methanoperedenaceae;g__UBA10536;s__UBA10536 sp10536u	methanogen
GCA_013331415.1	p__Halobacteriota	o__Methanomicrobiales	d__Archaea;p__Halobacteriota;c__Methanomicrobia;o__Methanomicrobiales;f__Methanospirillaceae;g__UBA9949;s__UBA9949 sp10516u	methanogen
GCA_013374385.1	p__Halobacteriota	o__Methanosarcinales	d__Archaea;p__Halobacteriota;c__Methanosarcinia;o__Methanosarcinales;f__Methanocomedenaceae;g__QBUR01;s__QBUR01 sp013374385	methanogen
GCA_013403005.1	p__Methanobacteriota	o__Methanobacteriales	d__Archaea;p__Methanobacteriota;c__Methanobacteria;o__Methanobacteriales;f__Methanobacteriaceae;g__Methanobacterium;s__Methanobacterium sp013403005	methanogen
GCA_013415565.1	p__Halobacteriota	o__Methanomicrobiales	d__Archaea;p__Halobacteriota;c__Methanomicrobia;o__Methanomicrobiales;f__Methanospirillaceae;g__UBA9949;s__UBA9949 sp013415565	methanogen
GCA_013415575.1	p__Halobacteriota	o__Methanomicrobiales	d__Archaea;p__Halobacteriota;c__Methanomicrobia;o__Methanomicrobiales;f__Methanospirillaceae;g__UBA9949;s__UBA9949 sp013415575	methanogen
GCA_013415595.1	p__Halobacteriota	o__Methanotrichales	d__Archaea;p__Halobacteriota;c__Methanosarcinia;o__Methanotrichales;f__Methanotrichaceae;g__JAAEEW01;s__JAAEEW01 sp013415595	methanogen
GCA_013415665.1	p__Halobacteriota	o__Methanomicrobiales	d__Archaea;p__Halobacteriota;c__Methanomicrobia;o__Methanomicrobiales;f__Methanomicrobiaceae;g__LKUD01;s__LKUD01 sp013415665	methanogen
GCA_013415695.1	p__Thermoplasmatota	o__Methanomassiliicoccales	d__Archaea;p__Thermoplasmatota;c__Thermoplasmata;o__Methanomassiliicoccales;f__JAAEEP01;g__JAAEEP01;s__JAAEEP01 sp013415695	methanogen
GCA_013415865.1	p__Thermoplasmatota	o__Methanomassiliicoccales	d__Archaea;p__Thermoplasmatota;c__Thermoplasmata;o__Methanomassiliicoccales;f__UBA472;g__MVRC01;s__MVRC01 sp013415865	methanogen
GCA_013572355.1	p__Halobacteriota	o__Methanosarcinales	d__Archaea;p__Halobacteriota;c__Methanosarcinia;o__Methanosarcinales;f__Methanogasteraceae;g__Methanogaster_A;s__Methanogaster_A sp013572355	methanogen
GCA_014237145.1	p__Halobacteriota	o__Methanosarcinales	d__Archaea;p__Halobacteriota;c__Methanosarcinia;o__Methanosarcinales;f__Methanocomedenaceae;g__Methanocomedens;s__Methanocomedens sp014237145	methanogen
GCA_014361205.1	p__Halobacteriota	o__Methanosarcinales	d__Archaea;p__Halobacteriota;c__Methanosarcinia;o__Methanosarcinales;f__Methanosarcinaceae;g__Methanomethylovorans;s__Methanomethylovorans sp014361205	methanogen
GCA_014361295.1	p__Thermoplasmatota	o__Methanomassiliicoccales	d__Archaea;p__Thermoplasmatota;c__Thermoplasmata;o__Methanomassiliicoccales;f__JACIVX01;g__JACIVX01;s__JACIVX01 sp014361295	methanogen
GCA_014361445.1	p__Thermoproteota	o__Methanomethylicales	d__Archaea;p__Thermoproteota;c__Methanomethylicia;o__Methanomethylicales;f__Methanomethylicaceae;g__WYZ-LMO10;s__WYZ-LMO10 sp014361445	methanogen
GCA_014361455.1	p__Thermoproteota	o__Methanomethylicales	d__Archaea;p__Thermoproteota;c__Methanomethylicia;o__Methanomethylicales;f__Methanomethylicaceae;g__Methanosuratincola;s__Methanosuratincola sp014361455	methanogen
GCA_014859725.1	p__Halobacteriota	o__Methanosarcinales	d__Archaea;p__Halobacteriota;c__Methanosarcinia;o__Methanosarcinales;f__Methanocomedenaceae;g__Kmv04;s__Kmv04 sp014859725	methanogen
GCA_014859785.1	p__Halobacteriota	o__Methanosarcinales	d__Archaea;p__Halobacteriota;c__Methanosarcinia;o__Methanosarcinales;f__Methanoperedenaceae;g__Methanoperedens_A;s__Methanoperedens_A sp014859785	methanogen
GCA_015062805.1	p__Methanobacteriota	o__Methanobacteriales	d__Archaea;p__Methanobacteriota;c__Methanobacteria;o__Methanobacteriales;f__Methanobacteriaceae;g__Methanosphaera;s__Methanosphaera stadtmanae_C	methanogen
GCA_015062815.1	p__Methanobacteriota	o__Methanobacteriales	d__Archaea;p__Methanobacteriota;c__Methanobacteria;o__Methanobacteriales;f__Methanobacteriaceae;g__Methanosphaera;s__Methanosphaera stadtmanae_B	methanogen
GCA_015062825.1	p__Methanobacteriota	o__Methanobacteriales	d__Archaea;p__Methanobacteriota;c__Methanobacteria;o__Methanobacteriales;f__Methanobacteriaceae;g__Methanosphaera;s__Methanosphaera stadtmanae_A	methanogen
GCA_015062925.1	p__Methanobacteriota	o__Methanobacteriales	d__Archaea;p__Methanobacteriota;c__Methanobacteria;o__Methanobacteriales;f__Methanobacteriaceae;g__Methanocatella;s__Methanocatella thaueri_C	methanogen
GCA_015063005.1	p__Methanobacteriota	o__Methanobacteriales	d__Archaea;p__Methanobacteriota;c__Methanobacteria;o__Methanobacteriales;f__Methanobacteriaceae;g__Methanocatella;s__Methanocatella millerae_B	methanogen
GCA_015063035.1	p__Methanobacteriota	o__Methanobacteriales	d__Archaea;p__Methanobacteriota;c__Methanobacteria;o__Methanobacteriales;f__Methanobacteriaceae;g__Methanobrevibacter;s__Methanobrevibacter olleyae_A	methanogen
GCA_015063085.1	p__Halobacteriota	o__Methanomicrobiales	d__Archaea;p__Halobacteriota;c__Methanomicrobia;o__Methanomicrobiales;f__Methanocorpusculaceae;g__Methanocorpusculum;s__Methanocorpusculum parvum_A	methanogen
GCA_015063135.1	p__Thermoplasmatota	o__Methanomassiliicoccales	d__Archaea;p__Thermoplasmatota;c__Thermoplasmata;o__Methanomassiliicoccales;f__Methanomethylophilaceae;g__Methanoprimaticola;s__Methanoprimaticola sp015063135	methanogen
GCA_015063165.1	p__Thermoplasmatota	o__Methanomassiliicoccales	d__Archaea;p__Thermoplasmatota;c__Thermoplasmata;o__Methanomassiliicoccales;f__Methanomethylophilaceae;g__Methanoprimaticola;s__Methanoprimaticola sp015063165	methanogen
GCA_015063185.1	p__Thermoplasmatota	o__Methanomassiliicoccales	d__Archaea;p__Thermoplasmatota;c__Thermoplasmata;o__Methanomassiliicoccales;f__Methanomethylophilaceae;g__SIG5;s__SIG5 sp015063185	methanogen
GCA_015063195.1	p__Thermoplasmatota	o__Methanomassiliicoccales	d__Archaea;p__Thermoplasmatota;c__Thermoplasmata;o__Methanomassiliicoccales;f__Methanomethylophilaceae;g__SIG5;s__SIG5 sp015063195	methanogen
GCA_015063225.1	p__Thermoplasmatota	o__Methanomassiliicoccales	d__Archaea;p__Thermoplasmatota;c__Thermoplasmata;o__Methanomassiliicoccales;f__Methanomethylophilaceae;g__Methanomethylophilus;s__Methanomethylophilus sp015063225	methanogen
GCA_015063235.1	p__Thermoplasmatota	o__Methanomassiliicoccales	d__Archaea;p__Thermoplasmatota;c__Thermoplasmata;o__Methanomassiliicoccales;f__Methanomethylophilaceae;g__Methanoprimaticola;s__Methanoprimaticola sp015063235	methanogen
GCA_015063245.1	p__Thermoplasmatota	o__Methanomassiliicoccales	d__Archaea;p__Thermoplasmatota;c__Thermoplasmata;o__Methanomassiliicoccales;f__Methanomethylophilaceae;g__Methanoprimaticola;s__Methanoprimaticola sp015063245	methanogen
GCA_015063285.1	p__Thermoplasmatota	o__Methanomassiliicoccales	d__Archaea;p__Thermoplasmatota;c__Thermoplasmata;o__Methanomassiliicoccales;f__Methanomethylophilaceae;g__Methanoprimaticola;s__Methanoprimaticola sp015063285	methanogen
GCA_015660865.1	p__Halobacteriota	o__Methanomicrobiales	d__Archaea;p__Halobacteriota;c__Methanomicrobia;o__Methanomicrobiales;f__JACTUA01;g__JACTUA01;s__JACTUA01 sp015660865	methanogen
GCA_015660885.1	p__Halobacteriota	o__Methanomicrobiales	d__Archaea;p__Halobacteriota;c__Methanomicrobia;o__Methanomicrobiales;f__Methanospirillaceae;g__Methanoregula;s__Methanoregula sp015660885	methanogen
GCA_015660965.1	p__Halobacteriota	o__Methanomicrobiales	d__Archaea;p__Halobacteriota;c__Methanomicrobia;o__Methanomicrobiales;f__Methanospirillaceae;g__MVRE01;s__MVRE01 sp015660965	methanogen
GCA_015660995.1	p__Thermoproteota	o__Methanomethylicales	d__Archaea;p__Thermoproteota;c__Methanomethylicia;o__Methanomethylicales;f__Methanomethylicaceae;g__JACTUC01;s__JACTUC01 sp015660995	methanogen
GCA_015661405.1	p__Methanobacteriota	o__Methanobacteriales	d__Archaea;p__Methanobacteriota;c__Methanobacteria;o__Methanobacteriales;f__Methanobacteriaceae;g__Methanobacterium_A;s__Methanobacterium_A sp015661405	methanogen
GCA_015661555.1	p__Methanobacteriota	o__Methanococcales	d__Archaea;p__Methanobacteriota;c__Methanococci;o__Methanococcales;f__Methanococcaceae;g__Methanofervidicoccus;s__Methanofervidicoccus okinawensis_B	methanogen
GCA_015661585.1	p__Methanobacteriota	o__Methanococcales	d__Archaea;p__Methanobacteriota;c__Methanococci;o__Methanococcales;f__Methanococcaceae;g__Methanofervidicoccus;s__Methanofervidicoccus okinawensis_D	methanogen
GCA_015662355.1	p__Methanobacteriota	o__Methanococcales	d__Archaea;p__Methanobacteriota;c__Methanococci;o__Methanococcales;f__Methanococcaceae;g__Methanofervidicoccus;s__Methanofervidicoccus okinawensis_A	methanogen
GCA_015663075.1	p__Methanobacteriota	o__Methanococcales	d__Archaea;p__Methanobacteriota;c__Methanococci;o__Methanococcales;f__Methanococcaceae;g__Methanofervidicoccus;s__Methanofervidicoccus okinawensis_C	methanogen
GCA_016109435.1	p__Thermoplasmatota	o__Methanomassiliicoccales	d__Archaea;p__Thermoplasmatota;c__Thermoplasmata;o__Methanomassiliicoccales;f__Methanomassiliicoccaceae;g__UBA6;s__UBA6 sp016109435	methanogen
GCA_016222945.1	p__Methanobacteriota	o__Methanobacteriales	d__Archaea;p__Methanobacteriota;c__Methanobacteria;o__Methanobacteriales;f__Methanobacteriaceae;g__Methanobacterium_D;s__Methanobacterium_D sp016222945	methanogen
GCA_016281925.1	p__Thermoplasmatota	o__Methanomassiliicoccales	d__Archaea;p__Thermoplasmatota;c__Thermoplasmata;o__Methanomassiliicoccales;f__Methanomethylophilaceae;g__Methanoprimaticola;s__Methanoprimaticola sp016281925	methanogen
GCA_016282555.1	p__Thermoplasmatota	o__Methanomassiliicoccales	d__Archaea;p__Thermoplasmatota;c__Thermoplasmata;o__Methanomassiliicoccales;f__Methanomethylophilaceae;g__Methanoprimaticola;s__Methanoprimaticola sp016282555	methanogen
GCA_016284295.1	p__Thermoplasmatota	o__Methanomassiliicoccales	d__Archaea;p__Thermoplasmatota;c__Thermoplasmata;o__Methanomassiliicoccales;f__Methanomethylophilaceae;g__Methanoprimaticola;s__Methanoprimaticola sp016284295	methanogen
GCA_016291275.1	p__Methanobacteriota	o__Methanobacteriales	d__Archaea;p__Methanobacteriota;c__Methanobacteria;o__Methanobacteriales;f__Methanobacteriaceae;g__Methanobrevibacter;s__Methanobrevibacter sp016291275	methanogen
GCA_016296195.1	p__Thermoplasmatota	o__Methanomassiliicoccales	d__Archaea;p__Thermoplasmatota;c__Thermoplasmata;o__Methanomassiliicoccales;f__Methanomethylophilaceae;g__Methanoprimaticola;s__Methanoprimaticola sp016296195	methanogen
GCA_016297775.1	p__Thermoplasmatota	o__Methanomassiliicoccales	d__Archaea;p__Thermoplasmatota;c__Thermoplasmata;o__Methanomassiliicoccales;f__Methanomethylophilaceae;g__SIG5;s__SIG5 sp016297775	methanogen
GCA_016699325.1	p__Halobacteriota	o__Methanomicrobiales	d__Archaea;p__Halobacteriota;c__Methanomicrobia;o__Methanomicrobiales;f__Methanospirillaceae;g__UBA9949;s__UBA9949 sp016699325	methanogen
GCA_016838945.1	p__Methanobacteriota	o__Methanobacteriales	d__Archaea;p__Methanobacteriota;c__Methanobacteria;o__Methanobacteriales;f__Methanobacteriaceae;g__Methanobrevibacter;s__Methanobrevibacter sp016838945	methanogen
GCA_016841265.1	p__Halobacteriota	o__Methanosarcinales	d__Archaea;p__Halobacteriota;c__Methanosarcinia;o__Methanosarcinales;f__Methanosarcinaceae;g__MTP4;s__MTP4 sp016841265	methanogen
GCA_016841385.1	p__Halobacteriota	o__Methanomicrobiales	d__Archaea;p__Halobacteriota;c__Methanomicrobia;o__Methanomicrobiales;f__Methanoculleaceae;g__Methanoculleus;s__Methanoculleus sp016841385	methanogen
GCA_016841485.1	p__Halobacteriota	o__Methanomicrobiales	d__Archaea;p__Halobacteriota;c__Methanomicrobia;o__Methanomicrobiales;f__Methanomicrobiaceae;g__Methanovulcanius;s__Methanovulcanius sp016841485	methanogen
GCA_016841625.1	p__Halobacteriota	o__Methanosarcinales	d__Archaea;p__Halobacteriota;c__Methanosarcinia;o__Methanosarcinales;f__Methanosarcinaceae;g__MTP4;s__MTP4 sp016841625	methanogen
GCA_016841665.1	p__Halobacteriota	o__Methanomicrobiales	d__Archaea;p__Halobacteriota;c__Methanomicrobia;o__Methanomicrobiales;f__Methanomicrobiaceae;g__DSDF01;s__DSDF01 sp016841665	methanogen
GCA_016841955.1	p__Halobacteriota	o__Methanomicrobiales	d__Archaea;p__Halobacteriota;c__Methanomicrobia;o__Methanomicrobiales;f__Methanoculleaceae;g__Methanoculleus;s__Methanoculleus sp016841955	methanogen
GCA_016874685.1	p__Methanobacteriota	o__Methanobacteriales	d__Archaea;p__Methanobacteriota;c__Methanobacteria;o__Methanobacteriales;f__Methanobacteriaceae;g__VGTM01;s__VGTM01 sp016874685	methanogen
GCA_016882195.1	p__Thermoproteota	o__Methanomethylicales	d__Archaea;p__Thermoproteota;c__Methanomethylicia;o__Methanomethylicales;f__Methanomethylicaceae;g__VGLU01;s__VGLU01 sp016882195	methanogen
GCA_016919565.1	p__Thermoplasmatota	o__Methanomassiliicoccales	d__Archaea;p__Thermoplasmatota;c__Thermoplasmata;o__Methanomassiliicoccales;f__UBA472;g__FEN-33;s__FEN-33 sp016919565	methanogen
GCA_016919625.1	p__Thermoplasmatota	o__Methanomassiliicoccales	d__Archaea;p__Thermoplasmatota;c__Thermoplasmata;o__Methanomassiliicoccales;f__UBA472;g__JACXTP01;s__JACXTP01 sp016919625	methanogen
GCA_016926075.1	p__Thermoplasmatota	o__Methanomassiliicoccales	d__Archaea;p__Thermoplasmatota;c__Thermoplasmata;o__Methanomassiliicoccales;f__UBA472;g__UBA472;s__UBA472 sp016926075	methanogen
GCA_016926455.1	p__Halobacteriota	o__Methanosarcinales	d__Archaea;p__Halobacteriota;c__Methanosarcinia;o__Methanosarcinales;f__Methanosarcinaceae;g__JAFGQV01;s__JAFGQV01 sp016926455	methanogen
GCA_016926505.1	p__Halobacteriota	o__Methanomicrobiales	d__Archaea;p__Halobacteriota;c__Methanomicrobia;o__Methanomicrobiales;f__Methanospirillaceae;g__JAFGOM01;s__JAFGOM01 sp016926505	methanogen
GCA_016926855.1	p__Halobacteriota	o__Methanomicrobiales	d__Archaea;p__Halobacteriota;c__Methanomicrobia;o__Methanomicrobiales;f__Methanomicrobiaceae;g__LKUD01;s__LKUD01 sp016926855	methanogen
GCA_016927055.1	p__Halobacteriota	o__Methanotrichales	d__Archaea;p__Halobacteriota;c__Methanosarcinia;o__Methanotrichales;f__Methanotrichaceae;g__Methanothrix;s__Methanothrix sp016927055	methanogen
GCA_016927425.1	p__Halobacteriota	o__Methanotrichales	d__Archaea;p__Halobacteriota;c__Methanosarcinia;o__Methanotrichales;f__Methanotrichaceae;g__JAFGMR01;s__JAFGMR01 sp016927425	methanogen
GCA_016928355.1	p__Halobacteriota	o__Methanomicrobiales	d__Archaea;p__Halobacteriota;c__Methanomicrobia;o__Methanomicrobiales;f__Methanomicrobiaceae;g__Methanolacinia;s__Methanolacinia sp016928355	methanogen
GCA_016930445.1	p__Methanobacteriota_B	o__Methanofastidiosales	d__Archaea;p__Methanobacteriota_B;c__Thermococci;o__Methanofastidiosales;f__NM3;g__JAFGGT01;s__JAFGGT01 sp016930445	methanogen
GCA_016932675.1	p__Halobacteriota	o__Methanosarcinales	d__Archaea;p__Halobacteriota;c__Methanosarcinia;o__Methanosarcinales;f__Methanosarcinaceae;g__Methanolobus;s__Methanolobus sp016932675	methanogen
GCA_016935475.1	p__Halobacteriota	o__Methanosarcinales	d__Archaea;p__Halobacteriota;c__Methanosarcinia;o__Methanosarcinales;f__Methanosarcinaceae;g__JAFGQV01;s__JAFGQV01 sp016935475	methanogen
GCA_016937345.1	p__Halobacteriota	o__Methanomicrobiales	d__Archaea;p__Halobacteriota;c__Methanomicrobia;o__Methanomicrobiales;f__Methanomicrobiaceae;g__Methanomicrobium;s__Methanomicrobium sp016937345	methanogen
GCA_017387505.1	p__Halobacteriota	o__Methanomicrobiales	d__Archaea;p__Halobacteriota;c__Methanomicrobia;o__Methanomicrobiales;f__Methanocorpusculaceae;g__Methanocorpusculum;s__Methanocorpusculum sp017387505	methanogen
GCA_017395275.1	p__Thermoplasmatota	o__Methanomassiliicoccales	d__Archaea;p__Thermoplasmatota;c__Thermoplasmata;o__Methanomassiliicoccales;f__Methanomethylophilaceae;g__SIG5;s__SIG5 sp017395275	methanogen
GCA_017399555.1	p__Halobacteriota	o__Methanomicrobiales	d__Archaea;p__Halobacteriota;c__Methanomicrobia;o__Methanomicrobiales;f__Methanocorpusculaceae;g__Methanocorpusculum;s__Methanocorpusculum sp017399555	methanogen
GCA_017404125.1	p__Methanobacteriota	o__Methanobacteriales	d__Archaea;p__Methanobacteriota;c__Methanobacteria;o__Methanobacteriales;f__Methanobacteriaceae;g__Methanobrevibacter;s__Methanobrevibacter sp017404125	methanogen
GCA_017407115.1	p__Methanobacteriota	o__Methanobacteriales	d__Archaea;p__Methanobacteriota;c__Methanobacteria;o__Methanobacteriales;f__Methanobacteriaceae;g__Methanocatella;s__Methanocatella sp017407115	methanogen
GCA_017408885.1	p__Halobacteriota	o__Methanomicrobiales	d__Archaea;p__Halobacteriota;c__Methanomicrobia;o__Methanomicrobiales;f__Methanocorpusculaceae;g__Methanocorpusculum;s__Methanocorpusculum sp017408885	methanogen
GCA_017412625.1	p__Halobacteriota	o__Methanomicrobiales	d__Archaea;p__Halobacteriota;c__Methanomicrobia;o__Methanomicrobiales;f__Methanomicrobiaceae;g__Methanomicrobium;s__Methanomicrobium sp017412625	methanogen
GCA_017434525.1	p__Methanobacteriota	o__Methanobacteriales	d__Archaea;p__Methanobacteriota;c__Methanobacteria;o__Methanobacteriales;f__Methanobacteriaceae;g__Methanocatella;s__Methanocatella sp017434525	methanogen
GCA_017434555.1	p__Methanobacteriota	o__Methanobacteriales	d__Archaea;p__Methanobacteriota;c__Methanobacteria;o__Methanobacteriales;f__Methanobacteriaceae;g__Methanocatella;s__Methanocatella sp017434555	methanogen
GCA_017455785.1	p__Thermoplasmatota	o__Methanomassiliicoccales	d__Archaea;p__Thermoplasmatota;c__Thermoplasmata;o__Methanomassiliicoccales;f__Methanomethylophilaceae;g__Methanarcanum;s__Methanarcanum sp017455785	methanogen
GCA_017459665.1	p__Methanobacteriota	o__Methanobacteriales	d__Archaea;p__Methanobacteriota;c__Methanobacteria;o__Methanobacteriales;f__Methanobacteriaceae;g__Methanocatella;s__Methanocatella sp017459665	methanogen
GCA_017460025.1	p__Methanobacteriota	o__Methanobacteriales	d__Archaea;p__Methanobacteriota;c__Methanobacteria;o__Methanobacteriales;f__Methanobacteriaceae;g__Methanocatella;s__Methanocatella sp017460025	methanogen
GCA_017461225.1	p__Thermoplasmatota	o__Methanomassiliicoccales	d__Archaea;p__Thermoplasmatota;c__Thermoplasmata;o__Methanomassiliicoccales;f__Methanomethylophilaceae;g__Methanoprimaticola;s__Methanoprimaticola sp017461225	methanogen
GCA_017468935.1	p__Thermoplasmatota	o__Methanomassiliicoccales	d__Archaea;p__Thermoplasmatota;c__Thermoplasmata;o__Methanomassiliicoccales;f__Methanomethylophilaceae;g__Methanoprimaticola;s__Methanoprimaticola sp017468935	methanogen
GCA_017473945.1	p__Methanobacteriota	o__Methanobacteriales	d__Archaea;p__Methanobacteriota;c__Methanobacteria;o__Methanobacteriales;f__Methanobacteriaceae;g__Methanocatella;s__Methanocatella sp017473945	methanogen
GCA_017475875.1	p__Thermoplasmatota	o__Methanomassiliicoccales	d__Archaea;p__Thermoplasmatota;c__Thermoplasmata;o__Methanomassiliicoccales;f__Methanomethylophilaceae;g__Methanoprimaticola;s__Methanoprimaticola sp017475875	methanogen
GCA_017507885.1	p__Thermoplasmatota	o__Methanomassiliicoccales	d__Archaea;p__Thermoplasmatota;c__Thermoplasmata;o__Methanomassiliicoccales;f__Methanomethylophilaceae;g__Methanoprimaticola;s__Methanoprimaticola sp017507885	methanogen
GCA_017508065.1	p__Thermoplasmatota	o__Methanomassiliicoccales	d__Archaea;p__Thermoplasmatota;c__Thermoplasmata;o__Methanomassiliicoccales;f__Methanomethylophilaceae;g__SIG5;s__SIG5 sp017508065	methanogen
GCA_017519045.1	p__Thermoplasmatota	o__Methanomassiliicoccales	d__Archaea;p__Thermoplasmatota;c__Thermoplasmata;o__Methanomassiliicoccales;f__Methanomethylophilaceae;g__Methanoprimaticola;s__Methanoprimaticola sp017519045	methanogen
GCA_017524805.1	p__Thermoplasmatota	o__Methanomassiliicoccales	d__Archaea;p__Thermoplasmatota;c__Thermoplasmata;o__Methanomassiliicoccales;f__Methanomethylophilaceae;g__Methanoprimaticola;s__Methanoprimaticola sp017524805	methanogen
GCA_017540825.1	p__Thermoplasmatota	o__Methanomassiliicoccales	d__Archaea;p__Thermoplasmatota;c__Thermoplasmata;o__Methanomassiliicoccales;f__Methanomethylophilaceae;g__Methanoprimaticola;s__Methanoprimaticola sp017540825	methanogen
GCA_017553245.1	p__Halobacteriota	o__Methanomicrobiales	d__Archaea;p__Halobacteriota;c__Methanomicrobia;o__Methanomicrobiales;f__Methanomicrobiaceae;g__Methanomicrobium;s__Methanomicrobium sp017553245	methanogen
GCA_017553445.1	p__Methanobacteriota	o__Methanobacteriales	d__Archaea;p__Methanobacteriota;c__Methanobacteria;o__Methanobacteriales;f__Methanobacteriaceae;g__Methanocatella;s__Methanocatella sp017553445	methanogen
GCA_017555685.1	p__Halobacteriota	o__Methanomicrobiales	d__Archaea;p__Halobacteriota;c__Methanomicrobia;o__Methanomicrobiales;f__Methanocorpusculaceae;g__Methanocorpusculum;s__Methanocorpusculum sp017555685	methanogen
GCA_017613335.1	p__Halobacteriota	o__Methanosarcinales	d__Archaea;p__Halobacteriota;c__Methanosarcinia;o__Methanosarcinales;f__Methanosarcinaceae;g__Methanofrustulum;s__Methanofrustulum sp017613335	methanogen
GCA_017616575.1	p__Thermoplasmatota	o__Methanomassiliicoccales	d__Archaea;p__Thermoplasmatota;c__Thermoplasmata;o__Methanomassiliicoccales;f__Methanomethylophilaceae;g__Methanoprimaticola;s__Methanoprimaticola sp017616575	methanogen
GCA_017622255.1	p__Halobacteriota	o__Methanomicrobiales	d__Archaea;p__Halobacteriota;c__Methanomicrobia;o__Methanomicrobiales;f__Methanocorpusculaceae;g__Methanocorpusculum;s__Methanocorpusculum sp017622255	methanogen
GCA_017883485.1	p__Halobacteriota	o__Methanosarcinales	d__Archaea;p__Halobacteriota;c__Methanosarcinia;o__Methanosarcinales;f__Methanosarcinaceae;g__Methanosarcina;s__Methanosarcina sp017883485	methanogen
GCA_017883495.1	p__Halobacteriota	o__Methanomicrobiales	d__Archaea;p__Halobacteriota;c__Methanomicrobia;o__Methanomicrobiales;f__Methanospirillaceae;g__UBA288;s__UBA288 sp017883495	methanogen
GCA_017883605.1	p__Methanobacteriota	o__Methanobacteriales	d__Archaea;p__Methanobacteriota;c__Methanobacteria;o__Methanobacteriales;f__Methanobacteriaceae;g__Methanobacterium_A;s__Methanobacterium_A sp017883605	methanogen
GCA_017935945.1	p__Thermoplasmatota	o__Methanomassiliicoccales	d__Archaea;p__Thermoplasmatota;c__Thermoplasmata;o__Methanomassiliicoccales;f__Methanomethylophilaceae;g__Methanoprimaticola;s__Methanoprimaticola sp017935945	methanogen
GCA_017994055.1	p__Halobacteriota	o__Methanotrichales	d__Archaea;p__Halobacteriota;c__Methanosarcinia;o__Methanotrichales;f__Methanotrichaceae;g__Methanothrix;s__Methanothrix sp017994055	methanogen
GCA_017994915.1	p__Halobacteriota	o__Methanomicrobiales	d__Archaea;p__Halobacteriota;c__Methanomicrobia;o__Methanomicrobiales;f__Methanoculleaceae;g__Methanoculleus;s__Methanoculleus sp001896715	methanogen
GCA_018052825.1	p__Halobacteriota	o__Methanotrichales	d__Archaea;p__Halobacteriota;c__Methanosarcinia;o__Methanotrichales;f__Methanotrichaceae;g__Methanothrix;s__Methanothrix sp018052825	methanogen
GCA_018065685.1	p__Halobacteriota	o__Methanomicrobiales	d__Archaea;p__Halobacteriota;c__Methanomicrobia;o__Methanomicrobiales;f__Methanocorpusculaceae;g__Methanocorpusculum;s__Methanocorpusculum equi	methanogen
GCA_018262855.1	p__Halobacteriota	o__Methanomicrobiales	d__Archaea;p__Halobacteriota;c__Methanomicrobia;o__Methanomicrobiales;f__Methanospirillaceae;g__Methanolinea_A;s__Methanolinea_A sp018262855	methanogen
GCA_018262895.1	p__Thermoplasmatota	o__Methanomassiliicoccales	d__Archaea;p__Thermoplasmatota;c__Thermoplasmata;o__Methanomassiliicoccales;f__Methanomassiliicoccaceae;g__UBA6;s__UBA6 sp018262895	methanogen
GCA_018263005.1	p__Methanobacteriota	o__Methanobacteriales	d__Archaea;p__Methanobacteriota;c__Methanobacteria;o__Methanobacteriales;f__Methanobacteriaceae;g__Methanobacterium_A;s__Methanobacterium_A sp018263005	methanogen
GCA_018263335.1	p__Halobacteriota	o__Methanomicrobiales	d__Archaea;p__Halobacteriota;c__Methanomicrobia;o__Methanomicrobiales;f__Methanospirillaceae;g__Methanolinea_A;s__Methanolinea_A sp002067155	methanogen
GCA_018883755.1	p__Halobacteriota	o__Methanomicrobiales	d__Archaea;p__Halobacteriota;c__Methanomicrobia;o__Methanomicrobiales;f__Methanocorpusculaceae;g__Methanocorpusculum;s__Methanocorpusculum faecipullorum	methanogen
GCA_018900975.1	p__Halobacteriota	o__Methanosarcinales	d__Archaea;p__Halobacteriota;c__Methanosarcinia;o__Methanosarcinales;f__Methanoperedenaceae;g__Methanoperedens;s__Methanoperedens sp018900975	methanogen
GCA_018992565.1	p__Methanobacteriota_B	o__Methanofastidiosales	d__Archaea;p__Methanobacteriota_B;c__Thermococci;o__Methanofastidiosales;f__SZ-28-30;g__SZ-28-30;s__SZ-28-30 sp018992565	methanogen
GCA_018992685.1	p__Methanobacteriota_B	o__Methanofastidiosales	d__Archaea;p__Methanobacteriota_B;c__Thermococci;o__Methanofastidiosales;f__SZ-28-30;g__SZ-28-30;s__SZ-28-30 sp018992685	methanogen
GCA_019084405.1	p__Methanobacteriota	o__Methanobacteriales	d__Archaea;p__Methanobacteriota;c__Methanobacteria;o__Methanobacteriales;f__Methanobacteriaceae;g__Methanobacterium_F;s__Methanobacterium_F sp019084405	methanogen
GCA_019136335.1	p__Halobacteriota	o__Methanomicrobiales	d__Archaea;p__Halobacteriota;c__Methanomicrobia;o__Methanomicrobiales;f__Methanoculleaceae;g__Methanoculleus;s__Methanoculleus sp019136335	methanogen
GCA_019262145.1	p__Thermoplasmatota	o__Methanomassiliicoccales	d__Archaea;p__Thermoplasmatota;c__Thermoplasmata;o__Methanomassiliicoccales;f__Methanomethylophilaceae;g__Methanogranum;s__Methanogranum gryphiswaldense	methanogen
GCA_019429165.1	p__Halobacteriota	o__Methanosarcinales	d__Archaea;p__Halobacteriota;c__Methanosarcinia;o__Methanosarcinales;f__Methanosarcinaceae;g__DQIP01;s__DQIP01 sp019429165	methanogen
GCA_019429385.1	p__Halobacteriota	o__Methanosarcinales	d__Archaea;p__Halobacteriota;c__Methanosarcinia;o__Methanosarcinales;f__Methanocomedenaceae;g__QBUR01;s__QBUR01 sp019429385	methanogen
GCA_019561555.1	p__Methanobacteriota	o__Methanococcales	d__Archaea;p__Methanobacteriota;c__Methanococci;o__Methanococcales;f__Methanococcaceae;g__Methanofervidicoccus;s__Methanofervidicoccus sp019561555	methanogen
GCA_019561565.1	p__Methanobacteriota	o__Methanococcales	d__Archaea;p__Methanobacteriota;c__Methanococci;o__Methanococcales;f__Methanococcaceae;g__Methanofervidicoccus;s__Methanofervidicoccus sp019561565	methanogen
GCA_019561615.1	p__Methanobacteriota	o__Methanococcales	d__Archaea;p__Methanobacteriota;c__Methanococci;o__Methanococcales;f__Methanococcaceae;g__Methanofervidicoccus;s__Methanofervidicoccus sp019561615	methanogen
GCA_019695435.1	p__Halobacteriota	o__Methanomicrobiales	d__Archaea;p__Halobacteriota;c__Methanomicrobia;o__Methanomicrobiales;f__Methanospirillaceae;g__Methanoregula;s__Methanoregula sp019695435	methanogen
GCA_020055655.1	p__Halobacteriota	o__Methanosarcinales	d__Archaea;p__Halobacteriota;c__Methanosarcinia;o__Methanosarcinales;f__Methanosarcinaceae;g__Methanolobus;s__Methanolobus sp020055655	methanogen
GCA_020724545.1	p__Halobacteriota	o__Methanosarcinales	d__Archaea;p__Halobacteriota;c__Methanosarcinia;o__Methanosarcinales;f__Methanoperedenaceae;g__Methanoperedens;s__Methanoperedens nitroreducens_B	methanogen
GCA_020725985.1	p__Thermoplasmatota	o__Methanomassiliicoccales	d__Archaea;p__Thermoplasmatota;c__Thermoplasmata;o__Methanomassiliicoccales;f__JACIVX01;g__DYTM01;s__DYTM01 sp020725985	methanogen
GCA_020793555.1	p__Halobacteriota	o__Methanosarcinales	d__Archaea;p__Halobacteriota;c__Methanosarcinia;o__Methanosarcinales;f__Methanosarcinaceae;g__DQIP01;s__DQIP01 sp020793555	methanogen
GCA_020793565.1	p__Halobacteriota	o__Methanosarcinales	d__Archaea;p__Halobacteriota;c__Methanosarcinia;o__Methanosarcinales;f__Methanosarcinaceae;g__DQIP01;s__DQIP01 sp020793565	methanogen
GCA_020832905.1	p__Thermoproteota	o__Methanomethylicales	d__Archaea;p__Thermoproteota;c__Methanomethylicia;o__Methanomethylicales;f__Methanomethylicaceae;g__WYZ-LMO11;s__WYZ-LMO11 sp020832905	methanogen
GCA_020844795.1	p__Halobacteriota	o__Methanotrichales	d__Archaea;p__Halobacteriota;c__Methanosarcinia;o__Methanotrichales;f__Methanotrichaceae;g__Methanocrinis;s__Methanocrinis sp020844795	methanogen
GCA_020854755.1	p__Halobacteriota	o__Methanomicrobiales	d__Archaea;p__Halobacteriota;c__Methanomicrobia;o__Methanomicrobiales;f__Methanoculleaceae;g__JAHKLN01;s__JAHKLN01 sp020854755	methanogen
GCA_020854785.1	p__Halobacteriota	o__Methanosarcinales	d__Archaea;p__Halobacteriota;c__Methanosarcinia;o__Methanosarcinales;f__Methanosarcinaceae;g__Methanomethylovorans;s__Methanomethylovorans sp020854785	methanogen
GCA_020854815.1	p__Methanobacteriota_B	o__Methanofastidiosales	d__Archaea;p__Methanobacteriota_B;c__Thermococci;o__Methanofastidiosales;f__Methanofastidiosaceae;g__Methanofastidiosum;s__Methanofastidiosum sp020854815	methanogen
GCA_020854915.1	p__Methanobacteriota	o__Methanobacteriales	d__Archaea;p__Methanobacteriota;c__Methanobacteria;o__Methanobacteriales;f__Methanobacteriaceae;g__JAHKLT01;s__JAHKLT01 sp020854915	methanogen
GCA_020854925.1	p__Methanobacteriota_B	o__Methanofastidiosales	d__Archaea;p__Methanobacteriota_B;c__Thermococci;o__Methanofastidiosales;f__NM3;g__JAHKLV01;s__JAHKLV01 sp020854925	methanogen
GCA_020855015.1	p__Methanobacteriota	o__Methanobacteriales	d__Archaea;p__Methanobacteriota;c__Methanobacteria;o__Methanobacteriales;f__Methanobacteriaceae;g__Methanobacterium;s__Methanobacterium sp020855015	methanogen
GCA_021106765.1	p__Halobacteriota	o__Methanosarcinales	d__Archaea;p__Halobacteriota;c__Methanosarcinia;o__Methanosarcinales;f__Methanosarcinaceae;g__JAIOTO01;s__JAIOTO01 sp021106765	methanogen
GCA_021108185.1	p__Halobacteriota	o__Methanosarcinales	d__Archaea;p__Halobacteriota;c__Methanosarcinia;o__Methanosarcinales;f__Methanosarcinaceae;g__Methanococcoides;s__Methanococcoides sp021108185	methanogen
GCA_021108275.1	p__Halobacteriota	o__Methanosarcinales	d__Archaea;p__Halobacteriota;c__Methanosarcinia;o__Methanosarcinales;f__Methanosarcinaceae;g__Methanococcoides;s__Methanococcoides sp021108275	methanogen
GCA_021108405.1	p__Halobacteriota	o__Methanosarcinales	d__Archaea;p__Halobacteriota;c__Methanosarcinia;o__Methanosarcinales;f__Methanocomedenaceae;g__Methanomarinus;s__Methanomarinus sp021108405	methanogen
GCA_021159325.1	p__Methanobacteriota_B	o__Methanofastidiosales	d__Archaea;p__Methanobacteriota_B;c__Thermococci;o__Methanofastidiosales;f__B48-G16;g__B48-G16;s__B48-G16 sp021159325	methanogen
GCA_021159385.1	p__Halobacteriota	o__Methanosarcinales	d__Archaea;p__Halobacteriota;c__Methanosarcinia;o__Methanosarcinales;f__Methanogasteraceae;g__Methanogaster_C;s__Methanogaster_C sp021159385	methanogen
GCA_021160575.1	p__Thermoproteota	o__Methanomethylicales	d__Archaea;p__Thermoproteota;c__Methanomethylicia;o__Methanomethylicales;f__JAGHCH01;g__JAGHCH01;s__JAGHCH01 sp021160575	methanogen
GCA_021199865.1	p__Methanobacteriota	o__Methanobacteriales	d__Archaea;p__Methanobacteriota;c__Methanobacteria;o__Methanobacteriales;f__Methanobacteriaceae;g__Methanosphaera;s__Methanosphaera sp021199865	methanogen
GCA_021371995.1	p__Halobacteriota	o__Methanomicrobiales	d__Archaea;p__Halobacteriota;c__Methanomicrobia;o__Methanomicrobiales;f__Methanospirillaceae;g__UBA9949;s__UBA9949 sp021371995	methanogen
GCA_021372315.1	p__Thermoplasmatota	o__Methanomassiliicoccales	d__Archaea;p__Thermoplasmatota;c__Thermoplasmata;o__Methanomassiliicoccales;f__UBA472;g__MVRC01;s__MVRC01 sp021372315	methanogen
GCA_021372335.1	p__Thermoplasmatota	o__Methanomassiliicoccales	d__Archaea;p__Thermoplasmatota;c__Thermoplasmata;o__Methanomassiliicoccales;f__UBA472;g__UBA472;s__UBA472 sp021372335	methanogen
GCA_021372715.1	p__Methanobacteriota	o__Methanobacteriales	d__Archaea;p__Methanobacteriota;c__Methanobacteria;o__Methanobacteriales;f__Methanobacteriaceae;g__Methanobacterium_A;s__Methanobacterium_A sp021372715	methanogen
GCA_021409285.1	p__Halobacteriota	o__Methanosarcinales	d__Archaea;p__Halobacteriota;c__Methanosarcinia;o__Methanosarcinales;f__Methanoperedenaceae;g__Methanoperedens;s__Methanoperedens sp021409285	methanogen
GCA_021442885.1	p__Methanobacteriota	o__Methanobacteriales	d__Archaea;p__Methanobacteriota;c__Methanobacteria;o__Methanobacteriales;f__Methanobacteriaceae;g__Methanocatella;s__Methanocatella sp021442885	methanogen
GCA_021767785.1	p__Halobacteriota	o__Methanosarcinales	d__Archaea;p__Halobacteriota;c__Methanosarcinia;o__Methanosarcinales;f__Methanosarcinaceae;g__Methanolobus;s__Methanolobus sp021767785	methanogen
GCA_022353185.1	p__Halobacteriota	o__Methanosarcinales	d__Archaea;p__Halobacteriota;c__Methanosarcinia;o__Methanosarcinales;f__Methanocomedenaceae;g__QBUR01;s__QBUR01 sp022353185	methanogen
GCA_022710385.1	p__Halobacteriota	o__Methanomicrobiales	d__Archaea;p__Halobacteriota;c__Methanomicrobia;o__Methanomicrobiales;f__Methanospirillaceae;g__UBA9949;s__UBA9949 sp022710385	methanogen
GCA_022710665.1	p__Halobacteriota	o__Methanomicrobiales	d__Archaea;p__Halobacteriota;c__Methanomicrobia;o__Methanomicrobiales;f__Methanospirillaceae;g__Methanoregula;s__Methanoregula sp022710665	methanogen
GCA_022711635.1	p__Halobacteriota	o__Methanomicrobiales	d__Archaea;p__Halobacteriota;c__Methanomicrobia;o__Methanomicrobiales;f__Methanospirillaceae;g__MVRE01;s__MVRE01 sp022711635	methanogen
GCA_022775905.1	p__Methanobacteriota	o__Methanobacteriales	d__Archaea;p__Methanobacteriota;c__Methanobacteria;o__Methanobacteriales;f__Methanobacteriaceae;g__Methanocatella;s__Methanocatella sp022775905	methanogen
GCA_022837745.1	p__Halobacteriota	o__Methanomicrobiales	d__Archaea;p__Halobacteriota;c__Methanomicrobia;o__Methanomicrobiales;f__Methanoculleaceae;g__Methanoculleus;s__Methanoculleus sp022837745	methanogen
GCA_022841205.1	p__Halobacteriota	o__Methanomicrobiales	d__Archaea;p__Halobacteriota;c__Methanomicrobia;o__Methanomicrobiales;f__Methanospirillaceae;g__UBA9949;s__UBA9949 sp022841205	methanogen
GCA_022865315.1	p__Halobacteriota	o__Methanotrichales	d__Archaea;p__Halobacteriota;c__Methanosarcinia;o__Methanotrichales;f__Methanotrichaceae;g__JALHSR01;s__JALHSR01 sp022865315	methanogen
GCA_023133315.1	p__Methanobacteriota_B	o__Methanofastidiosales	d__Archaea;p__Methanobacteriota_B;c__Thermococci;o__Methanofastidiosales;f__B48-G16;g__B48-G16;s__B48-G16 sp023133315	methanogen
GCA_023136155.1	p__Halobacteriota	o__Methanosarcinales	d__Archaea;p__Halobacteriota;c__Methanosarcinia;o__Methanosarcinales;f__Methanocomedenaceae;g__QBUR01;s__QBUR01 sp023136155	methanogen
GCA_023228295.1	p__Halobacteriota	o__Methanomicrobiales	d__Archaea;p__Halobacteriota;c__Methanomicrobia;o__Methanomicrobiales;f__Methanospirillaceae;g__Methanoregula;s__Methanoregula sp023228295	methanogen
GCA_023229165.1	p__Halobacteriota	o__Methanotrichales	d__Archaea;p__Halobacteriota;c__Methanosarcinia;o__Methanotrichales;f__Methanotrichaceae;g__Methanothrix;s__Methanothrix sp023229165	methanogen
GCA_023230425.1	p__Halobacteriota	o__Methanomicrobiales	d__Archaea;p__Halobacteriota;c__Methanomicrobia;o__Methanomicrobiales;f__Methanoculleaceae;g__Methanoculleus;s__Methanoculleus sp023230425	methanogen
GCA_023249105.1	p__Halobacteriota	o__Methanosarcinales	d__Archaea;p__Halobacteriota;c__Methanosarcinia;o__Methanosarcinales;f__Methanoperedenaceae;g__Methanoperedens;s__Methanoperedens sp023249105	methanogen
GCA_023249275.1	p__Halobacteriota	o__Methanosarcinales	d__Archaea;p__Halobacteriota;c__Methanosarcinia;o__Methanosarcinales;f__Methanoperedenaceae;g__Methanoperedens;s__Methanoperedens sp023249275	methanogen
GCA_023249725.1	p__Methanobacteriota	o__Methanobacteriales	d__Archaea;p__Methanobacteriota;c__Methanobacteria;o__Methanobacteriales;f__Methanobacteriaceae;g__UBA349;s__UBA349 sp023249725	methanogen
GCA_023393455.1	p__Halobacteriota	o__Methanomicrobiales	d__Archaea;p__Halobacteriota;c__Methanomicrobia;o__Methanomicrobiales;f__Methanoculleaceae;g__Methanoculleus;s__Methanoculleus sp023393455	methanogen
GCA_023396065.1	p__Halobacteriota	o__Methanomicrobiales	d__Archaea;p__Halobacteriota;c__Methanomicrobia;o__Methanomicrobiales;f__Methanocorpusculaceae;g__Methanocorpusculum;s__Methanocorpusculum sp023396065	methanogen
GCA_023396365.1	p__Halobacteriota	o__Methanomicrobiales	d__Archaea;p__Halobacteriota;c__Methanomicrobia;o__Methanomicrobiales;f__Methanomicrobiaceae;g__Methanomicrobium;s__Methanomicrobium sp023396365	methanogen
GCA_023399215.1	p__Halobacteriota	o__Methanosarcinales	d__Archaea;p__Halobacteriota;c__Methanosarcinia;o__Methanosarcinales;f__Methanosarcinaceae;g__Methanosarcina;s__Methanosarcina sp023399215	methanogen
GCA_023402275.1	p__Thermoplasmatota	o__Methanomassiliicoccales	d__Archaea;p__Thermoplasmatota;c__Thermoplasmata;o__Methanomassiliicoccales;f__Methanomethylophilaceae;g__Methanoplasma;s__Methanoplasma sp023402275	methanogen
GCA_023409695.1	p__Methanobacteriota	o__Methanobacteriales	d__Archaea;p__Methanobacteriota;c__Methanobacteria;o__Methanobacteriales;f__Methanobacteriaceae;g__Methanobacterium_D;s__Methanobacterium_D sp023409695	methanogen
GCA_023411115.1	p__Methanobacteriota	o__Methanobacteriales	d__Archaea;p__Methanobacteriota;c__Methanobacteria;o__Methanobacteriales;f__Methanobacteriaceae;g__Methanobacterium_D;s__Methanobacterium_D sp023411115	methanogen
GCA_023430285.1	p__Methanobacteriota	o__Methanobacteriales	d__Archaea;p__Methanobacteriota;c__Methanobacteria;o__Methanobacteriales;f__Methanobacteriaceae;g__Methanobacterium_B;s__Methanobacterium_B sp023430285	methanogen
GCA_023434825.1	p__Methanobacteriota	o__Methanobacteriales	d__Archaea;p__Methanobacteriota;c__Methanobacteria;o__Methanobacteriales;f__Methanobacteriaceae;g__Methanobacterium_D;s__Methanobacterium_D sp023434825	methanogen
GCA_023436075.1	p__Halobacteriota	o__Methanocellales	d__Archaea;p__Halobacteriota;c__Methanocellia;o__Methanocellales;f__Methanocellaceae;g__Methanocella_A;s__Methanocella_A sp023436075	methanogen
GCA_023436175.1	p__Methanobacteriota	o__Methanobacteriales	d__Archaea;p__Methanobacteriota;c__Methanobacteria;o__Methanobacteriales;f__Methanobacteriaceae;g__Methanobacterium_D;s__Methanobacterium_D sp023436175	methanogen
GCA_023436625.1	p__Halobacteriota	o__Methanomicrobiales	d__Archaea;p__Halobacteriota;c__Methanomicrobia;o__Methanomicrobiales;f__Methanoculleaceae;g__Methanoculleus;s__Methanoculleus sp023436625	methanogen
GCA_023440975.1	p__Methanobacteriota	o__Methanobacteriales	d__Archaea;p__Methanobacteriota;c__Methanobacteria;o__Methanobacteriales;f__Methanobacteriaceae;g__UBA412;s__UBA412 sp023440975	methanogen
GCA_023457135.1	p__Halobacteriota	o__Methanomicrobiales	d__Archaea;p__Halobacteriota;c__Methanomicrobia;o__Methanomicrobiales;f__Methanoculleaceae;g__Methanoculleus;s__Methanoculleus sp023457135	methanogen
GCA_023544495.1	p__Halobacteriota	o__Methanosarcinales	d__Archaea;p__Halobacteriota;c__Methanosarcinia;o__Methanosarcinales;f__Methanocomedenaceae;g__QBUR01;s__QBUR01 sp023544495	methanogen
GCA_023544565.1	p__Halobacteriota	o__Methanosarcinales	d__Archaea;p__Halobacteriota;c__Methanosarcinia;o__Methanosarcinales;f__Methanosarcinaceae;g__DQIP01;s__DQIP01 sp023544565	methanogen
GCA_023544605.1	p__Halobacteriota	o__Methanosarcinales	d__Archaea;p__Halobacteriota;c__Methanosarcinia;o__Methanosarcinales;f__Methanocomedenaceae;g__QBUR01;s__QBUR01 sp023544605	methanogen
GCA_023622545.1	p__Methanobacteriota_B	o__Methanofastidiosales	d__Archaea;p__Methanobacteriota_B;c__Thermococci;o__Methanofastidiosales;f__Methanofastidiosaceae;g__Methanofastidiosum;s__Methanofastidiosum sp023622545	methanogen
GCA_024167805.1	p__Methanobacteriota	o__Methanobacteriales	d__Archaea;p__Methanobacteriota;c__Methanobacteria;o__Methanobacteriales;f__Methanobacteriaceae;g__Methanobacterium_B;s__Methanobacterium_B sp024167805	methanogen
GCA_024278985.1	p__Methanobacteriota	o__Methanococcales	d__Archaea;p__Methanobacteriota;c__Methanococci;o__Methanococcales;f__Methanocaldococcaceae;g__Methanocaldococcus;s__Methanocaldococcus sp024278985	methanogen
GCA_024280975.1	p__Halobacteriota	o__Methanosarcinales	d__Archaea;p__Halobacteriota;c__Methanosarcinia;o__Methanosarcinales;f__Methanosarcinaceae;g__Methanosarcina;s__Methanosarcina sp024280975	methanogen
GCA_024399155.1	p__Thermoplasmatota	o__Methanomassiliicoccales	d__Archaea;p__Thermoplasmatota;c__Thermoplasmata;o__Methanomassiliicoccales;f__Methanomethylophilaceae;g__JAKSHX01;s__JAKSHX01 sp024399155	methanogen
GCA_024399175.1	p__Thermoplasmatota	o__Methanomassiliicoccales	d__Archaea;p__Thermoplasmatota;c__Thermoplasmata;o__Methanomassiliicoccales;f__Methanomethylophilaceae;g__Methanomethylophilus;s__Methanomethylophilus sp024399175	methanogen
GCA_024399195.1	p__Thermoplasmatota	o__Methanomassiliicoccales	d__Archaea;p__Thermoplasmatota;c__Thermoplasmata;o__Methanomassiliicoccales;f__Methanomethylophilaceae;g__Methanomethylophilus;s__Methanomethylophilus sp024399195	methanogen
GCA_024399215.1	p__Thermoplasmatota	o__Methanomassiliicoccales	d__Archaea;p__Thermoplasmatota;c__Thermoplasmata;o__Methanomassiliicoccales;f__Methanomethylophilaceae;g__JAKSHX01;s__JAKSHX01 sp024399215	methanogen
GCA_024399225.1	p__Thermoplasmatota	o__Methanomassiliicoccales	d__Archaea;p__Thermoplasmatota;c__Thermoplasmata;o__Methanomassiliicoccales;f__Methanomethylophilaceae;g__Methanomethylophilus;s__Methanomethylophilus sp024399225	methanogen
GCA_024399275.1	p__Thermoplasmatota	o__Methanomassiliicoccales	d__Archaea;p__Thermoplasmatota;c__Thermoplasmata;o__Methanomassiliicoccales;f__Methanomethylophilaceae;g__JAKSHX01;s__JAKSHX01 sp024399275	methanogen
GCA_024409145.1	p__Methanobacteriota	o__Methanobacteriales	d__Archaea;p__Methanobacteriota;c__Methanobacteria;o__Methanobacteriales;f__Methanobacteriaceae;g__Methanobrevibacter;s__Methanobrevibacter sp024409145	methanogen
GCA_024409165.1	p__Methanobacteriota	o__Methanobacteriales	d__Archaea;p__Methanobacteriota;c__Methanobacteria;o__Methanobacteriales;f__Methanobacteriaceae;g__Methanobrevibacter;s__Methanobrevibacter sp024409165	methanogen
GCA_024409185.1	p__Methanobacteriota	o__Methanobacteriales	d__Archaea;p__Methanobacteriota;c__Methanobacteria;o__Methanobacteriales;f__Methanobacteriaceae;g__Methanobrevibacter;s__Methanobrevibacter sp024409185	methanogen
GCA_024413395.1	p__Methanobacteriota	o__Methanobacteriales	d__Archaea;p__Methanobacteriota;c__Methanobacteria;o__Methanobacteriales;f__Methanobacteriaceae;g__Methanocatella;s__Methanocatella sp024413395	methanogen
GCA_024464195.1	p__Thermoplasmatota	o__Methanomassiliicoccales	d__Archaea;p__Thermoplasmatota;c__Thermoplasmata;o__Methanomassiliicoccales;f__JACIVX01;g__JACIVX01;s__JACIVX01 sp024464195	methanogen
GCA_024464205.1	p__Thermoproteota	o__Methanomethylicales	d__Archaea;p__Thermoproteota;c__Methanomethylicia;o__Methanomethylicales;f__Methanomethylicaceae;g__Methanomethylicus;s__Methanomethylicus sp024464205	methanogen
GCA_024518585.1	p__Halobacteriota	o__Methanomicrobiales	d__Archaea;p__Halobacteriota;c__Methanomicrobia;o__Methanomicrobiales;f__Methanospirillaceae;g__Methanolinea_A;s__Methanolinea_A sp024518585	methanogen
GCA_024689425.1	p__Methanobacteriota	o__Methanobacteriales	d__Archaea;p__Methanobacteriota;c__Methanobacteria;o__Methanobacteriales;f__Methanobacteriaceae;g__Methanocatella;s__Methanocatella sp024689425	methanogen
GCA_025057955.1	p__Thermoproteota	o__Methanomethylicales	d__Archaea;p__Thermoproteota;c__Methanomethylicia;o__Methanomethylicales;f__Methanomethylicaceae;g__JANXER01;s__JANXER01 sp025057955	methanogen
GCA_025350045.1	p__Halobacteriota	o__Methanomicrobiales	d__Archaea;p__Halobacteriota;c__Methanomicrobia;o__Methanomicrobiales;f__Methanospirillaceae;g__Methanoregula;s__Methanoregula sp025350045	methanogen
GCA_025358115.1	p__Halobacteriota	o__Methanomicrobiales	d__Archaea;p__Halobacteriota;c__Methanomicrobia;o__Methanomicrobiales;f__Methanospirillaceae;g__Methanoregula;s__Methanoregula sp025358115	methanogen
GCA_025360805.1	p__Halobacteriota	o__Methanomicrobiales	d__Archaea;p__Halobacteriota;c__Methanomicrobia;o__Methanomicrobiales;f__Methanospirillaceae;g__Methanoregula;s__Methanoregula sp025360805	methanogen
GCA_025361645.1	p__Halobacteriota	o__Methanotrichales	d__Archaea;p__Halobacteriota;c__Methanosarcinia;o__Methanotrichales;f__Methanotrichaceae;g__Methanothrix;s__Methanothrix sp025361645	methanogen
GCA_025453675.1	p__Halobacteriota	o__Methanomicrobiales	d__Archaea;p__Halobacteriota;c__Methanomicrobia;o__Methanomicrobiales;f__Methanospirillaceae;g__Methanolinea_A;s__Methanolinea_A sp025453675	methanogen
GCA_025453715.1	p__Halobacteriota	o__Methanomicrobiales	d__Archaea;p__Halobacteriota;c__Methanomicrobia;o__Methanomicrobiales;f__Methanospirillaceae;g__CAIKOD01;s__CAIKOD01 sp025453715	methanogen
GCA_025457905.1	p__Thermoplasmatota	o__Methanomassiliicoccales	d__Archaea;p__Thermoplasmatota;c__Thermoplasmata;o__Methanomassiliicoccales;f__UBA472;g__JAJRAN01;s__JAJRAN01 sp025457905	methanogen
GCA_026394375.1	p__Thermoplasmatota	o__Methanomassiliicoccales	d__Archaea;p__Thermoplasmatota;c__Thermoplasmata;o__Methanomassiliicoccales;f__UBA472;g__JAJRAL01;s__JAJRAL01 sp026394375	methanogen
GCA_026394395.1	p__Thermoplasmatota	o__Methanomassiliicoccales	d__Archaea;p__Thermoplasmatota;c__Thermoplasmata;o__Methanomassiliicoccales;f__UBA472;g__UBA472;s__UBA472 sp026394395	methanogen
GCA_026394475.1	p__Halobacteriota	o__Methanotrichales	d__Archaea;p__Halobacteriota;c__Methanosarcinia;o__Methanotrichales;f__Methanotrichaceae;g__Methanothrix;s__Methanothrix sp026394475	methanogen
GCA_026394505.1	p__Halobacteriota	o__Methanotrichales	d__Archaea;p__Halobacteriota;c__Methanosarcinia;o__Methanotrichales;f__Methanotrichaceae;g__Methanothrix;s__Methanothrix sp026394505	methanogen
GCA_026394555.1	p__Halobacteriota	o__Methanotrichales	d__Archaea;p__Halobacteriota;c__Methanosarcinia;o__Methanotrichales;f__Methanotrichaceae;g__Methanothrix;s__Methanothrix sp026394555	methanogen
GCA_026394565.1	p__Halobacteriota	o__Methanotrichales	d__Archaea;p__Halobacteriota;c__Methanosarcinia;o__Methanotrichales;f__Methanotrichaceae;g__Methanothrix;s__Methanothrix sp026394565	methanogen
GCA_026394595.1	p__Halobacteriota	o__Methanomicrobiales	d__Archaea;p__Halobacteriota;c__Methanomicrobia;o__Methanomicrobiales;f__Methanospirillaceae;g__MVRE01;s__MVRE01 sp026394595	methanogen
GCA_026394605.1	p__Halobacteriota	o__Methanomicrobiales	d__Archaea;p__Halobacteriota;c__Methanomicrobia;o__Methanomicrobiales;f__Methanospirillaceae;g__MVRE01;s__MVRE01 sp026394605	methanogen
GCA_026394635.1	p__Halobacteriota	o__Methanomicrobiales	d__Archaea;p__Halobacteriota;c__Methanomicrobia;o__Methanomicrobiales;f__Methanospirillaceae;g__MVRE01;s__MVRE01 sp026394635	methanogen
GCA_026394655.1	p__Halobacteriota	o__Methanomicrobiales	d__Archaea;p__Halobacteriota;c__Methanomicrobia;o__Methanomicrobiales;f__Methanospirillaceae;g__Methanoregula;s__Methanoregula sp026394655	methanogen
GCA_026394695.1	p__Halobacteriota	o__Methanomicrobiales	d__Archaea;p__Halobacteriota;c__Methanomicrobia;o__Methanomicrobiales;f__Methanospirillaceae;g__Methanoregula;s__Methanoregula sp026394695	methanogen
GCA_026394715.1	p__Halobacteriota	o__Methanomicrobiales	d__Archaea;p__Halobacteriota;c__Methanomicrobia;o__Methanomicrobiales;f__Methanospirillaceae;g__CAIKOD01;s__CAIKOD01 sp026394715	methanogen
GCA_026394765.1	p__Halobacteriota	o__Methanomicrobiales	d__Archaea;p__Halobacteriota;c__Methanomicrobia;o__Methanomicrobiales;f__Methanospirillaceae;g__JAPKXQ01;s__JAPKXQ01 sp026394765	methanogen
GCA_026414165.1	p__Thermoproteota	o__Methanomethylicales	d__Archaea;p__Thermoproteota;c__Methanomethylicia;o__Methanomethylicales;f__Methanomethylicaceae;g__WYZ-LMO10;s__WYZ-LMO10 sp026414165	methanogen
GCA_026419855.1	p__Halobacteriota	o__Methanotrichales	d__Archaea;p__Halobacteriota;c__Methanosarcinia;o__Methanotrichales;f__Methanotrichaceae;g__Methanothrix_B;s__Methanothrix_B sp026419855	methanogen
GCA_026552855.1	p__Halobacteriota	o__Methanosarcinales	d__Archaea;p__Halobacteriota;c__Methanosarcinia;o__Methanosarcinales;f__Methanoperedenaceae;g__Methanoperedens;s__Methanoperedens sp026552855	methanogen
GCA_026552955.1	p__Halobacteriota	o__Methanosarcinales	d__Archaea;p__Halobacteriota;c__Methanosarcinia;o__Methanosarcinales;f__Methanoperedenaceae;g__Methanoperedens;s__Methanoperedens sp026552955	methanogen
GCA_026552975.1	p__Halobacteriota	o__Methanosarcinales	d__Archaea;p__Halobacteriota;c__Methanosarcinia;o__Methanosarcinales;f__Methanoperedenaceae;g__Methanoperedens;s__Methanoperedens sp026552975	methanogen
GCA_026625165.1	p__Halobacteriota	o__Methanomicrobiales	d__Archaea;p__Halobacteriota;c__Methanomicrobia;o__Methanomicrobiales;f__Methanospirillaceae;g__MVRE01;s__MVRE01 sp026625165	methanogen
GCA_027023665.1	p__Methanobacteriota	o__Methanococcales	d__Archaea;p__Methanobacteriota;c__Methanococci;o__Methanococcales;f__Methanocaldococcaceae;g__Methanocaldococcus;s__Methanocaldococcus sp027023665	methanogen
GCA_027064305.1	p__Methanobacteriota	o__Methanopyrales	d__Archaea;p__Methanobacteriota;c__Methanopyri;o__Methanopyrales;f__Methanopyraceae;g__Methanopyrus;s__Methanopyrus sp027064305	methanogen
GCA_027064425.1	p__Methanobacteriota	o__Methanopyrales	d__Archaea;p__Methanobacteriota;c__Methanopyri;o__Methanopyrales;f__Methanopyraceae;g__Methanopyrus;s__Methanopyrus sp027064425	methanogen
GCA_027068365.1	p__Methanobacteriota	o__Methanococcales	d__Archaea;p__Methanobacteriota;c__Methanococci;o__Methanococcales;f__Methanocaldococcaceae;g__Methanocaldococcus;s__Methanocaldococcus sp027068365	methanogen
GCA_027318585.1	p__Methanobacteriota	o__Methanobacteriales	d__Archaea;p__Methanobacteriota;c__Methanobacteria;o__Methanobacteriales;f__Methanobacteriaceae;g__Methanobacterium;s__Methanobacterium sp027318585	methanogen
GCA_027371625.1	p__Halobacteriota	o__Methanosarcinales	d__Archaea;p__Halobacteriota;c__Methanosarcinia;o__Methanosarcinales;f__Methanoperedenaceae;g__Methanoperedens;s__Methanoperedens sp027371625	methanogen
GCA_027460465.1	p__Halobacteriota	o__Methanosarcinales	d__Archaea;p__Halobacteriota;c__Methanosarcinia;o__Methanosarcinales;f__Methanoperedenaceae;g__Methanoperedens;s__Methanoperedens sp027460465	methanogen
GCA_027460525.1	p__Halobacteriota	o__Methanosarcinales	d__Archaea;p__Halobacteriota;c__Methanosarcinia;o__Methanosarcinales;f__Methanoperedenaceae;g__Methanoperedens;s__Methanoperedens sp027460525	methanogen
GCA_027460535.1	p__Halobacteriota	o__Methanosarcinales	d__Archaea;p__Halobacteriota;c__Methanosarcinia;o__Methanosarcinales;f__Methanoperedenaceae;g__Methanoperedens;s__Methanoperedens sp027460535	methanogen
GCA_027460585.1	p__Halobacteriota	o__Methanosarcinales	d__Archaea;p__Halobacteriota;c__Methanosarcinia;o__Methanosarcinales;f__Methanoperedenaceae;g__Methanoperedens;s__Methanoperedens sp027460585	methanogen
GCA_027460605.1	p__Halobacteriota	o__Methanosarcinales	d__Archaea;p__Halobacteriota;c__Methanosarcinia;o__Methanosarcinales;f__Methanoperedenaceae;g__Methanoperedens;s__Methanoperedens sp027460605	methanogen
GCA_027460615.1	p__Halobacteriota	o__Methanosarcinales	d__Archaea;p__Halobacteriota;c__Methanosarcinia;o__Methanosarcinales;f__Methanoperedenaceae;g__Methanoperedens;s__Methanoperedens sp027460615	methanogen
GCA_028561875.1	p__Thermoplasmatota	o__Methanomassiliicoccales	d__Archaea;p__Thermoplasmatota;c__Thermoplasmata;o__Methanomassiliicoccales;f__Methanomethylophilaceae;g__Methanomethylophilus;s__Methanomethylophilus sp028561875	methanogen
GCA_028678555.1	p__Halobacteriota	o__Methanomicrobiales	d__Archaea;p__Halobacteriota;c__Methanomicrobia;o__Methanomicrobiales;f__JACTUA01;g__JAJRCY01;s__JAJRCY01 sp028678555	methanogen
GCA_028678665.1	p__Halobacteriota	o__Methanomicrobiales	d__Archaea;p__Halobacteriota;c__Methanomicrobia;o__Methanomicrobiales;f__JACTUA01;g__JAJRCY01;s__JAJRCY01 sp028678665	methanogen
GCA_028678715.1	p__Halobacteriota	o__Methanomicrobiales	d__Archaea;p__Halobacteriota;c__Methanomicrobia;o__Methanomicrobiales;f__JACTUA01;g__JAJRCY01;s__JAJRCY01 sp028678715	methanogen
GCA_028678815.1	p__Halobacteriota	o__Methanomicrobiales	d__Archaea;p__Halobacteriota;c__Methanomicrobia;o__Methanomicrobiales;f__JACTUA01;g__JACTUA01;s__JACTUA01 sp028678815	methanogen
GCA_028678885.1	p__Halobacteriota	o__Methanomicrobiales	d__Archaea;p__Halobacteriota;c__Methanomicrobia;o__Methanomicrobiales;f__JACTUA01;g__JAJRCM01;s__JAJRCM01 sp028678885	methanogen
GCA_028678905.1	p__Halobacteriota	o__Methanomicrobiales	d__Archaea;p__Halobacteriota;c__Methanomicrobia;o__Methanomicrobiales;f__JACTUA01;g__JAJRCM01;s__JAJRCM01 sp028678905	methanogen
GCA_028678965.1	p__Halobacteriota	o__Methanomicrobiales	d__Archaea;p__Halobacteriota;c__Methanomicrobia;o__Methanomicrobiales;f__JACTUA01;g__JAJRCM01;s__JAJRCM01 sp028678965	methanogen
GCA_028679035.1	p__Halobacteriota	o__Methanomicrobiales	d__Archaea;p__Halobacteriota;c__Methanomicrobia;o__Methanomicrobiales;f__JACTUA01;g__JAJRCL01;s__JAJRCL01 sp028679035	methanogen
GCA_028679075.1	p__Halobacteriota	o__Methanomicrobiales	d__Archaea;p__Halobacteriota;c__Methanomicrobia;o__Methanomicrobiales;f__Methanospirillaceae;g__Methanoregula;s__Methanoregula sp028679075	methanogen
GCA_028679185.1	p__Halobacteriota	o__Methanomicrobiales	d__Archaea;p__Halobacteriota;c__Methanomicrobia;o__Methanomicrobiales;f__Methanospirillaceae;g__Methanoregula;s__Methanoregula sp028679185	methanogen
GCA_028679275.1	p__Halobacteriota	o__Methanomicrobiales	d__Archaea;p__Halobacteriota;c__Methanomicrobia;o__Methanomicrobiales;f__Methanospirillaceae;g__UBA9949;s__UBA9949 sp028679275	methanogen
GCA_028679315.1	p__Halobacteriota	o__Methanomicrobiales	d__Archaea;p__Halobacteriota;c__Methanomicrobia;o__Methanomicrobiales;f__Methanospirillaceae;g__UBA9949;s__UBA9949 sp028679315	methanogen
GCA_028679325.1	p__Halobacteriota	o__Methanomicrobiales	d__Archaea;p__Halobacteriota;c__Methanomicrobia;o__Methanomicrobiales;f__Methanospirillaceae;g__UBA9949;s__UBA9949 sp028679325	methanogen
GCA_028679405.1	p__Halobacteriota	o__Methanomicrobiales	d__Archaea;p__Halobacteriota;c__Methanomicrobia;o__Methanomicrobiales;f__Methanospirillaceae;g__JAJRBP01;s__JAJRBP01 sp028679405	methanogen
GCA_028679485.1	p__Halobacteriota	o__Methanomicrobiales	d__Archaea;p__Halobacteriota;c__Methanomicrobia;o__Methanomicrobiales;f__Methanospirillaceae;g__Methanospirillum;s__Methanospirillum sp028679485	methanogen
GCA_028679775.1	p__Halobacteriota	o__Methanotrichales	d__Archaea;p__Halobacteriota;c__Methanosarcinia;o__Methanotrichales;f__Methanotrichaceae;g__Methanothrix;s__Methanothrix sp028679775	methanogen
GCA_028679855.1	p__Halobacteriota	o__Methanosarcinales	d__Archaea;p__Halobacteriota;c__Methanosarcinia;o__Methanosarcinales;f__Methanoperedenaceae;g__Methanoperedens;s__Methanoperedens sp028679855	methanogen
GCA_028679985.1	p__Thermoplasmatota	o__Methanomassiliicoccales	d__Archaea;p__Thermoplasmatota;c__Thermoplasmata;o__Methanomassiliicoccales;f__JACIVX01;g__JAJRAG01;s__JAJRAG01 sp028679985	methanogen
GCA_028682895.1	p__Thermoplasmatota	o__Methanomassiliicoccales	d__Archaea;p__Thermoplasmatota;c__Thermoplasmata;o__Methanomassiliicoccales;f__UBA472;g__UBA472;s__UBA472 sp028682895	methanogen
GCA_028682915.1	p__Thermoplasmatota	o__Methanomassiliicoccales	d__Archaea;p__Thermoplasmatota;c__Thermoplasmata;o__Methanomassiliicoccales;f__UBA472;g__JAJRAN01;s__JAJRAN01 sp028682915	methanogen
GCA_028682925.1	p__Thermoplasmatota	o__Methanomassiliicoccales	d__Archaea;p__Thermoplasmatota;c__Thermoplasmata;o__Methanomassiliicoccales;f__JACIVX01;g__JAJRAG01;s__JAJRAG01 sp028682925	methanogen
GCA_028682985.1	p__Methanobacteriota	o__Methanobacteriales	d__Archaea;p__Methanobacteriota;c__Methanobacteria;o__Methanobacteriales;f__Methanobacteriaceae;g__Methanobacterium_A;s__Methanobacterium_A sp028682985	methanogen
GCA_028683025.1	p__Thermoproteota	o__Methanomethylicales	d__Archaea;p__Thermoproteota;c__Methanomethylicia;o__Methanomethylicales;f__Methanomethylicaceae;g__Methanomethylicus;s__Methanomethylicus sp028683025	methanogen
GCA_028684695.1	p__Halobacteriota	o__Methanosarcinales	d__Archaea;p__Halobacteriota;c__Methanosarcinia;o__Methanosarcinales;f__Methanosarcinaceae;g__JAQVBP01;s__JAQVBP01 sp028684695	methanogen
GCA_028688175.1	p__Halobacteriota	o__Methanotrichales	d__Archaea;p__Halobacteriota;c__Methanosarcinia;o__Methanotrichales;f__Methanotrichaceae;g__Methanothrix;s__Methanothrix sp028688175	methanogen
GCA_028688535.1	p__Halobacteriota	o__Methanotrichales	d__Archaea;p__Halobacteriota;c__Methanosarcinia;o__Methanotrichales;f__Methanotrichaceae;g__Methanothrix;s__Methanothrix sp028688535	methanogen
GCA_028690255.1	p__Halobacteriota	o__Methanosarcinales	d__Archaea;p__Halobacteriota;c__Methanosarcinia;o__Methanosarcinales;f__Methanosarcinaceae;g__JAQVBP01;s__JAQVBP01 sp028690255	methanogen
GCA_028694055.1	p__Thermoplasmatota	o__Methanomassiliicoccales	d__Archaea;p__Thermoplasmatota;c__Thermoplasmata;o__Methanomassiliicoccales;f__Methanomethylophilaceae;g__JAQUUA01;s__JAQUUA01 sp028694055	methanogen
GCA_028696365.1	p__Halobacteriota	o__Methanomicrobiales	d__Archaea;p__Halobacteriota;c__Methanomicrobia;o__Methanomicrobiales;f__Methanofollaceae;g__Methanofollis;s__Methanofollis sp028696365	methanogen
GCA_028700095.1	p__Methanobacteriota	o__Methanobacteriales	d__Archaea;p__Methanobacteriota;c__Methanobacteria;o__Methanobacteriales;f__Methanobacteriaceae;g__Methanobacterium_B;s__Methanobacterium_B sp028700095	methanogen
GCA_028702835.1	p__Thermoplasmatota	o__Methanomassiliicoccales	d__Archaea;p__Thermoplasmatota;c__Thermoplasmata;o__Methanomassiliicoccales;f__Methanomethylophilaceae;g__RumEn-M2;s__RumEn-M2 sp028702835	methanogen
GCA_028705545.1	p__Halobacteriota	o__Methanomicrobiales	d__Archaea;p__Halobacteriota;c__Methanomicrobia;o__Methanomicrobiales;f__Methanospirillaceae;g__Methanoregula;s__Methanoregula sp028705545	methanogen
GCA_028708055.1	p__Halobacteriota	o__Methanotrichales	d__Archaea;p__Halobacteriota;c__Methanosarcinia;o__Methanotrichales;f__Methanotrichaceae;g__Methanothrix;s__Methanothrix sp028708055	methanogen
GCA_028711405.1	p__Halobacteriota	o__Methanomicrobiales	d__Archaea;p__Halobacteriota;c__Methanomicrobia;o__Methanomicrobiales;f__Methanospirillaceae;g__Methanoregula;s__Methanoregula sp028711405	methanogen
GCA_028715885.1	p__Halobacteriota	o__Methanosarcinales	d__Archaea;p__Halobacteriota;c__Methanosarcinia;o__Methanosarcinales;f__Methanoperedenaceae;g__Methanoperedens;s__Methanoperedens sp028715885	methanogen
GCA_028717345.1	p__Halobacteriota	o__Methanosarcinales	d__Archaea;p__Halobacteriota;c__Methanosarcinia;o__Methanosarcinales;f__Methanoperedenaceae;g__Methanoperedens;s__Methanoperedens sp028717345	methanogen
GCA_029219465.1	p__Methanobacteriota	o__Methanobacteriales	d__Archaea;p__Methanobacteriota;c__Methanobacteria;o__Methanobacteriales;f__Methanobacteriaceae;g__Methanocatella;s__Methanocatella sp900769095	methanogen
GCA_029547145.1	p__Halobacteriota	o__Methanomicrobiales	d__Archaea;p__Halobacteriota;c__Methanomicrobia;o__Methanomicrobiales;f__Methanospirillaceae;g__UBA288;s__UBA288 sp029547145	methanogen
GCA_029547605.1	p__Halobacteriota	o__Methanomicrobiales	d__Archaea;p__Halobacteriota;c__Methanomicrobia;o__Methanomicrobiales;f__Methanospirillaceae;g__Methanolinea_A;s__Methanolinea_A sp029547605	methanogen
GCA_029553285.1	p__Halobacteriota	o__Methanotrichales	d__Archaea;p__Halobacteriota;c__Methanosarcinia;o__Methanotrichales;f__Methanotrichaceae;g__Methanothrix_B;s__Methanothrix_B sp029553285	methanogen
GCA_029555345.1	p__Halobacteriota	o__Methanomicrobiales	d__Archaea;p__Halobacteriota;c__Methanomicrobia;o__Methanomicrobiales;f__Methanospirillaceae;g__Methanolinea_A;s__Methanolinea_A sp029555345	methanogen
GCA_029556335.1	p__Methanobacteriota	o__Methanobacteriales	d__Archaea;p__Methanobacteriota;c__Methanobacteria;o__Methanobacteriales;f__Methanobacteriaceae;g__Methanobacterium;s__Methanobacterium sp029556335	methanogen
GCA_029560215.1	p__Thermoplasmatota	o__Methanomassiliicoccales	d__Archaea;p__Thermoplasmatota;c__Thermoplasmata;o__Methanomassiliicoccales;f__UBA472;g__UBA472;s__UBA472 sp029560215	methanogen
GCA_029574055.1	p__Thermoplasmatota	o__Methanomassiliicoccales	d__Archaea;p__Thermoplasmatota;c__Thermoplasmata;o__Methanomassiliicoccales;f__Methanomethylophilaceae;g__Methanoplasma;s__Methanoplasma sp029574055	methanogen
GCA_029762595.1	p__Halobacteriota	o__Methanosarcinales	d__Archaea;p__Halobacteriota;c__Methanosarcinia;o__Methanosarcinales;f__Methanosarcinaceae;g__Methanolobus;s__Methanolobus sp029762595	methanogen
GCA_029762625.1	p__Halobacteriota	o__Methanomicrobiales	d__Archaea;p__Halobacteriota;c__Methanomicrobia;o__Methanomicrobiales;f__Methanomicrobiaceae;g__DSDF01;s__DSDF01 sp029762625	methanogen
GCA_029887765.1	p__Thermoproteota	o__Methanomethylicales	d__Archaea;p__Thermoproteota;c__Methanomethylicia;o__Methanomethylicales;f__Methanomethylicaceae;g__JANXER01;s__JANXER01 sp029887765	methanogen
GCA_029887795.1	p__Thermoproteota	o__Methanomethylicales	d__Archaea;p__Thermoproteota;c__Methanomethylicia;o__Methanomethylicales;f__Methanomethylicaceae;g__WYZ-LMO10;s__WYZ-LMO10 sp029887795	methanogen
GCA_029907345.1	p__Halobacteriota	o__Methanomicrobiales	d__Archaea;p__Halobacteriota;c__Methanomicrobia;o__Methanomicrobiales;f__Methanospirillaceae;g__Methanolinea_A;s__Methanolinea_A sp029907345	methanogen
GCA_029907465.1	p__Thermoplasmatota	o__Methanomassiliicoccales	d__Archaea;p__Thermoplasmatota;c__Thermoplasmata;o__Methanomassiliicoccales;f__JACIVX01;g__JACIVX01;s__JACIVX01 sp029907465	methanogen
GCA_029907705.1	p__Halobacteriota	o__Methanomicrobiales	d__Archaea;p__Halobacteriota;c__Methanomicrobia;o__Methanomicrobiales;f__JACTUA01;g__JARYLJ01;s__JARYLJ01 sp029907705	methanogen
GCA_029907715.1	p__Halobacteriota	o__Methanotrichales	d__Archaea;p__Halobacteriota;c__Methanosarcinia;o__Methanotrichales;f__Methanotrichaceae;g__Methanothrix_B;s__Methanothrix_B sp029907715	methanogen
GCA_029907755.1	p__Thermoproteota	o__Methanomethylicales	d__Archaea;p__Thermoproteota;c__Methanomethylicia;o__Methanomethylicales;f__Methanomethylicaceae;g__Methanosuratincola;s__Methanosuratincola sp029907755	methanogen
GCA_029982165.1	p__Thermoplasmatota	o__Methanomassiliicoccales	d__Archaea;p__Thermoplasmatota;c__Thermoplasmata;o__Methanomassiliicoccales;f__Methanomethylophilaceae;g__UBA9915;s__UBA9915 sp9915u	methanogen
GCA_029986195.1	p__Halobacteriota	o__Methanomicrobiales	d__Archaea;p__Halobacteriota;c__Methanomicrobia;o__Methanomicrobiales;f__Methanocorpusculaceae;g__Methanocorpusculum;s__Methanocorpusculum sp029986195	methanogen
GCA_029986255.1	p__Halobacteriota	o__Methanomicrobiales	d__Archaea;p__Halobacteriota;c__Methanomicrobia;o__Methanomicrobiales;f__Methanocorpusculaceae;g__Methanocorpusculum;s__Methanocorpusculum sp029986255	methanogen
GCA_029986975.1	p__Halobacteriota	o__Methanomicrobiales	d__Archaea;p__Halobacteriota;c__Methanomicrobia;o__Methanomicrobiales;f__Methanocorpusculaceae;g__Methanocorpusculum;s__Methanocorpusculum sp029986975	methanogen
GCA_029987025.1	p__Halobacteriota	o__Methanomicrobiales	d__Archaea;p__Halobacteriota;c__Methanomicrobia;o__Methanomicrobiales;f__Methanocorpusculaceae;g__Methanocorpusculum;s__Methanocorpusculum sp029987025	methanogen
GCA_029987045.1	p__Halobacteriota	o__Methanomicrobiales	d__Archaea;p__Halobacteriota;c__Methanomicrobia;o__Methanomicrobiales;f__Methanocorpusculaceae;g__Methanocorpusculum;s__Methanocorpusculum sp029987045	methanogen
GCA_029987115.1	p__Halobacteriota	o__Methanomicrobiales	d__Archaea;p__Halobacteriota;c__Methanomicrobia;o__Methanomicrobiales;f__Methanocorpusculaceae;g__Methanocorpusculum;s__Methanocorpusculum sp029987115	methanogen
GCA_029987235.1	p__Halobacteriota	o__Methanomicrobiales	d__Archaea;p__Halobacteriota;c__Methanomicrobia;o__Methanomicrobiales;f__Methanocorpusculaceae;g__Methanocorpusculum;s__Methanocorpusculum sp029987235	methanogen
GCA_029987245.1	p__Halobacteriota	o__Methanomicrobiales	d__Archaea;p__Halobacteriota;c__Methanomicrobia;o__Methanomicrobiales;f__Methanocorpusculaceae;g__Methanocorpusculum;s__Methanocorpusculum sp029987245	methanogen
GCA_029987315.1	p__Halobacteriota	o__Methanomicrobiales	d__Archaea;p__Halobacteriota;c__Methanomicrobia;o__Methanomicrobiales;f__Methanocorpusculaceae;g__Methanocorpusculum;s__Methanocorpusculum sp029987315	methanogen
GCA_029987395.1	p__Halobacteriota	o__Methanomicrobiales	d__Archaea;p__Halobacteriota;c__Methanomicrobia;o__Methanomicrobiales;f__Methanocorpusculaceae;g__Methanocorpusculum;s__Methanocorpusculum sp029987395	methanogen
GCA_030016715.1	p__Methanobacteriota	o__Methanobacteriales	d__Archaea;p__Methanobacteriota;c__Methanobacteria;o__Methanobacteriales;f__Methanobacteriaceae;g__UBA117;s__UBA117 sp030016715	methanogen
GCA_030017655.1	p__Methanobacteriota	o__Methanobacteriales	d__Archaea;p__Methanobacteriota;c__Methanobacteria;o__Methanobacteriales;f__Methanobacteriaceae;g__Methanobacterium_D;s__Methanobacterium_D sp030017655	methanogen
GCA_030019205.1	p__Halobacteriota	o__Methanomicrobiales	d__Archaea;p__Halobacteriota;c__Methanomicrobia;o__Methanomicrobiales;f__JACTUA01;g__JASEFH01;s__JASEFH01 sp030019205	methanogen
GCA_030019395.1	p__Halobacteriota	o__Methanomicrobiales	d__Archaea;p__Halobacteriota;c__Methanomicrobia;o__Methanomicrobiales;f__Methanospirillaceae;g__Methanolinea_A;s__Methanolinea_A sp030019395	methanogen
GCA_030054735.1	p__Halobacteriota	o__Methanosarcinales	d__Archaea;p__Halobacteriota;c__Methanosarcinia;o__Methanosarcinales;f__Methanosarcinaceae;g__Methanosarcina;s__Methanosarcina sp030054735	methanogen
GCA_030055515.1	p__Halobacteriota	o__Methanomicrobiales	d__Archaea;p__Halobacteriota;c__Methanomicrobia;o__Methanomicrobiales;f__Methanospirillaceae;g__Methanolinea_A;s__Methanolinea_A sp030055515	methanogen
GCA_030055545.1	p__Thermoproteota	o__Methanomethylicales	d__Archaea;p__Thermoproteota;c__Methanomethylicia;o__Methanomethylicales;f__Methanomethylicaceae;g__Methanosuratincola;s__Methanosuratincola sp030055545	methanogen
GCA_030055575.1	p__Thermoproteota	o__Methanomethylicales	d__Archaea;p__Thermoproteota;c__Methanomethylicia;o__Methanomethylicales;f__Methanomethylicaceae;g__Methanosuratincola;s__Methanosuratincola sp030055575	methanogen
GCA_030055615.1	p__Methanobacteriota	o__Methanobacteriales	d__Archaea;p__Methanobacteriota;c__Methanobacteria;o__Methanobacteriales;f__DSM-23052;g__Methanothermobacter_A;s__Methanothermobacter_A sp030055615	methanogen
GCA_030154025.1	p__Halobacteriota	o__Methanosarcinales	d__Archaea;p__Halobacteriota;c__Methanosarcinia;o__Methanosarcinales;f__Methanosarcinaceae;g__Methanolobus;s__Methanolobus sp030154025	methanogen
GCA_030156225.1	p__Halobacteriota	o__Methanomicrobiales	d__Archaea;p__Halobacteriota;c__Methanomicrobia;o__Methanomicrobiales;f__Methanofollaceae;g__Methanofollis;s__Methanofollis sp030156225	methanogen
GCA_030156625.1	p__Halobacteriota	o__Methanomicrobiales	d__Archaea;p__Halobacteriota;c__Methanomicrobia;o__Methanomicrobiales;f__Methanoculleaceae;g__Methanoculleus;s__Methanoculleus sp030156625	methanogen
GCA_030168575.1	p__Thermoplasmatota	o__Methanomassiliicoccales	d__Archaea;p__Thermoplasmatota;c__Thermoplasmata;o__Methanomassiliicoccales;f__Methanomethylophilaceae;g__Methanoprimaticola;s__Methanoprimaticola sp015063125	methanogen
GCA_030168595.1	p__Thermoplasmatota	o__Methanomassiliicoccales	d__Archaea;p__Thermoplasmatota;c__Thermoplasmata;o__Methanomassiliicoccales;f__Methanomethylophilaceae;g__Methanomethylophilus;s__Methanomethylophilus sp001481295	methanogen
GCA_030266245.1	p__Halobacteriota	o__Methanosarcinales	d__Archaea;p__Halobacteriota;c__Methanosarcinia;o__Methanosarcinales;f__Methanosarcinaceae;g__Methanimicrococcus;s__Methanimicrococcus sp030266245	methanogen
GCA_030266405.1	p__Methanobacteriota	o__Methanobacteriales	d__Archaea;p__Methanobacteriota;c__Methanobacteria;o__Methanobacteriales;f__Methanobacteriaceae;g__JAHKLT01;s__JAHKLT01 sp030266405	methanogen
GCA_030372945.1	p__Halobacteriota	o__Methanotrichales	d__Archaea;p__Halobacteriota;c__Methanosarcinia;o__Methanotrichales;f__Methanotrichaceae;g__Methanothrix;s__Methanothrix sp030372945	methanogen
GCA_030445725.1	p__Thermoplasmatota	o__Methanomassiliicoccales	d__Archaea;p__Thermoplasmatota;c__Thermoplasmata;o__Methanomassiliicoccales;f__Methanomethylophilaceae;g__VadinCA11;s__VadinCA11 sp011620825	methanogen
GCA_030446015.1	p__Halobacteriota	o__Methanomicrobiales	d__Archaea;p__Halobacteriota;c__Methanomicrobia;o__Methanomicrobiales;f__Methanoculleaceae;g__Methanoculleus;s__Methanoculleus sp030446015	methanogen
GCA_030539515.1	p__Thermoplasmatota	o__Methanomassiliicoccales	d__Archaea;p__Thermoplasmatota;c__Thermoplasmata;o__Methanomassiliicoccales;f__Methanomethylophilaceae;g__Methanoprimaticola;s__Methanoprimaticola sp030539515	methanogen
GCA_030539565.1	p__Thermoplasmatota	o__Methanomassiliicoccales	d__Archaea;p__Thermoplasmatota;c__Thermoplasmata;o__Methanomassiliicoccales;f__Methanomethylophilaceae;g__Methanoprimaticola;s__Methanoprimaticola sp030539565	methanogen
GCA_030539595.1	p__Halobacteriota	o__Methanomicrobiales	d__Archaea;p__Halobacteriota;c__Methanomicrobia;o__Methanomicrobiales;f__Methanocorpusculaceae;g__Methanocorpusculum;s__Methanocorpusculum sp030539595	methanogen
GCA_030539615.1	p__Methanobacteriota	o__Methanobacteriales	d__Archaea;p__Methanobacteriota;c__Methanobacteria;o__Methanobacteriales;f__Methanobacteriaceae;g__Methanosphaera;s__Methanosphaera sp030539615	methanogen
GCA_030539655.1	p__Halobacteriota	o__Methanomicrobiales	d__Archaea;p__Halobacteriota;c__Methanomicrobia;o__Methanomicrobiales;f__Methanocorpusculaceae;g__Methanocorpusculum;s__Methanocorpusculum sp030539655	methanogen
GCA_030539795.1	p__Methanobacteriota	o__Methanobacteriales	d__Archaea;p__Methanobacteriota;c__Methanobacteria;o__Methanobacteriales;f__Methanobacteriaceae;g__Methanocatella;s__Methanocatella sp030539795	methanogen
GCA_030539815.1	p__Methanobacteriota	o__Methanobacteriales	d__Archaea;p__Methanobacteriota;c__Methanobacteria;o__Methanobacteriales;f__Methanobacteriaceae;g__Methanobacterium;s__Methanobacterium sp030539815	methanogen
GCA_030539935.1	p__Methanobacteriota	o__Methanobacteriales	d__Archaea;p__Methanobacteriota;c__Methanobacteria;o__Methanobacteriales;f__Methanobacteriaceae;g__Methanobrevibacter;s__Methanobrevibacter sp030539935	methanogen
GCA_030539985.1	p__Methanobacteriota	o__Methanobacteriales	d__Archaea;p__Methanobacteriota;c__Methanobacteria;o__Methanobacteriales;f__Methanobacteriaceae;g__Methanocatella;s__Methanocatella sp030539985	methanogen
GCA_030595665.1	p__Halobacteriota	o__Methanomicrobiales	d__Archaea;p__Halobacteriota;c__Methanomicrobia;o__Methanomicrobiales;f__Methanomicrobiaceae;g__Methanogenium;s__Methanogenium sp030595665	methanogen
GCA_030596385.1	p__Halobacteriota	o__Methanosarcinales	d__Archaea;p__Halobacteriota;c__Methanosarcinia;o__Methanosarcinales;f__Methanosarcinaceae;g__DQIP01;s__DQIP01 sp030596385	methanogen
GCA_030600695.1	p__Halobacteriota	o__Methanosarcinales	d__Archaea;p__Halobacteriota;c__Methanosarcinia;o__Methanosarcinales;f__Methanocomedenaceae;g__Methanocomedens;s__Methanocomedens sp030600695	methanogen
GCA_030603445.1	p__Methanobacteriota_B	o__Methanofastidiosales	d__Archaea;p__Methanobacteriota_B;c__Thermococci;o__Methanofastidiosales;f__NM3;g__NM3;s__NM3 sp030603445	methanogen
GCA_030604065.1	p__Thermoplasmatota	o__Methanomassiliicoccales	d__Archaea;p__Thermoplasmatota;c__Thermoplasmata;o__Methanomassiliicoccales;f__JAUVWO01;g__JAUVWO01;s__JAUVWO01 sp030604065	methanogen
GCA_030604085.1	p__Halobacteriota	o__Methanosarcinales	d__Archaea;p__Halobacteriota;c__Methanosarcinia;o__Methanosarcinales;f__Methanogasteraceae;g__Methanogaster_A;s__Methanogaster_A sp030604085	methanogen
GCA_030605805.1	p__Halobacteriota	o__Methanosarcinales	d__Archaea;p__Halobacteriota;c__Methanosarcinia;o__Methanosarcinales;f__Methanogasteraceae;g__Methanogaster_D;s__Methanogaster_D sp030605805	methanogen
GCA_030606635.1	p__Halobacteriota	o__Methanosarcinales	d__Archaea;p__Halobacteriota;c__Methanosarcinia;o__Methanosarcinales;f__Methanogasteraceae;g__Methanogaster_A;s__Methanogaster_A sp030606635	methanogen
GCA_030609665.1	p__Halobacteriota	o__Methanosarcinales	d__Archaea;p__Halobacteriota;c__Methanosarcinia;o__Methanosarcinales;f__Methanosarcinaceae;g__DQIP01;s__DQIP01 sp030609665	methanogen
GCA_030610815.1	p__Halobacteriota	o__Methanosarcinales	d__Archaea;p__Halobacteriota;c__Methanosarcinia;o__Methanosarcinales;f__Methanocomedenaceae;g__Methanocomedens;s__Methanocomedens sp030610815	methanogen
GCA_030611205.1	p__Halobacteriota	o__Methanotrichales	d__Archaea;p__Halobacteriota;c__Methanosarcinia;o__Methanotrichales;f__Methanotrichaceae;g__UBA204;s__UBA204 sp030611205	methanogen
GCA_030611265.1	p__Halobacteriota	o__Methanosarcinales	d__Archaea;p__Halobacteriota;c__Methanosarcinia;o__Methanosarcinales;f__Methanosarcinaceae;g__DQIP01;s__DQIP01 sp030611265	methanogen
GCA_030614485.1	p__Halobacteriota	o__Methanosarcinales	d__Archaea;p__Halobacteriota;c__Methanosarcinia;o__Methanosarcinales;f__Methanocomedenaceae;g__QBUR01;s__QBUR01 sp030614485	methanogen
GCA_030625165.1	p__Halobacteriota	o__Methanosarcinales	d__Archaea;p__Halobacteriota;c__Methanosarcinia;o__Methanosarcinales;f__Methanogasteraceae;g__Methanogaster_A;s__Methanogaster_A sp030625165	methanogen
GCA_030627005.1	p__Halobacteriota	o__Methanosarcinales	d__Archaea;p__Halobacteriota;c__Methanosarcinia;o__Methanosarcinales;f__Methanosarcinaceae;g__MTP4;s__MTP4 sp9310u	methanogen
GCA_030627385.1	p__Halobacteriota	o__Methanosarcinales	d__Archaea;p__Halobacteriota;c__Methanosarcinia;o__Methanosarcinales;f__Methanocomedenaceae;g__Methanocomedens;s__Methanocomedens sp7939u	methanogen
GCA_030628325.1	p__Halobacteriota	o__Methanomicrobiales	d__Archaea;p__Halobacteriota;c__Methanomicrobia;o__Methanomicrobiales;f__Methanomicrobiaceae;g__DAOVRB01;s__DAOVRB01 sp030628325	methanogen
GCA_030638625.1	p__Halobacteriota	o__Methanosarcinales	d__Archaea;p__Halobacteriota;c__Methanosarcinia;o__Methanosarcinales;f__Methanocomedenaceae;g__QBUR01;s__QBUR01 sp030638625	methanogen
GCA_030640725.1	p__Halobacteriota	o__Methanosarcinales	d__Archaea;p__Halobacteriota;c__Methanosarcinia;o__Methanosarcinales;f__Methanogasteraceae;g__Methanogaster_D;s__Methanogaster_D sp030640725	methanogen
GCA_030650845.1	p__Halobacteriota	o__Methanosarcinales	d__Archaea;p__Halobacteriota;c__Methanosarcinia;o__Methanosarcinales;f__Methanoperedenaceae;g__Methanoperedens;s__Methanoperedens sp030650845	methanogen
GCA_030651815.1	p__Halobacteriota	o__Methanomicrobiales	d__Archaea;p__Halobacteriota;c__Methanomicrobia;o__Methanomicrobiales;f__Methanospirillaceae;g__Methanoregula;s__Methanoregula sp030651815	methanogen
GCA_030653335.1	p__Halobacteriota	o__Methanomicrobiales	d__Archaea;p__Halobacteriota;c__Methanomicrobia;o__Methanomicrobiales;f__Methanospirillaceae;g__Methanoregula;s__Methanoregula sp030653335	methanogen
GCA_030655675.1	p__Halobacteriota	o__Methanosarcinales	d__Archaea;p__Halobacteriota;c__Methanosarcinia;o__Methanosarcinales;f__Methanosarcinaceae;g__DQIP01;s__DQIP01 sp030655675	methanogen
GCA_030656015.1	p__Methanobacteriota	o__Methanobacteriales	d__Archaea;p__Methanobacteriota;c__Methanobacteria;o__Methanobacteriales;f__Methanobacteriaceae;g__UBA349;s__UBA349 sp002509745	methanogen
GCA_030666765.1	p__Halobacteriota	o__Methanosarcinales	d__Archaea;p__Halobacteriota;c__Methanosarcinia;o__Methanosarcinales;f__Methanogasteraceae;g__Methanogaster_A;s__Methanogaster_A sp030666765	methanogen
GCA_030666885.1	p__Halobacteriota	o__Methanosarcinales	d__Archaea;p__Halobacteriota;c__Methanosarcinia;o__Methanosarcinales;f__Methanocomedenaceae;g__Methanocomedens;s__Methanocomedens sp030666885	methanogen
GCA_030668905.1	p__Methanobacteriota_B	o__Methanofastidiosales	d__Archaea;p__Methanobacteriota_B;c__Thermococci;o__Methanofastidiosales;f__B48-G16;g__B48-G16;s__B48-G16 sp030668905	methanogen
GCA_030672345.1	p__Halobacteriota	o__Methanosarcinales	d__Archaea;p__Halobacteriota;c__Methanosarcinia;o__Methanosarcinales;f__Methanogasteraceae;g__Methanogaster_D;s__Methanogaster_D sp030672345	methanogen
GCA_030672605.1	p__Halobacteriota	o__Methanosarcinales	d__Archaea;p__Halobacteriota;c__Methanosarcinia;o__Methanosarcinales;f__Methanogasteraceae;g__Methanogaster_C;s__Methanogaster_C sp030672605	methanogen
GCA_030681145.1	p__Methanobacteriota	o__Methanobacteriales	d__Archaea;p__Methanobacteriota;c__Methanobacteria;o__Methanobacteriales;f__Methanobacteriaceae;g__JAUXXK01;s__JAUXXK01 sp030681145	methanogen
GCA_030693105.1	p__Methanobacteriota	o__Methanobacteriales	d__Archaea;p__Methanobacteriota;c__Methanobacteria;o__Methanobacteriales;f__Methanobacteriaceae;g__Methanobacterium;s__Methanobacterium sp030693105	methanogen
GCA_030694985.1	p__Halobacteriota	o__Methanomicrobiales	d__Archaea;p__Halobacteriota;c__Methanomicrobia;o__Methanomicrobiales;f__Methanospirillaceae;g__Methanoregula;s__Methanoregula sp030694985	methanogen
GCA_030919125.1	p__Halobacteriota	o__Methanomicrobiales	d__Archaea;p__Halobacteriota;c__Methanomicrobia;o__Methanomicrobiales;f__Methanospirillaceae;g__Methanoregula;s__Methanoregula sp030919125	methanogen
GCA_031254265.1	p__Thermoplasmatota	o__Methanomassiliicoccales	d__Archaea;p__Thermoplasmatota;c__Thermoplasmata;o__Methanomassiliicoccales;f__Methanomethylophilaceae;g__Methanoplasma;s__Methanoplasma sp031254265	methanogen
GCA_031254685.1	p__Thermoplasmatota	o__Methanomassiliicoccales	d__Archaea;p__Thermoplasmatota;c__Thermoplasmata;o__Methanomassiliicoccales;f__Methanomethylophilaceae;g__Methanomicula;s__Methanomicula sp031254685	methanogen
GCA_031255895.1	p__Halobacteriota	o__Methanomicrobiales	d__Archaea;p__Halobacteriota;c__Methanomicrobia;o__Methanomicrobiales;f__Methanocorpusculaceae;g__Methanocorpusculum;s__Methanocorpusculum sp031255895	methanogen
GCA_031256615.1	p__Thermoplasmatota	o__Methanomassiliicoccales	d__Archaea;p__Thermoplasmatota;c__Thermoplasmata;o__Methanomassiliicoccales;f__Methanomethylophilaceae;g__Methanoplasma;s__Methanoplasma sp031256615	methanogen
GCA_031256955.1	p__Thermoplasmatota	o__Methanomassiliicoccales	d__Archaea;p__Thermoplasmatota;c__Thermoplasmata;o__Methanomassiliicoccales;f__Methanomethylophilaceae;g__Methanoplasma;s__Methanoplasma sp031256955	methanogen
GCA_031260345.1	p__Halobacteriota	o__Methanosarcinales	d__Archaea;p__Halobacteriota;c__Methanosarcinia;o__Methanosarcinales;f__Methanosarcinaceae;g__Methanimicrococcus;s__Methanimicrococcus sp031260345	methanogen
GCA_031260545.1	p__Thermoplasmatota	o__Methanomassiliicoccales	d__Archaea;p__Thermoplasmatota;c__Thermoplasmata;o__Methanomassiliicoccales;f__Methanomethylophilaceae;g__Methanomicula;s__Methanomicula sp031260545	methanogen
GCA_031261915.1	p__Methanobacteriota	o__Methanobacteriales	d__Archaea;p__Methanobacteriota;c__Methanobacteria;o__Methanobacteriales;f__Methanobacteriaceae;g__Methanoflexus;s__Methanoflexus mossambicus	methanogen
GCA_031261945.1	p__Methanobacteriota	o__Methanobacteriales	d__Archaea;p__Methanobacteriota;c__Methanobacteria;o__Methanobacteriales;f__Methanobacteriaceae;g__Methanobaculum;s__Methanobaculum sp031261945	methanogen
GCA_031262705.1	p__Halobacteriota	o__Methanomicrobiales	d__Archaea;p__Halobacteriota;c__Methanomicrobia;o__Methanomicrobiales;f__Methanocorpusculaceae;g__Methanocorpusculum;s__Methanocorpusculum sp031262705	methanogen
GCA_031267895.1	p__Thermoplasmatota	o__Methanomassiliicoccales	d__Archaea;p__Thermoplasmatota;c__Thermoplasmata;o__Methanomassiliicoccales;f__Methanomethylophilaceae;g__Methanoplasma;s__Methanoplasma glyptotermitis	methanogen
GCA_031271555.1	p__Thermoplasmatota	o__Methanomassiliicoccales	d__Archaea;p__Thermoplasmatota;c__Thermoplasmata;o__Methanomassiliicoccales;f__Methanomethylophilaceae;g__Methanoplasma;s__Methanoplasma sp031271555	methanogen
GCA_031272765.1	p__Methanobacteriota	o__Methanobacteriales	d__Archaea;p__Methanobacteriota;c__Methanobacteria;o__Methanobacteriales;f__Methanobacteriaceae;g__Methanovirga;s__Methanovirga australis	methanogen
GCA_031274665.1	p__Thermoplasmatota	o__Methanomassiliicoccales	d__Archaea;p__Thermoplasmatota;c__Thermoplasmata;o__Methanomassiliicoccales;f__Methanomethylophilaceae;g__Methanoplasma;s__Methanoplasma sp031274665	methanogen
GCA_031280375.1	p__Methanobacteriota	o__Methanobacteriales	d__Archaea;p__Methanobacteriota;c__Methanobacteria;o__Methanobacteriales;f__Methanobacteriaceae;g__Methanovirga;s__Methanovirga procula	methanogen
GCA_031282205.1	p__Methanobacteriota	o__Methanobacteriales	d__Archaea;p__Methanobacteriota;c__Methanobacteria;o__Methanobacteriales;f__Methanobacteriaceae;g__Methanovirga;s__Methanovirga aequatorialis	methanogen
GCA_031283015.1	p__Thermoplasmatota	o__Methanomassiliicoccales	d__Archaea;p__Thermoplasmatota;c__Thermoplasmata;o__Methanomassiliicoccales;f__Methanomethylophilaceae;g__Methanoplasma;s__Methanoplasma sp031283015	methanogen
GCA_031284445.1	p__Methanobacteriota	o__Methanobacteriales	d__Archaea;p__Methanobacteriota;c__Methanobacteria;o__Methanobacteriales;f__Methanobacteriaceae;g__Methanovirga;s__Methanovirga basalitermitum	methanogen
GCA_031284925.1	p__Methanobacteriota	o__Methanobacteriales	d__Archaea;p__Methanobacteriota;c__Methanobacteria;o__Methanobacteriales;f__Methanobacteriaceae;g__Methanovirga;s__Methanovirga sp031284925	methanogen
GCA_031285085.1	p__Halobacteriota	o__Methanomicrobiales	d__Archaea;p__Halobacteriota;c__Methanomicrobia;o__Methanomicrobiales;f__Methanospirillaceae;g__Methanofilum;s__Methanofilum arcanum	methanogen
GCA_031285205.1	p__Thermoplasmatota	o__Methanomassiliicoccales	d__Archaea;p__Thermoplasmatota;c__Thermoplasmata;o__Methanomassiliicoccales;f__Methanomethylophilaceae;g__Methanomicula;s__Methanomicula sp031285205	methanogen
GCA_031286065.1	p__Halobacteriota	o__Methanosarcinales	d__Archaea;p__Halobacteriota;c__Methanosarcinia;o__Methanosarcinales;f__Methanosarcinaceae;g__Methanimicrococcus;s__Methanimicrococcus odontotermitis	methanogen
GCA_031286225.1	p__Methanobacteriota	o__Methanobacteriales	d__Archaea;p__Methanobacteriota;c__Methanobacteria;o__Methanobacteriales;f__Methanobacteriaceae;g__Methanorudis;s__Methanorudis spinitermitis	methanogen
GCA_031287135.1	p__Thermoplasmatota	o__Methanomassiliicoccales	d__Archaea;p__Thermoplasmatota;c__Thermoplasmata;o__Methanomassiliicoccales;f__Methanomethylophilaceae;g__Methanoplasma;s__Methanoplasma reticulitermitis	methanogen
GCA_031287415.1	p__Halobacteriota	o__Methanomicrobiales	d__Archaea;p__Halobacteriota;c__Methanomicrobia;o__Methanomicrobiales;f__Methanocorpusculaceae;g__Methanocorpusculum;s__Methanocorpusculum basalitermitum	methanogen
GCA_031288985.1	p__Thermoplasmatota	o__Methanomassiliicoccales	d__Archaea;p__Thermoplasmatota;c__Thermoplasmata;o__Methanomassiliicoccales;f__Methanomethylophilaceae;g__Methanoplasma;s__Methanoplasma sp031288985	methanogen
GCA_031289325.1	p__Methanobacteriota	o__Methanobacteriales	d__Archaea;p__Methanobacteriota;c__Methanobacteria;o__Methanobacteriales;f__Methanobacteriaceae;g__Methanovirga;s__Methanovirga meridionalis	methanogen
GCA_031289975.1	p__Methanobacteriota	o__Methanobacteriales	d__Archaea;p__Methanobacteriota;c__Methanobacteria;o__Methanobacteriales;f__Methanobacteriaceae;g__Methanovirga;s__Methanovirga sp031289975	methanogen
GCA_031290095.1	p__Thermoplasmatota	o__Methanomassiliicoccales	d__Archaea;p__Thermoplasmatota;c__Thermoplasmata;o__Methanomassiliicoccales;f__Methanomethylophilaceae;g__Methanoplasma;s__Methanoplasma porotermitis	methanogen
GCA_032250645.1	p__Halobacteriota	o__Methanomicrobiales	d__Archaea;p__Halobacteriota;c__Methanomicrobia;o__Methanomicrobiales;f__Methanomicrobiaceae;g__JAVVFN01;s__JAVVFN01 sp032250645	methanogen
GCA_033485155.1	p__Thermoplasmatota	o__Methanomassiliicoccales	d__Archaea;p__Thermoplasmatota;c__Thermoplasmata;o__Methanomassiliicoccales;f__Methanomassiliicoccaceae;g__UBA6;s__UBA6 sp033485155	methanogen
GCA_033549165.1	p__Halobacteriota	o__Methanosarcinales	d__Archaea;p__Halobacteriota;c__Methanosarcinia;o__Methanosarcinales;f__Methanosarcinaceae;g__Methanolobus;s__Methanolobus sp033549165	methanogen
GCA_033811795.1	p__Halobacteriota	o__Methanomicrobiales	d__Archaea;p__Halobacteriota;c__Methanomicrobia;o__Methanomicrobiales;f__Methanospirillaceae;g__Methanolinea_A;s__Methanolinea_A sp033811795	methanogen
GCA_033813295.1	p__Halobacteriota	o__Methanomicrobiales	d__Archaea;p__Halobacteriota;c__Methanomicrobia;o__Methanomicrobiales;f__Methanospirillaceae;g__Methanolinea_A;s__Methanolinea_A sp033813295	methanogen
GCA_033854095.1	p__Halobacteriota	o__Methanosarcinales	d__Archaea;p__Halobacteriota;c__Methanosarcinia;o__Methanosarcinales;f__Methanoperedenaceae;g__Methanoperedens;s__Methanoperedens sp033854095	methanogen
GCA_034006405.1	p__Thermoplasmatota	o__Methanomassiliicoccales	d__Archaea;p__Thermoplasmatota;c__Thermoplasmata;o__Methanomassiliicoccales;f__Methanomethylophilaceae;g__JALNYB01;s__JALNYB01 sp023230065	methanogen
GCA_034006575.1	p__Halobacteriota	o__Methanosarcinales	d__Archaea;p__Halobacteriota;c__Methanosarcinia;o__Methanosarcinales;f__Methanosarcinaceae;g__Methanimicrococcus;s__Methanimicrococcus sp034006575	methanogen
GCA_034008115.1	p__Halobacteriota	o__Methanosarcinales	d__Archaea;p__Halobacteriota;c__Methanosarcinia;o__Methanosarcinales;f__Methanosarcinaceae;g__Methanolobus;s__Methanolobus sp034008115	methanogen
GCA_034658575.1	p__Halobacteriota	o__Methanosarcinales	d__Archaea;p__Halobacteriota;c__Methanosarcinia;o__Methanosarcinales;f__Methanogasteraceae;g__Methanogaster_A;s__Methanogaster_A sp034658575	methanogen
GCA_034658695.1	p__Halobacteriota	o__Methanosarcinales	d__Archaea;p__Halobacteriota;c__Methanosarcinia;o__Methanosarcinales;f__Methanogasteraceae;g__Methanogaster_C;s__Methanogaster_C sp034658695	methanogen
GCA_034658995.1	p__Halobacteriota	o__Methanosarcinales	d__Archaea;p__Halobacteriota;c__Methanosarcinia;o__Methanosarcinales;f__Methanogasteraceae;g__Methanogaster_D;s__Methanogaster_D sp034658995	methanogen
GCA_034659035.1	p__Halobacteriota	o__Methanosarcinales	d__Archaea;p__Halobacteriota;c__Methanosarcinia;o__Methanosarcinales;f__Methanogasteraceae;g__Methanogaster_A;s__Methanogaster_A sp034659035	methanogen
GCA_034659235.1	p__Halobacteriota	o__Methanosarcinales	d__Archaea;p__Halobacteriota;c__Methanosarcinia;o__Methanosarcinales;f__Methanogasteraceae;g__Methanogaster_B;s__Methanogaster_B sp034659235	methanogen
GCA_034659315.1	p__Halobacteriota	o__Methanosarcinales	d__Archaea;p__Halobacteriota;c__Methanosarcinia;o__Methanosarcinales;f__Methanogasteraceae;g__Methanogaster_D;s__Methanogaster_D sp034659315	methanogen
GCA_034659615.1	p__Halobacteriota	o__Methanosarcinales	d__Archaea;p__Halobacteriota;c__Methanosarcinia;o__Methanosarcinales;f__Methanosarcinaceae;g__JAIOTO01;s__JAIOTO01 sp034659615	methanogen
GCA_034659935.1	p__Halobacteriota	o__Methanomicrobiales	d__Archaea;p__Halobacteriota;c__Methanomicrobia;o__Methanomicrobiales;f__Methanomicrobiaceae;g__DAOVRB01;s__DAOVRB01 sp034659935	methanogen
GCA_034659995.1	p__Methanobacteriota_B	o__Methanofastidiosales	d__Archaea;p__Methanobacteriota_B;c__Thermococci;o__Methanofastidiosales;f__B48-G16;g__JAYEIH01;s__JAYEIH01 sp034659995	methanogen
GCA_034679645.1	p__Halobacteriota	o__Methanotrichales	d__Archaea;p__Halobacteriota;c__Methanosarcinia;o__Methanotrichales;f__Methanotrichaceae;g__Methanothrix;s__Methanothrix sp034679645	methanogen
GCA_034679905.1	p__Halobacteriota	o__Methanomicrobiales	d__Archaea;p__Halobacteriota;c__Methanomicrobia;o__Methanomicrobiales;f__JACTUA01;g__JASEFH01;s__JASEFH01 sp034679905	methanogen
GCA_034717055.1	p__Halobacteriota	o__Methanosarcinales	d__Archaea;p__Halobacteriota;c__Methanosarcinia;o__Methanosarcinales;f__Methanogasteraceae;g__Methanogaster_A;s__Methanogaster_A sp034717055	methanogen
GCA_034928305.1	p__Thermoplasmatota	o__Methanomassiliicoccales	d__Archaea;p__Thermoplasmatota;c__Thermoplasmata;o__Methanomassiliicoccales;f__Methanomethylophilaceae;g__VadinCA11;s__VadinCA11 sp034928305	methanogen
GCA_034932965.1	p__Halobacteriota	o__Methanomicrobiales	d__Archaea;p__Halobacteriota;c__Methanomicrobia;o__Methanomicrobiales;f__Methanocorpusculaceae;g__Methanocorpusculum;s__Methanocorpusculum sp034932965	methanogen
GCA_035256445.1	p__Halobacteriota	o__Methanomicrobiales	d__Archaea;p__Halobacteriota;c__Methanomicrobia;o__Methanomicrobiales;f__Methanospirillaceae;g__Methanoregula;s__Methanoregula sp035256445	methanogen
GCA_035270965.1	p__Halobacteriota	o__Methanomicrobiales	d__Archaea;p__Halobacteriota;c__Methanomicrobia;o__Methanomicrobiales;f__Methanocorpusculaceae;g__Methanocorpusculum;s__Methanocorpusculum sp035270965	methanogen
GCA_035271005.1	p__Thermoplasmatota	o__Methanomassiliicoccales	d__Archaea;p__Thermoplasmatota;c__Thermoplasmata;o__Methanomassiliicoccales;f__Methanomethylophilaceae;g__VadinCA11;s__VadinCA11 sp035271005	methanogen
GCA_035271165.1	p__Thermoplasmatota	o__Methanomassiliicoccales	d__Archaea;p__Thermoplasmatota;c__Thermoplasmata;o__Methanomassiliicoccales;f__Methanomethylophilaceae;g__VadinCA11;s__VadinCA11 sp035271165	methanogen
GCA_035310965.1	p__Halobacteriota	o__Methanomicrobiales	d__Archaea;p__Halobacteriota;c__Methanomicrobia;o__Methanomicrobiales;f__JACTUA01;g__JACTUA01;s__JACTUA01 sp035310965	methanogen
GCA_035319165.1	p__Methanobacteriota	o__Methanobacteriales	d__Archaea;p__Methanobacteriota;c__Methanobacteria;o__Methanobacteriales;f__Methanobacteriaceae;g__Methanobacterium;s__Methanobacterium sp035319165	methanogen
GCA_035319305.1	p__Halobacteriota	o__Methanocellales	d__Archaea;p__Halobacteriota;c__Methanocellia;o__Methanocellales;f__Methanocellaceae;g__Methanocella_A;s__Methanocella_A sp035319305	methanogen
GCA_035319465.1	p__Methanobacteriota	o__Methanobacteriales	d__Archaea;p__Methanobacteriota;c__Methanobacteria;o__Methanobacteriales;f__Methanobacteriaceae;g__Methanobacterium_D;s__Methanobacterium_D sp035319465	methanogen
GCA_035353195.1	p__Halobacteriota	o__Methanotrichales	d__Archaea;p__Halobacteriota;c__Methanosarcinia;o__Methanotrichales;f__Methanotrichaceae;g__Methanothrix;s__Methanothrix sp035353195	methanogen
GCA_035353675.1	p__Halobacteriota	o__Methanomicrobiales	d__Archaea;p__Halobacteriota;c__Methanomicrobia;o__Methanomicrobiales;f__Methanospirillaceae;g__Methanoregula;s__Methanoregula sp035353675	methanogen
GCA_035362715.1	p__Methanobacteriota_B	o__Methanofastidiosales	d__Archaea;p__Methanobacteriota_B;c__Thermococci;o__Methanofastidiosales;f__Methanofastidiosaceae;g__Methanofastidiosum;s__Methanofastidiosum sp035362715	methanogen
GCA_035363235.1	p__Halobacteriota	o__Methanomicrobiales	d__Archaea;p__Halobacteriota;c__Methanomicrobia;o__Methanomicrobiales;f__Methanoculleaceae;g__Methanoculleus;s__Methanoculleus sp035363235	methanogen
GCA_035380685.1	p__Halobacteriota	o__Methanotrichales	d__Archaea;p__Halobacteriota;c__Methanosarcinia;o__Methanotrichales;f__Methanotrichaceae;g__Methanocrinis;s__Methanocrinis sp035380685	methanogen
GCA_035402785.1	p__Halobacteriota	o__Methanotrichales	d__Archaea;p__Halobacteriota;c__Methanosarcinia;o__Methanotrichales;f__Methanotrichaceae;g__Methanothrix;s__Methanothrix sp035402785	methanogen
GCA_035403205.1	p__Halobacteriota	o__Methanotrichales	d__Archaea;p__Halobacteriota;c__Methanosarcinia;o__Methanotrichales;f__Methanotrichaceae;g__Methanothrix;s__Methanothrix sp035403205	methanogen
GCA_035404085.1	p__Thermoplasmatota	o__Methanomassiliicoccales	d__Archaea;p__Thermoplasmatota;c__Thermoplasmata;o__Methanomassiliicoccales;f__UBA472;g__UBA472;s__UBA472 sp035404085	methanogen
GCA_035505975.1	p__Halobacteriota	o__Methanomicrobiales	d__Archaea;p__Halobacteriota;c__Methanomicrobia;o__Methanomicrobiales;f__Methanospirillaceae;g__CAIKOD01;s__CAIKOD01 sp035505975	methanogen
GCA_035506435.1	p__Halobacteriota	o__Methanomicrobiales	d__Archaea;p__Halobacteriota;c__Methanomicrobia;o__Methanomicrobiales;f__JACTUA01;g__JACTUA01;s__JACTUA01 sp035506435	methanogen
GCA_035506675.1	p__Thermoplasmatota	o__Methanomassiliicoccales	d__Archaea;p__Thermoplasmatota;c__Thermoplasmata;o__Methanomassiliicoccales;f__UBA472;g__JAJRAL01;s__JAJRAL01 sp035506675	methanogen
GCA_035515395.1	p__Halobacteriota	o__Methanomicrobiales	d__Archaea;p__Halobacteriota;c__Methanomicrobia;o__Methanomicrobiales;f__Methanospirillaceae;g__Methanoregula;s__Methanoregula sp035515395	methanogen
GCA_035517575.1	p__Halobacteriota	o__Methanomicrobiales	d__Archaea;p__Halobacteriota;c__Methanomicrobia;o__Methanomicrobiales;f__JACTUA01;g__JACTUA01;s__JACTUA01 sp035517575	methanogen
GCA_035518995.1	p__Thermoplasmatota	o__Methanomassiliicoccales	d__Archaea;p__Thermoplasmatota;c__Thermoplasmata;o__Methanomassiliicoccales;f__UBA472;g__JAJRAN01;s__JAJRAN01 sp035518995	methanogen
GCA_035527135.1	p__Halobacteriota	o__Methanotrichales	d__Archaea;p__Halobacteriota;c__Methanosarcinia;o__Methanotrichales;f__Methanotrichaceae;g__Methanothrix;s__Methanothrix sp035527135	methanogen
GCA_035527755.1	p__Thermoplasmatota	o__Methanomassiliicoccales	d__Archaea;p__Thermoplasmatota;c__Thermoplasmata;o__Methanomassiliicoccales;f__UBA472;g__UBA472;s__UBA472 sp035527755	methanogen
GCA_035527915.1	p__Halobacteriota	o__Methanomicrobiales	d__Archaea;p__Halobacteriota;c__Methanomicrobia;o__Methanomicrobiales;f__Methanospirillaceae;g__Methanoregula;s__Methanoregula sp035527915	methanogen
GCA_035528475.1	p__Halobacteriota	o__Methanomicrobiales	d__Archaea;p__Halobacteriota;c__Methanomicrobia;o__Methanomicrobiales;f__Methanospirillaceae;g__SD8;s__SD8 sp035528475	methanogen
GCA_035529155.1	p__Thermoplasmatota	o__Methanomassiliicoccales	d__Archaea;p__Thermoplasmatota;c__Thermoplasmata;o__Methanomassiliicoccales;f__JAAEEP01;g__JAAEEP01;s__JAAEEP01 sp035529155	methanogen
GCA_035530415.1	p__Halobacteriota	o__Methanosarcinales	d__Archaea;p__Halobacteriota;c__Methanosarcinia;o__Methanosarcinales;f__Methanocomedenaceae;g__Kmv04;s__Kmv04 sp035530415	methanogen
GCA_035541835.1	p__Halobacteriota	o__Methanomicrobiales	d__Archaea;p__Halobacteriota;c__Methanomicrobia;o__Methanomicrobiales;f__Methanospirillaceae;g__Methanoregula;s__Methanoregula sp035541835	methanogen
GCA_035542115.1	p__Halobacteriota	o__Methanomicrobiales	d__Archaea;p__Halobacteriota;c__Methanomicrobia;o__Methanomicrobiales;f__JACTUA01;g__JACTUA01;s__JACTUA01 sp035542115	methanogen
GCA_035542895.1	p__Halobacteriota	o__Methanomicrobiales	d__Archaea;p__Halobacteriota;c__Methanomicrobia;o__Methanomicrobiales;f__JACTUA01;g__JACTUA01;s__JACTUA01 sp035542895	methanogen
GCA_035543455.1	p__Halobacteriota	o__Methanomicrobiales	d__Archaea;p__Halobacteriota;c__Methanomicrobia;o__Methanomicrobiales;f__Methanospirillaceae;g__CAIKOD01;s__CAIKOD01 sp035543455	methanogen
GCA_035560655.1	p__Halobacteriota	o__Methanotrichales	d__Archaea;p__Halobacteriota;c__Methanosarcinia;o__Methanotrichales;f__Methanotrichaceae;g__DATMZB01;s__DATMZB01 sp035560655	methanogen
GCA_035560835.1	p__Halobacteriota	o__Methanosarcinales	d__Archaea;p__Halobacteriota;c__Methanosarcinia;o__Methanosarcinales;f__Methanosarcinaceae;g__Methanosarcina;s__Methanosarcina sp035560835	methanogen
GCA_035561295.1	p__Halobacteriota	o__Methanomicrobiales	d__Archaea;p__Halobacteriota;c__Methanomicrobia;o__Methanomicrobiales;f__Methanospirillaceae;g__Methanospirillum;s__Methanospirillum sp035561295	methanogen
GCA_035562475.1	p__Halobacteriota	o__Methanomicrobiales	d__Archaea;p__Halobacteriota;c__Methanomicrobia;o__Methanomicrobiales;f__Methanospirillaceae;g__Methanoregula;s__Methanoregula sp035562475	methanogen
GCA_035622795.1	p__Halobacteriota	o__Methanomicrobiales	d__Archaea;p__Halobacteriota;c__Methanomicrobia;o__Methanomicrobiales;f__Methanospirillaceae;g__Methanoregula;s__Methanoregula sp035622795	methanogen
GCA_036504055.1	p__Thermoplasmatota	o__Methanomassiliicoccales	d__Archaea;p__Thermoplasmatota;c__Thermoplasmata;o__Methanomassiliicoccales;f__UBA472;g__DASXVU01;s__DASXVU01 sp036504055	methanogen
GCA_036504475.1	p__Halobacteriota	o__Methanosarcinales	d__Archaea;p__Halobacteriota;c__Methanosarcinia;o__Methanosarcinales;f__Methanosarcinaceae;g__Methanosarcina;s__Methanosarcina sp036504475	methanogen
GCA_036567605.1	p__Halobacteriota	o__Methanosarcinales	d__Archaea;p__Halobacteriota;c__Methanosarcinia;o__Methanosarcinales;f__Methanoperedenaceae;g__Methanoperedens;s__Methanoperedens sp036567605	methanogen
GCA_036677555.1	p__Thermoplasmatota	o__Methanomassiliicoccales	d__Archaea;p__Thermoplasmatota;c__Thermoplasmata;o__Methanomassiliicoccales;f__UBA472;g__UBA472;s__UBA472 sp036677555	methanogen
GCA_036733165.1	p__Methanobacteriota_B	o__Methanofastidiosales	d__Archaea;p__Methanobacteriota_B;c__Thermococci;o__Methanofastidiosales;f__NM3;g__JAFGGT01;s__JAFGGT01 sp036733165	methanogen
GCA_036733325.1	p__Halobacteriota	o__Methanotrichales	d__Archaea;p__Halobacteriota;c__Methanosarcinia;o__Methanotrichales;f__Methanotrichaceae;g__Methanocrinis;s__Methanocrinis sp036733325	methanogen
GCA_036794525.1	p__Halobacteriota	o__Methanomicrobiales	d__Archaea;p__Halobacteriota;c__Methanomicrobia;o__Methanomicrobiales;f__Methanoculleaceae;g__Methanoculleus;s__Methanoculleus sp036794525	methanogen
GCA_036803605.1	p__Methanobacteriota	o__Methanobacteriales	d__Archaea;p__Methanobacteriota;c__Methanobacteria;o__Methanobacteriales;f__Methanobacteriaceae;g__Methanobacterium_B;s__Methanobacterium_B sp036803605	methanogen
GCA_037128175.1	p__Halobacteriota	o__Methanotrichales	d__Archaea;p__Halobacteriota;c__Methanosarcinia;o__Methanotrichales;f__Methanotrichaceae;g__Methanothrix;s__Methanothrix sp037128175	methanogen
GCA_037130095.1	p__Halobacteriota	o__Methanomicrobiales	d__Archaea;p__Halobacteriota;c__Methanomicrobia;o__Methanomicrobiales;f__Methanospirillaceae;g__CAIKOD01;s__CAIKOD01 sp037130095	methanogen
GCA_037134435.1	p__Halobacteriota	o__Methanomicrobiales	d__Archaea;p__Halobacteriota;c__Methanomicrobia;o__Methanomicrobiales;f__Methanospirillaceae;g__CAIKOD01;s__CAIKOD01 sp037134435	methanogen
GCA_037137755.1	p__Halobacteriota	o__Methanomicrobiales	d__Archaea;p__Halobacteriota;c__Methanomicrobia;o__Methanomicrobiales;f__Methanospirillaceae;g__CAIKOD01;s__CAIKOD01 sp037137755	methanogen
GCA_037141115.1	p__Halobacteriota	o__Methanomicrobiales	d__Archaea;p__Halobacteriota;c__Methanomicrobia;o__Methanomicrobiales;f__Methanospirillaceae;g__Methanoregula;s__Methanoregula sp037141115	methanogen
GCA_037478935.1	p__Thermoproteota	o__Methanomethylicales	d__Archaea;p__Thermoproteota;c__Methanomethylicia;o__Methanomethylicales;f__Methanomethylicaceae;g__Methanosuratincola;s__Methanosuratincola sp037478935	methanogen
GCA_037916685.1	p__Halobacteriota	o__Methanomicrobiales	d__Archaea;p__Halobacteriota;c__Methanomicrobia;o__Methanomicrobiales;f__JACTUA01;g__JAJRCM01;s__JAJRCM01 sp037916685	methanogen
GCA_038740345.1	p__Thermoplasmatota	o__Methanomassiliicoccales	d__Archaea;p__Thermoplasmatota;c__Thermoplasmata;o__Methanomassiliicoccales;f__UBA472;g__JAJRAN01;s__JAJRAN01 sp038740345	methanogen
GCA_038801655.1	p__Thermoproteota	o__Methanomethylicales	d__Archaea;p__Thermoproteota;c__Methanomethylicia;o__Methanomethylicales;f__Methanomethylicaceae;g__Methanosuratincola;s__Methanosuratincola sp038801655	methanogen
GCA_038801785.1	p__Thermoproteota	o__Methanomethylicales	d__Archaea;p__Thermoproteota;c__Methanomethylicia;o__Methanomethylicales;f__Methanomethylicaceae;g__JAULTD01;s__JAULTD01 sp038801785	methanogen
GCA_038850735.1	p__Thermoplasmatota	o__Methanomassiliicoccales	d__Archaea;p__Thermoplasmatota;c__Thermoplasmata;o__Methanomassiliicoccales;f__JACIVX01;g__JACIVX01;s__JACIVX01 sp038850735	methanogen
GCA_039666455.1	p__Methanobacteriota	o__Methanobacteriales	d__Archaea;p__Methanobacteriota;c__Methanobacteria;o__Methanobacteriales;f__Methanobacteriaceae;g__Methanobacterium_D;s__Methanobacterium_D sp039666455	methanogen
GCA_039666535.1	p__Methanobacteriota	o__Methanobacteriales	d__Archaea;p__Methanobacteriota;c__Methanobacteria;o__Methanobacteriales;f__Methanobacteriaceae;g__Methanobacterium_D;s__Methanobacterium_D sp039666535	methanogen
GCA_039679285.1	p__Methanobacteriota	o__Methanobacteriales	d__Archaea;p__Methanobacteriota;c__Methanobacteria;o__Methanobacteriales;f__Methanobacteriaceae;g__Methanobacterium;s__Methanobacterium sp039679285	methanogen
GCA_039679395.1	p__Halobacteriota	o__Methanomicrobiales	d__Archaea;p__Halobacteriota;c__Methanomicrobia;o__Methanomicrobiales;f__Methanospirillaceae;g__UBA288;s__UBA288 sp039679395	methanogen
GCA_039679445.1	p__Methanobacteriota_B	o__Methanofastidiosales	d__Archaea;p__Methanobacteriota_B;c__Thermococci;o__Methanofastidiosales;f__Methanofastidiosaceae;g__Methanofastidiosum;s__Methanofastidiosum sp039679445	methanogen
GCA_039683275.1	p__Halobacteriota	o__Methanomicrobiales	d__Archaea;p__Halobacteriota;c__Methanomicrobia;o__Methanomicrobiales;f__Methanospirillaceae;g__JBDKRP01;s__JBDKRP01 sp039683275	methanogen
GCA_039698055.1	p__Halobacteriota	o__Methanomicrobiales	d__Archaea;p__Halobacteriota;c__Methanomicrobia;o__Methanomicrobiales;f__Methanospirillaceae;g__Methanoregula;s__Methanoregula sp039698055	methanogen
GCA_039833665.1	p__Methanobacteriota	o__Methanococcales	d__Archaea;p__Methanobacteriota;c__Methanococci;o__Methanococcales;f__Methanocaldococcaceae;g__Methanocaldococcus;s__Methanocaldococcus sp039833665	methanogen
GCA_039833815.1	p__Methanobacteriota	o__Methanopyrales	d__Archaea;p__Methanobacteriota;c__Methanopyri;o__Methanopyrales;f__Methanopyraceae;g__Methanopyrus;s__Methanopyrus sp039833815	methanogen
GCA_040373355.1	p__Methanobacteriota	o__Methanobacteriales	d__Archaea;p__Methanobacteriota;c__Methanobacteria;o__Methanobacteriales;f__Methanobacteriaceae;g__Methanobacterium_D;s__Methanobacterium_D sp040373355	methanogen
GCA_040765825.1	p__Thermoplasmatota	o__Methanomassiliicoccales	d__Archaea;p__Thermoplasmatota;c__Thermoplasmata;o__Methanomassiliicoccales;f__UBA472;g__UBA472;s__UBA472 sp040765825	methanogen
GCA_040768245.1	p__Thermoplasmatota	o__Methanomassiliicoccales	d__Archaea;p__Thermoplasmatota;c__Thermoplasmata;o__Methanomassiliicoccales;f__UBA472;g__UBA472;s__UBA472 sp040768245	methanogen
GCA_040770465.1	p__Halobacteriota	o__Methanotrichales	d__Archaea;p__Halobacteriota;c__Methanosarcinia;o__Methanotrichales;f__Methanotrichaceae;g__Methanocrinis;s__Methanocrinis sp040770465	methanogen
GCA_040771805.1	p__Methanobacteriota_B	o__Methanofastidiosales	d__Archaea;p__Methanobacteriota_B;c__Thermococci;o__Methanofastidiosales;f__Methanofastidiosaceae;g__Methanofastidiosum;s__Methanofastidiosum sp012799835	methanogen
GCA_040776445.1	p__Halobacteriota	o__Methanomicrobiales	d__Archaea;p__Halobacteriota;c__Methanomicrobia;o__Methanomicrobiales;f__Methanospirillaceae;g__SD8;s__SD8 sp018432765	methanogen
GCA_040776945.1	p__Thermoplasmatota	o__Methanomassiliicoccales	d__Archaea;p__Thermoplasmatota;c__Thermoplasmata;o__Methanomassiliicoccales;f__Methanomassiliicoccaceae;g__UBA6;s__UBA6 sp022709105	methanogen
GCA_041304605.1	p__Thermoplasmatota	o__Methanomassiliicoccales	d__Archaea;p__Thermoplasmatota;c__Thermoplasmata;o__Methanomassiliicoccales;f__UBA472;g__UBA472;s__UBA472 sp041304605	methanogen
GCA_041305465.1	p__Halobacteriota	o__Methanotrichales	d__Archaea;p__Halobacteriota;c__Methanosarcinia;o__Methanotrichales;f__Methanotrichaceae;g__Methanothrix;s__Methanothrix sp041305465	methanogen
GCA_041305505.1	p__Halobacteriota	o__Methanotrichales	d__Archaea;p__Halobacteriota;c__Methanosarcinia;o__Methanotrichales;f__Methanotrichaceae;g__Methanothrix;s__Methanothrix sp041305505	methanogen
GCA_041305745.1	p__Halobacteriota	o__Methanomicrobiales	d__Archaea;p__Halobacteriota;c__Methanomicrobia;o__Methanomicrobiales;f__Methanospirillaceae;g__UBA467;s__UBA467 sp041305745	methanogen
GCA_041305785.1	p__Halobacteriota	o__Methanomicrobiales	d__Archaea;p__Halobacteriota;c__Methanomicrobia;o__Methanomicrobiales;f__Methanospirillaceae;g__Methanoregula;s__Methanoregula sp041305785	methanogen
GCA_041395005.1	p__Halobacteriota	o__Methanosarcinales	d__Archaea;p__Halobacteriota;c__Methanosarcinia;o__Methanosarcinales;f__Methanosarcinaceae;g__Methanolobus;s__Methanolobus sp041395005	methanogen
GCA_041478695.1	p__Thermoplasmatota	o__Methanomassiliicoccales	d__Archaea;p__Thermoplasmatota;c__Thermoplasmata;o__Methanomassiliicoccales;f__JACIVX01;g__JAJRAG01;s__JAJRAG01 sp041478695	methanogen
GCA_041479675.1	p__Halobacteriota	o__Methanosarcinales	d__Archaea;p__Halobacteriota;c__Methanosarcinia;o__Methanosarcinales;f__Methanoperedenaceae;g__Methanoperedens;s__Methanoperedens sp041479675	methanogen
GCA_041480465.1	p__Halobacteriota	o__Methanomicrobiales	d__Archaea;p__Halobacteriota;c__Methanomicrobia;o__Methanomicrobiales;f__Methanospirillaceae;g__Methanoregula;s__Methanoregula sp041480465	methanogen
GCA_041491305.1	p__Halobacteriota	o__Methanosarcinales	d__Archaea;p__Halobacteriota;c__Methanosarcinia;o__Methanosarcinales;f__Methanoperedenaceae;g__Methanoperedens;s__Methanoperedens sp041491305	methanogen
GCA_041494285.1	p__Halobacteriota	o__Methanotrichales	d__Archaea;p__Halobacteriota;c__Methanosarcinia;o__Methanotrichales;f__Methanotrichaceae;g__Fen-7;s__Fen-7 sp041494285	methanogen
GCA_041494705.1	p__Halobacteriota	o__Methanosarcinales	d__Archaea;p__Halobacteriota;c__Methanosarcinia;o__Methanosarcinales;f__Methanoperedenaceae;g__Methanoperedens;s__Methanoperedens sp041494705	methanogen
GCA_041548445.1	p__Halobacteriota	o__Methanotrichales	d__Archaea;p__Halobacteriota;c__Methanosarcinia;o__Methanotrichales;f__Methanotrichaceae;g__Methanocrinis;s__Methanocrinis sp041548445	methanogen
GCA_041554835.1	p__Halobacteriota	o__Methanomicrobiales	d__Archaea;p__Halobacteriota;c__Methanomicrobia;o__Methanomicrobiales;f__Methanomicrobiaceae;g__Methanovulcanius;s__Methanovulcanius sp041554835	methanogen
GCA_041596555.1	p__Halobacteriota	o__Methanosarcinales	d__Archaea;p__Halobacteriota;c__Methanosarcinia;o__Methanosarcinales;f__Methanosarcinaceae;g__Methanosarcina;s__Methanosarcina sp041596555	methanogen
GCA_041645055.1	p__Halobacteriota	o__Methanomicrobiales	d__Archaea;p__Halobacteriota;c__Methanomicrobia;o__Methanomicrobiales;f__Methanospirillaceae;g__Methanoregula;s__Methanoregula sp041645055	methanogen
GCA_041645355.1	p__Halobacteriota	o__Methanomicrobiales	d__Archaea;p__Halobacteriota;c__Methanomicrobia;o__Methanomicrobiales;f__Methanospirillaceae;g__Methanoregula;s__Methanoregula sp041645355	methanogen
GCA_041645435.1	p__Halobacteriota	o__Methanomicrobiales	d__Archaea;p__Halobacteriota;c__Methanomicrobia;o__Methanomicrobiales;f__Methanospirillaceae;g__Methanoregula;s__Methanoregula sp041645435	methanogen
GCA_041648475.1	p__Halobacteriota	o__Methanosarcinales	d__Archaea;p__Halobacteriota;c__Methanosarcinia;o__Methanosarcinales;f__Methanoperedenaceae;g__Methanoperedens;s__Methanoperedens sp041648475	methanogen
GCA_041652215.1	p__Halobacteriota	o__Methanomicrobiales	d__Archaea;p__Halobacteriota;c__Methanomicrobia;o__Methanomicrobiales;f__Methanospirillaceae;g__Methanoregula;s__Methanoregula sp041652215	methanogen
GCA_041652515.1	p__Halobacteriota	o__Methanomicrobiales	d__Archaea;p__Halobacteriota;c__Methanomicrobia;o__Methanomicrobiales;f__Methanospirillaceae;g__Methanoregula;s__Methanoregula sp041652515	methanogen
GCA_041653075.1	p__Halobacteriota	o__Methanomicrobiales	d__Archaea;p__Halobacteriota;c__Methanomicrobia;o__Methanomicrobiales;f__Methanospirillaceae;g__Methanoregula;s__Methanoregula sp041653075	methanogen
GCA_041654195.1	p__Thermoplasmatota	o__Methanomassiliicoccales	d__Archaea;p__Thermoplasmatota;c__Thermoplasmata;o__Methanomassiliicoccales;f__Methanomethylophilaceae;g__JBAZDV01;s__JBAZDV01 sp041654195	methanogen
GCA_041662685.1	p__Halobacteriota	o__Methanomicrobiales	d__Archaea;p__Halobacteriota;c__Methanomicrobia;o__Methanomicrobiales;f__Methanospirillaceae;g__Methanoregula;s__Methanoregula sp041662685	methanogen
GCA_041663625.1	p__Halobacteriota	o__Methanomicrobiales	d__Archaea;p__Halobacteriota;c__Methanomicrobia;o__Methanomicrobiales;f__Methanospirillaceae;g__Methanoregula;s__Methanoregula sp041663625	methanogen
GCA_041669745.1	p__Thermoplasmatota	o__Methanomassiliicoccales	d__Archaea;p__Thermoplasmatota;c__Thermoplasmata;o__Methanomassiliicoccales;f__Methanomethylophilaceae;g__JBAZDV01;s__JBAZDV01 sp041669745	methanogen
GCA_041677325.1	p__Halobacteriota	o__Methanomicrobiales	d__Archaea;p__Halobacteriota;c__Methanomicrobia;o__Methanomicrobiales;f__Methanoculleaceae;g__Methanoculleus;s__Methanoculleus sp041677325	methanogen
GCA_041678455.1	p__Methanobacteriota_B	o__Methanofastidiosales	d__Archaea;p__Methanobacteriota_B;c__Thermococci;o__Methanofastidiosales;f__Methanofastidiosaceae;g__Methanofastidiosum;s__Methanofastidiosum sp041678455	methanogen
GCA_041694315.1	p__Halobacteriota	o__Methanosarcinales	d__Archaea;p__Halobacteriota;c__Methanosarcinia;o__Methanosarcinales;f__Methanosarcinaceae;g__Methanohalophilus;s__Methanohalophilus sp041694315	methanogen
GCA_900313645.1	p__Methanobacteriota	o__Methanobacteriales	d__Archaea;p__Methanobacteriota;c__Methanobacteria;o__Methanobacteriales;f__Methanobacteriaceae;g__Methanocatella;s__Methanocatella sp900313645	methanogen
GCA_900314605.1	p__Methanobacteriota	o__Methanobacteriales	d__Archaea;p__Methanobacteriota;c__Methanobacteria;o__Methanobacteriales;f__Methanobacteriaceae;g__Methanarmilla;s__Methanarmilla sp900314605	methanogen
GCA_900314635.1	p__Methanobacteriota	o__Methanobacteriales	d__Archaea;p__Methanobacteriota;c__Methanobacteria;o__Methanobacteriales;f__Methanobacteriaceae;g__Methanobrevibacter;s__Methanobrevibacter sp900314635	methanogen
GCA_900318035.1	p__Methanobacteriota	o__Methanobacteriales	d__Archaea;p__Methanobacteriota;c__Methanobacteria;o__Methanobacteriales;f__Methanobacteriaceae;g__Methanocatella;s__Methanocatella sp900318035	methanogen
GCA_900320515.1	p__Methanobacteriota	o__Methanobacteriales	d__Archaea;p__Methanobacteriota;c__Methanobacteria;o__Methanobacteriales;f__Methanobacteriaceae;g__Methanocatella;s__Methanocatella sp900320515	methanogen
GCA_900320955.1	p__Methanobacteriota	o__Methanobacteriales	d__Archaea;p__Methanobacteriota;c__Methanobacteria;o__Methanobacteriales;f__Methanobacteriaceae;g__Methanocatella;s__Methanocatella sp900320955	methanogen
GCA_900321995.1	p__Methanobacteriota	o__Methanobacteriales	d__Archaea;p__Methanobacteriota;c__Methanobacteria;o__Methanobacteriales;f__Methanobacteriaceae;g__Methanobrevibacter;s__Methanobrevibacter sp900321995	methanogen
GCA_900767505.1	p__Thermoplasmatota	o__Methanomassiliicoccales	d__Archaea;p__Thermoplasmatota;c__Thermoplasmata;o__Methanomassiliicoccales;f__Methanomethylophilaceae;g__Methanoprimaticola;s__Methanoprimaticola sp900767505	methanogen
GCA_902384525.1	p__Halobacteriota	o__Methanosarcinales	d__Archaea;p__Halobacteriota;c__Methanosarcinia;o__Methanosarcinales;f__Methanoperedenaceae;g__Methanoperedens;s__Methanoperedens sp902384525	methanogen
GCA_902385025.1	p__Halobacteriota	o__Methanotrichales	d__Archaea;p__Halobacteriota;c__Methanosarcinia;o__Methanotrichales;f__Methanotrichaceae;g__Methanothrix;s__Methanothrix sp902385025	methanogen
GCA_902386085.1	p__Halobacteriota	o__Methanosarcinales	d__Archaea;p__Halobacteriota;c__Methanosarcinia;o__Methanosarcinales;f__Methanoperedenaceae;g__Methanoperedens;s__Methanoperedens sp902386085	methanogen
GCA_902386115.1	p__Halobacteriota	o__Methanosarcinales	d__Archaea;p__Halobacteriota;c__Methanosarcinia;o__Methanosarcinales;f__Methanoperedenaceae;g__Methanoperedens;s__Methanoperedens sp902386115	methanogen
GCA_902386135.1	p__Halobacteriota	o__Methanosarcinales	d__Archaea;p__Halobacteriota;c__Methanosarcinia;o__Methanosarcinales;f__Methanoperedenaceae;g__Methanoperedens;s__Methanoperedens sp902386135	methanogen
GCA_902386205.1	p__Halobacteriota	o__Methanosarcinales	d__Archaea;p__Halobacteriota;c__Methanosarcinia;o__Methanosarcinales;f__Methanoperedenaceae;g__Methanoperedens;s__Methanoperedens sp902386205	methanogen
GCA_902386255.1	p__Halobacteriota	o__Methanosarcinales	d__Archaea;p__Halobacteriota;c__Methanosarcinia;o__Methanosarcinales;f__Methanoperedenaceae;g__Methanoperedens;s__Methanoperedens sp902386255	methanogen
GCA_902463315.1	p__Methanobacteriota	o__Methanobacteriales	d__Archaea;p__Methanobacteriota;c__Methanobacteria;o__Methanobacteriales;f__Methanobacteriaceae;g__Methanocatella;s__Methanocatella sp900766745	methanogen
GCA_902763685.1	p__Thermoplasmatota	o__Methanomassiliicoccales	d__Archaea;p__Thermoplasmatota;c__Thermoplasmata;o__Methanomassiliicoccales;f__Methanomethylophilaceae;g__Methanomethylophilus;s__Methanomethylophilus sp902763685	methanogen
GCA_902764015.1	p__Methanobacteriota	o__Methanobacteriales	d__Archaea;p__Methanobacteriota;c__Methanobacteria;o__Methanobacteriales;f__Methanobacteriaceae;g__Methanocatella;s__Methanocatella sp902764015	methanogen
GCA_902772665.1	p__Methanobacteriota	o__Methanobacteriales	d__Archaea;p__Methanobacteriota;c__Methanobacteria;o__Methanobacteriales;f__Methanobacteriaceae;g__Methanocatella;s__Methanocatella sp902772665	methanogen
GCA_902774685.1	p__Methanobacteriota	o__Methanobacteriales	d__Archaea;p__Methanobacteriota;c__Methanobacteria;o__Methanobacteriales;f__Methanobacteriaceae;g__Methanobrevibacter;s__Methanobrevibacter sp902774685	methanogen
GCA_902777885.1	p__Methanobacteriota	o__Methanobacteriales	d__Archaea;p__Methanobacteriota;c__Methanobacteria;o__Methanobacteriales;f__Methanobacteriaceae;g__Methanocatella;s__Methanocatella sp902777885	methanogen
GCA_902782595.1	p__Methanobacteriota	o__Methanobacteriales	d__Archaea;p__Methanobacteriota;c__Methanobacteria;o__Methanobacteriales;f__Methanobacteriaceae;g__Methanocatella;s__Methanocatella sp902782595	methanogen
GCA_902783085.1	p__Methanobacteriota	o__Methanobacteriales	d__Archaea;p__Methanobacteriota;c__Methanobacteria;o__Methanobacteriales;f__Methanobacteriaceae;g__Methanocatella;s__Methanocatella sp902783085	methanogen
GCA_902787415.1	p__Thermoplasmatota	o__Methanomassiliicoccales	d__Archaea;p__Thermoplasmatota;c__Thermoplasmata;o__Methanomassiliicoccales;f__Methanomethylophilaceae;g__Methanomethylophilus;s__Methanomethylophilus sp902787415	methanogen
GCA_902789505.1	p__Methanobacteriota	o__Methanobacteriales	d__Archaea;p__Methanobacteriota;c__Methanobacteria;o__Methanobacteriales;f__Methanobacteriaceae;g__Methanocatella;s__Methanocatella sp902789505	methanogen
GCA_902794475.1	p__Methanobacteriota	o__Methanobacteriales	d__Archaea;p__Methanobacteriota;c__Methanobacteria;o__Methanobacteriales;f__Methanobacteriaceae;g__Methanocatella;s__Methanocatella sp902794475	methanogen
GCA_902795935.1	p__Methanobacteriota	o__Methanobacteriales	d__Archaea;p__Methanobacteriota;c__Methanobacteria;o__Methanobacteriales;f__Methanobacteriaceae;g__CADBMS01;s__CADBMS01 sp902795935	methanogen
GCA_902796575.1	p__Methanobacteriota	o__Methanobacteriales	d__Archaea;p__Methanobacteriota;c__Methanobacteria;o__Methanobacteriales;f__Methanobacteriaceae;g__Methanocatella;s__Methanocatella sp902796575	methanogen
GCA_902797085.1	p__Methanobacteriota	o__Methanobacteriales	d__Archaea;p__Methanobacteriota;c__Methanobacteria;o__Methanobacteriales;f__Methanobacteriaceae;g__Methanosphaera;s__Methanosphaera sp902797085	methanogen
GCA_903819595.1	p__Halobacteriota	o__Methanomicrobiales	d__Archaea;p__Halobacteriota;c__Methanomicrobia;o__Methanomicrobiales;f__Methanospirillaceae;g__CAIKOD01;s__CAIKOD01 sp903819595	methanogen
GCA_903828975.1	p__Halobacteriota	o__Methanomicrobiales	d__Archaea;p__Halobacteriota;c__Methanomicrobia;o__Methanomicrobiales;f__Methanospirillaceae;g__CAIKOD01;s__CAIKOD01 sp903828975	methanogen
GCA_903832665.1	p__Halobacteriota	o__Methanomicrobiales	d__Archaea;p__Halobacteriota;c__Methanomicrobia;o__Methanomicrobiales;f__Methanospirillaceae;g__Methanoregula;s__Methanoregula sp903832665	methanogen
GCA_903871465.1	p__Halobacteriota	o__Methanotrichales	d__Archaea;p__Halobacteriota;c__Methanosarcinia;o__Methanotrichales;f__Methanotrichaceae;g__Methanothrix;s__Methanothrix sp903871465	methanogen
GCA_903900025.1	p__Halobacteriota	o__Methanomicrobiales	d__Archaea;p__Halobacteriota;c__Methanomicrobia;o__Methanomicrobiales;f__Methanospirillaceae;g__MVRE01;s__MVRE01 sp903900025	methanogen
GCA_903926075.1	p__Halobacteriota	o__Methanomicrobiales	d__Archaea;p__Halobacteriota;c__Methanomicrobia;o__Methanomicrobiales;f__Methanospirillaceae;g__CAIYHQ01;s__CAIYHQ01 sp903926075	methanogen
GCA_904501935.1	p__Methanobacteriota	o__Methanobacteriales	d__Archaea;p__Methanobacteriota;c__Methanobacteria;o__Methanobacteriales;f__Methanobacteriaceae;g__Methanocatella;s__Methanocatella sp904501935	methanogen
GCA_905067555.1	p__Halobacteriota	o__Methanosarcinales	d__Archaea;p__Halobacteriota;c__Methanosarcinia;o__Methanosarcinales;f__EX4572-44;g__Ethanoperedens;s__Ethanoperedens ethanivorans_C	methanogen
GCA_905171695.1	p__Halobacteriota	o__Methanosarcinales	d__Archaea;p__Halobacteriota;c__Methanosarcinia;o__Methanosarcinales;f__EX4572-44;g__EX4572-44;s__EX4572-44 sp905171695	methanogen
GCA_905187815.1	p__Thermoplasmatota	o__Methanomassiliicoccales	d__Archaea;p__Thermoplasmatota;c__Thermoplasmata;o__Methanomassiliicoccales;f__Methanomethylophilaceae;g__Methanoprimaticola;s__Methanoprimaticola sp905187815	methanogen
GCA_905202485.1	p__Thermoplasmatota	o__Methanomassiliicoccales	d__Archaea;p__Thermoplasmatota;c__Thermoplasmata;o__Methanomassiliicoccales;f__Methanomassiliicoccaceae;g__Methanomassiliicoccus_A;s__Methanomassiliicoccus_A sp905202485	methanogen
GCA_905203995.1	p__Thermoplasmatota	o__Methanomassiliicoccales	d__Archaea;p__Thermoplasmatota;c__Thermoplasmata;o__Methanomassiliicoccales;f__Methanomassiliicoccaceae;g__Methanomassiliicoccus_A;s__Methanomassiliicoccus_A sp905203995	methanogen
GCA_905235495.1	p__Methanobacteriota	o__Methanobacteriales	d__Archaea;p__Methanobacteriota;c__Methanobacteria;o__Methanobacteriales;f__Methanobacteriaceae;g__Methanobrevibacter;s__Methanobrevibacter sp905235495	methanogen
GCA_905339155.1	p__Halobacteriota	o__Methanosarcinales	d__Archaea;p__Halobacteriota;c__Methanosarcinia;o__Methanosarcinales;f__Methanoperedenaceae;g__Methanoperedens;s__Methanoperedens sp905339155	methanogen
GCA_934234005.1	p__Thermoplasmatota	o__Methanomassiliicoccales	d__Archaea;p__Thermoplasmatota;c__Thermoplasmata;o__Methanomassiliicoccales;f__Methanomethylophilaceae;g__Methanoprimaticola;s__Methanoprimaticola sp934234005	methanogen
GCA_934702355.1	p__Thermoplasmatota	o__Methanomassiliicoccales	d__Archaea;p__Thermoplasmatota;c__Thermoplasmata;o__Methanomassiliicoccales;f__Methanomethylophilaceae;g__Methanoprimaticola;s__Methanoprimaticola sp934702355	methanogen
GCA_937864385.1	p__Halobacteriota	o__Methanotrichales	d__Archaea;p__Halobacteriota;c__Methanosarcinia;o__Methanotrichales;f__Methanotrichaceae;g__Methanothrix;s__Methanothrix sp937864385	methanogen
GCA_937892275.1	p__Thermoplasmatota	o__Methanomassiliicoccales	d__Archaea;p__Thermoplasmatota;c__Thermoplasmata;o__Methanomassiliicoccales;f__Methanomethylophilaceae;g__Methanoprimaticola;s__Methanoprimaticola sp937892275	methanogen
GCA_937906725.1	p__Halobacteriota	o__Methanosarcinales	d__Archaea;p__Halobacteriota;c__Methanosarcinia;o__Methanosarcinales;f__Methanosarcinaceae;g__Methanosarcina;s__Methanosarcina sp11020u	methanogen
GCA_937930465.1	p__Thermoproteota	o__Methanomethylicales	d__Archaea;p__Thermoproteota;c__Methanomethylicia;o__Methanomethylicales;f__Methanomethylicaceae;g__Methanosuratincola;s__Methanosuratincola sp937930465	methanogen
GCA_944319735.1	p__Thermoplasmatota	o__Methanomassiliicoccales	d__Archaea;p__Thermoplasmatota;c__Thermoplasmata;o__Methanomassiliicoccales;f__Methanomassiliicoccaceae;g__Methanomassiliicoccus_A;s__Methanomassiliicoccus_A sp944319735	methanogen
GCA_944320485.1	p__Thermoplasmatota	o__Methanomassiliicoccales	d__Archaea;p__Thermoplasmatota;c__Thermoplasmata;o__Methanomassiliicoccales;f__Methanomethylophilaceae;g__Methanoprimaticola;s__Methanoprimaticola sp944320485	methanogen
GCA_944320495.1	p__Thermoplasmatota	o__Methanomassiliicoccales	d__Archaea;p__Thermoplasmatota;c__Thermoplasmata;o__Methanomassiliicoccales;f__Methanomethylophilaceae;g__Methanoprimaticola;s__Methanoprimaticola sp944320495	methanogen
GCA_944321505.1	p__Thermoplasmatota	o__Methanomassiliicoccales	d__Archaea;p__Thermoplasmatota;c__Thermoplasmata;o__Methanomassiliicoccales;f__Methanomethylophilaceae;g__SIG5;s__SIG5 sp944321505	methanogen
GCA_944321985.1	p__Thermoplasmatota	o__Methanomassiliicoccales	d__Archaea;p__Thermoplasmatota;c__Thermoplasmata;o__Methanomassiliicoccales;f__Methanomethylophilaceae;g__Methanoprimaticola;s__Methanoprimaticola sp944321985	methanogen
GCA_944322255.1	p__Thermoplasmatota	o__Methanomassiliicoccales	d__Archaea;p__Thermoplasmatota;c__Thermoplasmata;o__Methanomassiliicoccales;f__Methanomethylophilaceae;g__Methanoprimaticola;s__Methanoprimaticola sp944322255	methanogen
GCA_945492685.1	p__Thermoplasmatota	o__Methanomassiliicoccales	d__Archaea;p__Thermoplasmatota;c__Thermoplasmata;o__Methanomassiliicoccales;f__Methanomethylophilaceae;g__Methanoprimaticola;s__Methanoprimaticola sp945492685	methanogen
GCA_946537725.1	p__Methanobacteriota	o__Methanobacteriales	d__Archaea;p__Methanobacteriota;c__Methanobacteria;o__Methanobacteriales;f__Methanobacteriaceae;g__Methanosphaera;s__Methanosphaera sp946537725	methanogen
GCA_946541845.1	p__Methanobacteriota	o__Methanobacteriales	d__Archaea;p__Methanobacteriota;c__Methanobacteria;o__Methanobacteriales;f__Methanobacteriaceae;g__Methanocatella;s__Methanocatella sp946541845	methanogen
GCA_946545675.1	p__Thermoplasmatota	o__Methanomassiliicoccales	d__Archaea;p__Thermoplasmatota;c__Thermoplasmata;o__Methanomassiliicoccales;f__Methanomethylophilaceae;g__Methanomethylophilus;s__Methanomethylophilus sp946545675	methanogen
GCA_946611495.1	p__Methanobacteriota	o__Methanobacteriales	d__Archaea;p__Methanobacteriota;c__Methanobacteria;o__Methanobacteriales;f__Methanobacteriaceae;g__Methanobrevibacter;s__Methanobrevibacter sp946611495	methanogen
GCA_947259185.1	p__Methanobacteriota	o__Methanobacteriales	d__Archaea;p__Methanobacteriota;c__Methanobacteria;o__Methanobacteriales;f__Methanobacteriaceae;g__Methanobacterium_F;s__Methanobacterium_F sp947259185	methanogen
GCA_947628455.1	p__Methanobacteriota	o__Methanobacteriales	d__Archaea;p__Methanobacteriota;c__Methanobacteria;o__Methanobacteriales;f__Methanobacteriaceae;g__Methanocatella;s__Methanocatella sp947628455	methanogen
GCA_949292635.1	p__Thermoplasmatota	o__Methanomassiliicoccales	d__Archaea;p__Thermoplasmatota;c__Thermoplasmata;o__Methanomassiliicoccales;f__Methanomethylophilaceae;g__SIG5;s__SIG5 sp949292635	methanogen
GCA_949295765.1	p__Thermoplasmatota	o__Methanomassiliicoccales	d__Archaea;p__Thermoplasmatota;c__Thermoplasmata;o__Methanomassiliicoccales;f__Methanomethylophilaceae;g__Methanoprimaticola;s__Methanoprimaticola sp949295765	methanogen
GCA_949298875.1	p__Thermoplasmatota	o__Methanomassiliicoccales	d__Archaea;p__Thermoplasmatota;c__Thermoplasmata;o__Methanomassiliicoccales;f__Methanomethylophilaceae;g__Methanoprimaticola;s__Methanoprimaticola sp949298875	methanogen
GCA_949319355.1	p__Halobacteriota	o__Methanomicrobiales	d__Archaea;p__Halobacteriota;c__Methanomicrobia;o__Methanomicrobiales;f__Methanospirillaceae;g__KLAP105;s__KLAP105 sp949319355	methanogen
GCA_949320185.1	p__Halobacteriota	o__Methanomicrobiales	d__Archaea;p__Halobacteriota;c__Methanomicrobia;o__Methanomicrobiales;f__Methanospirillaceae;g__UBA288;s__UBA288 sp949320185	methanogen
GCA_959597175.1	p__Thermoplasmatota	o__Methanomassiliicoccales	d__Archaea;p__Thermoplasmatota;c__Thermoplasmata;o__Methanomassiliicoccales;f__Methanomethylophilaceae;g__Methanoprimaticola;s__Methanoprimaticola sp959597175	methanogen
GCA_963586845.1	p__Thermoplasmatota	o__Methanomassiliicoccales	d__Archaea;p__Thermoplasmatota;c__Thermoplasmata;o__Methanomassiliicoccales;f__Methanomethylophilaceae;g__Methanoprimaticola;s__Methanoprimaticola sp963586845	methanogen
GCA_963591575.1	p__Thermoplasmatota	o__Methanomassiliicoccales	d__Archaea;p__Thermoplasmatota;c__Thermoplasmata;o__Methanomassiliicoccales;f__Methanomethylophilaceae;g__Methanomethylophilus;s__Methanomethylophilus sp963591575	methanogen
GCA_963605395.1	p__Thermoplasmatota	o__Methanomassiliicoccales	d__Archaea;p__Thermoplasmatota;c__Thermoplasmata;o__Methanomassiliicoccales;f__Methanomethylophilaceae;g__Methanoprimaticola;s__Methanoprimaticola sp963605395	methanogen
GCA_963606955.1	p__Methanobacteriota	o__Methanobacteriales	d__Archaea;p__Methanobacteriota;c__Methanobacteria;o__Methanobacteriales;f__Methanobacteriaceae;g__Methanocatella;s__Methanocatella sp963606955	methanogen
GCA_963611065.1	p__Thermoplasmatota	o__Methanomassiliicoccales	d__Archaea;p__Thermoplasmatota;c__Thermoplasmata;o__Methanomassiliicoccales;f__Methanomethylophilaceae;g__Methanoprimaticola;s__Methanoprimaticola sp963611065	methanogen
GCA_963625795.1	p__Thermoplasmatota	o__Methanomassiliicoccales	d__Archaea;p__Thermoplasmatota;c__Thermoplasmata;o__Methanomassiliicoccales;f__Methanomethylophilaceae;g__Methanarcanum;s__Methanarcanum sp963625795	methanogen
GCA_963631655.1	p__Thermoplasmatota	o__Methanomassiliicoccales	d__Archaea;p__Thermoplasmatota;c__Thermoplasmata;o__Methanomassiliicoccales;f__Methanomethylophilaceae;g__Methanomethylophilus;s__Methanomethylophilus sp963631655	methanogen
GCA_963632775.1	p__Thermoplasmatota	o__Methanomassiliicoccales	d__Archaea;p__Thermoplasmatota;c__Thermoplasmata;o__Methanomassiliicoccales;f__Methanomethylophilaceae;g__Methanarcanum;s__Methanarcanum sp963632775	methanogen
GCA_963635855.1	p__Thermoplasmatota	o__Methanomassiliicoccales	d__Archaea;p__Thermoplasmatota;c__Thermoplasmata;o__Methanomassiliicoccales;f__Methanomethylophilaceae;g__Methanomethylophilus;s__Methanomethylophilus sp963635855	methanogen
GCA_963637225.1	p__Thermoplasmatota	o__Methanomassiliicoccales	d__Archaea;p__Thermoplasmatota;c__Thermoplasmata;o__Methanomassiliicoccales;f__Methanomethylophilaceae;g__Methanoprimaticola;s__Methanoprimaticola sp963637225	methanogen
GCA_963637895.1	p__Thermoplasmatota	o__Methanomassiliicoccales	d__Archaea;p__Thermoplasmatota;c__Thermoplasmata;o__Methanomassiliicoccales;f__Methanomethylophilaceae;g__Methanoprimaticola;s__Methanoprimaticola sp963637895	methanogen
GCA_963640855.1	p__Thermoplasmatota	o__Methanomassiliicoccales	d__Archaea;p__Thermoplasmatota;c__Thermoplasmata;o__Methanomassiliicoccales;f__Methanomethylophilaceae;g__Methanarcanum;s__Methanarcanum sp963640855	methanogen
GCA_963640995.1	p__Thermoplasmatota	o__Methanomassiliicoccales	d__Archaea;p__Thermoplasmatota;c__Thermoplasmata;o__Methanomassiliicoccales;f__Methanomethylophilaceae;g__Methanoprimaticola;s__Methanoprimaticola sp963640995	methanogen
GCA_963643255.1	p__Thermoplasmatota	o__Methanomassiliicoccales	d__Archaea;p__Thermoplasmatota;c__Thermoplasmata;o__Methanomassiliicoccales;f__Methanomethylophilaceae;g__Methanarcanum;s__Methanarcanum sp963643255	methanogen
GCA_963643445.1	p__Thermoplasmatota	o__Methanomassiliicoccales	d__Archaea;p__Thermoplasmatota;c__Thermoplasmata;o__Methanomassiliicoccales;f__Methanomethylophilaceae;g__Methanomethylophilus;s__Methanomethylophilus sp963643445	methanogen
GCA_963645865.1	p__Thermoplasmatota	o__Methanomassiliicoccales	d__Archaea;p__Thermoplasmatota;c__Thermoplasmata;o__Methanomassiliicoccales;f__Methanomethylophilaceae;g__Methanoprimaticola;s__Methanoprimaticola sp963645865	methanogen
GCA_963646785.1	p__Thermoplasmatota	o__Methanomassiliicoccales	d__Archaea;p__Thermoplasmatota;c__Thermoplasmata;o__Methanomassiliicoccales;f__Methanomethylophilaceae;g__Methanomethylophilus;s__Methanomethylophilus sp963646785	methanogen
GCA_963650175.1	p__Thermoplasmatota	o__Methanomassiliicoccales	d__Archaea;p__Thermoplasmatota;c__Thermoplasmata;o__Methanomassiliicoccales;f__Methanomethylophilaceae;g__Methanoprimaticola;s__Methanoprimaticola sp963650175	methanogen
GCA_963651945.1	p__Thermoplasmatota	o__Methanomassiliicoccales	d__Archaea;p__Thermoplasmatota;c__Thermoplasmata;o__Methanomassiliicoccales;f__Methanomethylophilaceae;g__Methanarcanum;s__Methanarcanum sp963651945	methanogen
GCA_963656905.1	p__Thermoplasmatota	o__Methanomassiliicoccales	d__Archaea;p__Thermoplasmatota;c__Thermoplasmata;o__Methanomassiliicoccales;f__Methanomethylophilaceae;g__Methanoprimaticola;s__Methanoprimaticola sp963656905	methanogen
GCA_963663855.1	p__Thermoplasmatota	o__Methanomassiliicoccales	d__Archaea;p__Thermoplasmatota;c__Thermoplasmata;o__Methanomassiliicoccales;f__Methanomassiliicoccaceae;g__UBA6;s__UBA6 sp963663855	methanogen
GCA_963666355.1	p__Halobacteriota	o__Methanomicrobiales	d__Archaea;p__Halobacteriota;c__Methanomicrobia;o__Methanomicrobiales;f__Methanospirillaceae;g__Methanoregula;s__Methanoregula sp963666355	methanogen
GCA_963666555.1	p__Halobacteriota	o__Methanotrichales	d__Archaea;p__Halobacteriota;c__Methanosarcinia;o__Methanotrichales;f__Methanotrichaceae;g__Methanothrix;s__Methanothrix sp028682845	methanogen
GCA_963675495.1	p__Halobacteriota	o__Methanosarcinales	d__Archaea;p__Halobacteriota;c__Methanosarcinia;o__Methanosarcinales;f__Methanosarcinaceae;g__Methanolobus;s__Methanolobus sp963675495	methanogen
GCA_963676045.1	p__Thermoplasmatota	o__Methanomassiliicoccales	d__Archaea;p__Thermoplasmatota;c__Thermoplasmata;o__Methanomassiliicoccales;f__Methanomethylophilaceae;g__Methanogranum;s__Methanogranum sp963676045	methanogen
GCA_963676195.1	p__Halobacteriota	o__Methanosarcinales	d__Archaea;p__Halobacteriota;c__Methanosarcinia;o__Methanosarcinales;f__Methanosarcinaceae;g__Methanococcoides;s__Methanococcoides sp963676195	methanogen
GCA_963676235.1	p__Thermoplasmatota	o__Methanomassiliicoccales	d__Archaea;p__Thermoplasmatota;c__Thermoplasmata;o__Methanomassiliicoccales;f__Methanomethylophilaceae;g__JALNYB01;s__JALNYB01 sp963676235	methanogen
GCA_963676405.1	p__Halobacteriota	o__Methanomicrobiales	d__Archaea;p__Halobacteriota;c__Methanomicrobia;o__Methanomicrobiales;f__Methanospirillaceae;g__Methanoregula;s__Methanoregula sp963676405	methanogen
GCA_963676575.1	p__Halobacteriota	o__Methanomicrobiales	d__Archaea;p__Halobacteriota;c__Methanomicrobia;o__Methanomicrobiales;f__Methanocorpusculaceae;g__Methanocorpusculum;s__Methanocorpusculum sp963676575	methanogen
GCA_963676675.1	p__Halobacteriota	o__Methanomicrobiales	d__Archaea;p__Halobacteriota;c__Methanomicrobia;o__Methanomicrobiales;f__Methanospirillaceae;g__Methanoregula;s__Methanoregula sp963676675	methanogen
GCA_963677995.1	p__Halobacteriota	o__Methanomicrobiales	d__Archaea;p__Halobacteriota;c__Methanomicrobia;o__Methanomicrobiales;f__Methanocorpusculaceae;g__Methanocorpusculum;s__Methanocorpusculum sp963677995	methanogen
GCA_963682135.1	p__Halobacteriota	o__Methanotrichales	d__Archaea;p__Halobacteriota;c__Methanosarcinia;o__Methanotrichales;f__Methanotrichaceae;g__Methanothrix;s__Methanothrix sp963682135	methanogen
GCF_000007185.1	p__Methanobacteriota	o__Methanopyrales	d__Archaea;p__Methanobacteriota;c__Methanopyri;o__Methanopyrales;f__Methanopyraceae;g__Methanopyrus;s__Methanopyrus kandleri	methanogen
GCF_000007345.1	p__Halobacteriota	o__Methanosarcinales	d__Archaea;p__Halobacteriota;c__Methanosarcinia;o__Methanosarcinales;f__Methanosarcinaceae;g__Methanosarcina;s__Methanosarcina acetivorans	methanogen
GCF_000008645.1	p__Methanobacteriota	o__Methanobacteriales	d__Archaea;p__Methanobacteriota;c__Methanobacteria;o__Methanobacteriales;f__Methanothermobacteraceae;g__Methanothermobacter;s__Methanothermobacter thermautotrophicus	methanogen
GCF_000011005.1	p__Halobacteriota	o__Methanocellales	d__Archaea;p__Halobacteriota;c__Methanocellia;o__Methanocellales;f__Methanocellaceae;g__Methanocella;s__Methanocella paludicola	methanogen
GCF_000012545.1	p__Methanobacteriota	o__Methanobacteriales	d__Archaea;p__Methanobacteriota;c__Methanobacteria;o__Methanobacteriales;f__Methanobacteriaceae;g__Methanosphaera;s__Methanosphaera stadtmanae	methanogen
GCF_000013445.1	p__Halobacteriota	o__Methanomicrobiales	d__Archaea;p__Halobacteriota;c__Methanomicrobia;o__Methanomicrobiales;f__Methanospirillaceae;g__Methanospirillum;s__Methanospirillum hungatei	methanogen
GCF_000013725.1	p__Halobacteriota	o__Methanosarcinales	d__Archaea;p__Halobacteriota;c__Methanosarcinia;o__Methanosarcinales;f__Methanosarcinaceae;g__Methanococcoides;s__Methanococcoides burtonii	methanogen
GCF_000014945.1	p__Halobacteriota	o__Methanotrichales	d__Archaea;p__Halobacteriota;c__Methanosarcinia;o__Methanotrichales;f__Methanotrichaceae;g__Methanothrix_B;s__Methanothrix_B thermoacetophila	methanogen
GCF_000015765.1	p__Halobacteriota	o__Methanomicrobiales	d__Archaea;p__Halobacteriota;c__Methanomicrobia;o__Methanomicrobiales;f__Methanocorpusculaceae;g__Methanocorpusculum;s__Methanocorpusculum labreanum	methanogen
GCF_000015825.1	p__Halobacteriota	o__Methanomicrobiales	d__Archaea;p__Halobacteriota;c__Methanomicrobia;o__Methanomicrobiales;f__Methanoculleaceae;g__Methanoculleus;s__Methanoculleus marisnigri	methanogen
GCF_000016125.1	p__Methanobacteriota	o__Methanococcales	d__Archaea;p__Methanobacteriota;c__Methanococci;o__Methanococcales;f__Methanococcaceae;g__Methanococcus;s__Methanococcus maripaludis_D	methanogen
GCF_000016525.1	p__Methanobacteriota	o__Methanobacteriales	d__Archaea;p__Methanobacteriota;c__Methanobacteria;o__Methanobacteriales;f__Methanobacteriaceae;g__Methanocatella;s__Methanocatella smithii	methanogen
GCF_000017165.1	p__Methanobacteriota	o__Methanococcales	d__Archaea;p__Methanobacteriota;c__Methanococci;o__Methanococcales;f__Methanococcaceae;g__Methanococcus;s__Methanococcus vannielii	methanogen
GCF_000017185.1	p__Methanobacteriota	o__Methanococcales	d__Archaea;p__Methanobacteriota;c__Methanococci;o__Methanococcales;f__Methanococcaceae;g__Methanofervidicoccus;s__Methanofervidicoccus aeolicus	methanogen
GCF_000017625.1	p__Halobacteriota	o__Methanomicrobiales	d__Archaea;p__Halobacteriota;c__Methanomicrobia;o__Methanomicrobiales;f__Methanospirillaceae;g__Methanoregula;s__Methanoregula boonei	methanogen
GCF_000021965.1	p__Halobacteriota	o__Methanomicrobiales	d__Archaea;p__Halobacteriota;c__Methanomicrobia;o__Methanomicrobiales;f__Methanospirillaceae;g__Methanosphaerula;s__Methanosphaerula palustris	methanogen
GCF_000023985.1	p__Methanobacteriota	o__Methanococcales	d__Archaea;p__Methanobacteriota;c__Methanococci;o__Methanococcales;f__Methanocaldococcaceae;g__Methanocaldococcus;s__Methanocaldococcus fervens	methanogen
GCF_000024185.1	p__Methanobacteriota	o__Methanobacteriales	d__Archaea;p__Methanobacteriota;c__Methanobacteria;o__Methanobacteriales;f__Methanobacteriaceae;g__Methanobrevibacter;s__Methanobrevibacter ruminantium	methanogen
GCF_000024625.1	p__Methanobacteriota	o__Methanococcales	d__Archaea;p__Methanobacteriota;c__Methanococci;o__Methanococcales;f__Methanocaldococcaceae;g__Methanocaldococcus;s__Methanocaldococcus vulcanius	methanogen
GCF_000025525.1	p__Methanobacteriota	o__Methanococcales	d__Archaea;p__Methanobacteriota;c__Methanococci;o__Methanococcales;f__Methanocaldococcaceae;g__Methanocaldococcus;s__Methanocaldococcus sp000025525	methanogen
GCF_000025865.1	p__Halobacteriota	o__Methanosarcinales	d__Archaea;p__Halobacteriota;c__Methanosarcinia;o__Methanosarcinales;f__Methanosarcinaceae;g__Methanohalophilus;s__Methanohalophilus mahii	methanogen
GCF_000063445.1	p__Halobacteriota	o__Methanocellales	d__Archaea;p__Halobacteriota;c__Methanocellia;o__Methanocellales;f__Methanocellaceae;g__Methanocella_A;s__Methanocella_A arvoryzae	methanogen
GCF_000091665.1	p__Methanobacteriota	o__Methanococcales	d__Archaea;p__Methanobacteriota;c__Methanococci;o__Methanococcales;f__Methanocaldococcaceae;g__Methanocaldococcus;s__Methanocaldococcus jannaschii	methanogen
GCF_000092305.1	p__Methanobacteriota	o__Methanococcales	d__Archaea;p__Methanobacteriota;c__Methanococci;o__Methanococcales;f__Methanocaldococcaceae;g__Methanocaldococcus;s__Methanocaldococcus infernus	methanogen
GCF_000145295.1	p__Methanobacteriota	o__Methanobacteriales	d__Archaea;p__Methanobacteriota;c__Methanobacteria;o__Methanobacteriales;f__Methanothermobacteraceae;g__Methanothermobacter;s__Methanothermobacter marburgensis	methanogen
GCF_000147875.1	p__Halobacteriota	o__Methanomicrobiales	d__Archaea;p__Halobacteriota;c__Methanomicrobia;o__Methanomicrobiales;f__Methanomicrobiaceae;g__Methanolacinia;s__Methanolacinia petrolearia	methanogen
GCF_000179575.2	p__Methanobacteriota	o__Methanococcales	d__Archaea;p__Methanobacteriota;c__Methanococci;o__Methanococcales;f__Methanococcaceae;g__Methanofervidicoccus;s__Methanofervidicoccus okinawensis	methanogen
GCF_000191585.1	p__Methanobacteriota	o__Methanobacteriales	d__Archaea;p__Methanobacteriota;c__Methanobacteria;o__Methanobacteriales;f__Methanobacteriaceae;g__Methanobacterium_B;s__Methanobacterium_B lacus	methanogen
GCF_000196655.1	p__Halobacteriota	o__Methanosarcinales	d__Archaea;p__Halobacteriota;c__Methanosarcinia;o__Methanosarcinales;f__Methanosarcinaceae;g__Methanohalobium;s__Methanohalobium evestigatum	methanogen
GCF_000204415.1	p__Halobacteriota	o__Methanotrichales	d__Archaea;p__Halobacteriota;c__Methanosarcinia;o__Methanotrichales;f__Methanotrichaceae;g__Methanothrix;s__Methanothrix soehngenii	methanogen
GCF_000214415.1	p__Methanobacteriota	o__Methanococcales	d__Archaea;p__Methanobacteriota;c__Methanococci;o__Methanococcales;f__Methanococcaceae;g__Methanotorris;s__Methanotorris igneus	methanogen
GCF_000214725.1	p__Methanobacteriota	o__Methanobacteriales	d__Archaea;p__Methanobacteriota;c__Methanobacteria;o__Methanobacteriales;f__Methanobacteriaceae;g__Methanobacterium_C;s__Methanobacterium_C paludis	methanogen
GCF_000217995.1	p__Halobacteriota	o__Methanosarcinales	d__Archaea;p__Halobacteriota;c__Methanosarcinia;o__Methanosarcinales;f__Methanosarcinaceae;g__Methanosalsum;s__Methanosalsum zhilinae	methanogen
GCF_000235565.1	p__Halobacteriota	o__Methanotrichales	d__Archaea;p__Halobacteriota;c__Methanosarcinia;o__Methanotrichales;f__Methanotrichaceae;g__Methanocrinis;s__Methanocrinis harundinaceus	methanogen
GCF_000243255.1	p__Halobacteriota	o__Methanomicrobiales	d__Archaea;p__Halobacteriota;c__Methanomicrobia;o__Methanomicrobiales;f__Methanomicrobiaceae;g__Methanoplanus;s__Methanoplanus limicola	methanogen
GCF_000243455.1	p__Methanobacteriota	o__Methanococcales	d__Archaea;p__Methanobacteriota;c__Methanococci;o__Methanococcales;f__Methanococcaceae;g__Methanotorris;s__Methanotorris formicicus	methanogen
GCF_000251105.1	p__Halobacteriota	o__Methanocellales	d__Archaea;p__Halobacteriota;c__Methanocellia;o__Methanocellales;f__Methanocellaceae;g__Methanocella;s__Methanocella conradii	methanogen
GCF_000275865.1	p__Halobacteriota	o__Methanomicrobiales	d__Archaea;p__Halobacteriota;c__Methanomicrobia;o__Methanomicrobiales;f__Methanofollaceae;g__Methanofollis;s__Methanofollis liminatans	methanogen
GCF_000300255.2	p__Thermoplasmatota	o__Methanomassiliicoccales	d__Archaea;p__Thermoplasmatota;c__Thermoplasmata;o__Methanomassiliicoccales;f__Methanomethylophilaceae;g__Methanomethylophilus;s__Methanomethylophilus alvi	methanogen
GCF_000302455.1	p__Methanobacteriota	o__Methanobacteriales	d__Archaea;p__Methanobacteriota;c__Methanobacteria;o__Methanobacteriales;f__Methanobacteriaceae;g__Methanobacterium;s__Methanobacterium formicicum_A	methanogen
GCF_000304355.2	p__Halobacteriota	o__Methanomicrobiales	d__Archaea;p__Halobacteriota;c__Methanomicrobia;o__Methanomicrobiales;f__Methanoculleaceae;g__Methanoculleus;s__Methanoculleus bourgensis	methanogen
GCF_000308215.1	p__Thermoplasmatota	o__Methanomassiliicoccales	d__Archaea;p__Thermoplasmatota;c__Thermoplasmata;o__Methanomassiliicoccales;f__Methanomassiliicoccaceae;g__Methanomassiliicoccus;s__Methanomassiliicoccus luminyensis	methanogen
GCF_000320505.1	p__Methanobacteriota	o__Methanobacteriales	d__Archaea;p__Methanobacteriota;c__Methanobacteria;o__Methanobacteriales;f__Methanobacteriaceae;g__Methanarmilla;s__Methanarmilla boviskoreani	methanogen
GCF_000327485.1	p__Halobacteriota	o__Methanomicrobiales	d__Archaea;p__Halobacteriota;c__Methanomicrobia;o__Methanomicrobiales;f__Methanospirillaceae;g__Methanoregula;s__Methanoregula formicica	methanogen
GCF_000328665.1	p__Halobacteriota	o__Methanosarcinales	d__Archaea;p__Halobacteriota;c__Methanosarcinia;o__Methanosarcinales;f__Methanosarcinaceae;g__Methanomethylovorans;s__Methanomethylovorans hollandica	methanogen
GCF_000371805.1	p__Methanobacteriota	o__Methanococcales	d__Archaea;p__Methanobacteriota;c__Methanococci;o__Methanococcales;f__Methanocaldococcaceae;g__Methanocaldococcus;s__Methanocaldococcus villosus	methanogen
GCF_000404225.1	p__Thermoplasmatota	o__Methanomassiliicoccales	d__Archaea;p__Thermoplasmatota;c__Thermoplasmata;o__Methanomassiliicoccales;f__Methanomassiliicoccaceae;g__Methanomassiliicoccus_A;s__Methanomassiliicoccus_A intestinalis	methanogen
GCF_000504205.1	p__Halobacteriota	o__Methanosarcinales	d__Archaea;p__Halobacteriota;c__Methanosarcinia;o__Methanosarcinales;f__Methanosarcinaceae;g__Methanolobus;s__Methanolobus tindarius	methanogen
GCF_000621965.1	p__Methanobacteriota	o__Methanobacteriales	d__Archaea;p__Methanobacteriota;c__Methanobacteria;o__Methanobacteriales;f__Methanobacteriaceae;g__Methanarmilla;s__Methanarmilla wolinii	methanogen
GCF_000685155.1	p__Halobacteriota	o__Methanosarcinales	d__Archaea;p__Halobacteriota;c__Methanosarcinia;o__Methanosarcinales;f__Methanoperedenaceae;g__Methanoperedens;s__Methanoperedens nitroreducens	methanogen
GCF_000691865.1	p__Halobacteriota	o__Methanomicrobiales	d__Archaea;p__Halobacteriota;c__Methanomicrobia;o__Methanomicrobiales;f__Methanoculleaceae;g__Methanoculleus;s__Methanoculleus sp000691865	methanogen
GCF_000711215.1	p__Halobacteriota	o__Methanomicrobiales	d__Archaea;p__Halobacteriota;c__Methanomicrobia;o__Methanomicrobiales;f__Methanomicrobiaceae;g__Methanomicrobium;s__Methanomicrobium mobile	methanogen
GCF_000739065.1	p__Methanobacteriota	o__Methanococcales	d__Archaea;p__Methanobacteriota;c__Methanococci;o__Methanococcales;f__Methanocaldococcaceae;g__Methanocaldococcus;s__Methanocaldococcus bathoardescens	methanogen
GCF_000744455.1	p__Methanobacteriota	o__Methanobacteriales	d__Archaea;p__Methanobacteriota;c__Methanobacteria;o__Methanobacteriales;f__Methanobacteriaceae;g__Methanobacterium_B;s__Methanobacterium_B sp000744455	methanogen
GCF_000745485.1	p__Methanobacteriota	o__Methanobacteriales	d__Archaea;p__Methanobacteriota;c__Methanobacteria;o__Methanobacteriales;f__Methanobacteriaceae;g__Methanobacterium_D;s__Methanobacterium_D veterum	methanogen
GCF_000765475.1	p__Halobacteriota	o__Methanosarcinales	d__Archaea;p__Halobacteriota;c__Methanosarcinia;o__Methanosarcinales;f__Methanosarcinaceae;g__Methanococcoides;s__Methanococcoides methylutens	methanogen
GCF_000784355.1	p__Halobacteriota	o__Methanomicrobiales	d__Archaea;p__Halobacteriota;c__Methanomicrobia;o__Methanomicrobiales;f__Methanomicrobiaceae;g__Methanolacinia;s__Methanolacinia paynteri	methanogen
GCF_000800805.1	p__Thermoplasmatota	o__Methanomassiliicoccales	d__Archaea;p__Thermoplasmatota;c__Thermoplasmata;o__Methanomassiliicoccales;f__Methanomethylophilaceae;g__Methanoplasma;s__Methanoplasma termitum	methanogen
GCF_000828575.1	p__Methanobacteriota	o__Methanobacteriales	d__Archaea;p__Methanobacteriota;c__Methanobacteria;o__Methanobacteriales;f__Methanothermobacteraceae;g__Methanothermobacter;s__Methanothermobacter sp000828575	methanogen
GCF_000969885.1	p__Halobacteriota	o__Methanosarcinales	d__Archaea;p__Halobacteriota;c__Methanosarcinia;o__Methanosarcinales;f__Methanosarcinaceae;g__Methanosarcina;s__Methanosarcina thermophila	methanogen
GCF_000969905.1	p__Halobacteriota	o__Methanosarcinales	d__Archaea;p__Halobacteriota;c__Methanosarcinia;o__Methanosarcinales;f__Methanosarcinaceae;g__Methanosarcina;s__Methanosarcina vacuolata	methanogen
GCF_000969965.1	p__Halobacteriota	o__Methanosarcinales	d__Archaea;p__Halobacteriota;c__Methanosarcinia;o__Methanosarcinales;f__Methanosarcinaceae;g__Methanosarcina;s__Methanosarcina sp000969965	methanogen
GCF_000969985.1	p__Halobacteriota	o__Methanosarcinales	d__Archaea;p__Halobacteriota;c__Methanosarcinia;o__Methanosarcinales;f__Methanosarcinaceae;g__Methanosarcina;s__Methanosarcina barkeri_B	methanogen
GCF_000970025.1	p__Halobacteriota	o__Methanosarcinales	d__Archaea;p__Halobacteriota;c__Methanosarcinia;o__Methanosarcinales;f__Methanosarcinaceae;g__Methanosarcina;s__Methanosarcina barkeri	methanogen
GCF_000970045.1	p__Halobacteriota	o__Methanosarcinales	d__Archaea;p__Halobacteriota;c__Methanosarcinia;o__Methanosarcinales;f__Methanosarcinaceae;g__MTP4;s__MTP4 sp000970045	methanogen
GCF_000970085.1	p__Halobacteriota	o__Methanosarcinales	d__Archaea;p__Halobacteriota;c__Methanosarcinia;o__Methanosarcinales;f__Methanosarcinaceae;g__Methanosarcina;s__Methanosarcina siciliae	methanogen
GCF_000970205.1	p__Halobacteriota	o__Methanosarcinales	d__Archaea;p__Halobacteriota;c__Methanosarcinia;o__Methanosarcinales;f__Methanosarcinaceae;g__Methanosarcina;s__Methanosarcina mazei	methanogen
GCF_000970265.1	p__Halobacteriota	o__Methanosarcinales	d__Archaea;p__Halobacteriota;c__Methanosarcinia;o__Methanosarcinales;f__Methanosarcinaceae;g__Methanosarcina;s__Methanosarcina lacustris	methanogen
GCF_000970285.1	p__Halobacteriota	o__Methanosarcinales	d__Archaea;p__Halobacteriota;c__Methanosarcinia;o__Methanosarcinales;f__Methanosarcinaceae;g__Methanosarcina;s__Methanosarcina horonobensis	methanogen
GCF_000970305.1	p__Halobacteriota	o__Methanosarcinales	d__Archaea;p__Halobacteriota;c__Methanosarcinia;o__Methanosarcinales;f__Methanosarcinaceae;g__Methanosarcina;s__Methanosarcina barkeri_A	methanogen
GCF_000970325.1	p__Halobacteriota	o__Methanosarcinales	d__Archaea;p__Halobacteriota;c__Methanosarcinia;o__Methanosarcinales;f__Methanosarcinaceae;g__Methanococcoides;s__Methanococcoides methylutens_A	methanogen
GCF_000979455.1	p__Halobacteriota	o__Methanosarcinales	d__Archaea;p__Halobacteriota;c__Methanosarcinia;o__Methanosarcinales;f__Methanosarcinaceae;g__Methanosarcina;s__Methanosarcina sp000979455	methanogen
GCF_001017125.1	p__Halobacteriota	o__Methanomicrobiales	d__Archaea;p__Halobacteriota;c__Methanomicrobia;o__Methanomicrobiales;f__Methanoculleaceae;g__Methanoculleus;s__Methanoculleus sediminis	methanogen
GCF_001304615.2	p__Halobacteriota	o__Methanosarcinales	d__Archaea;p__Halobacteriota;c__Methanosarcinia;o__Methanosarcinales;f__Methanosarcinaceae;g__Methanosarcina;s__Methanosarcina flavescens	methanogen
GCF_001315945.1	p__Halobacteriota	o__Methanomicrobiales	d__Archaea;p__Halobacteriota;c__Methanomicrobia;o__Methanomicrobiales;f__Methanomicrobiaceae;g__Methanogenium;s__Methanogenium cariaci	methanogen
GCF_001477655.1	p__Methanobacteriota	o__Methanobacteriales	d__Archaea;p__Methanobacteriota;c__Methanobacteria;o__Methanobacteriales;f__Methanobacteriaceae;g__Methanocatella;s__Methanocatella millerae_A	methanogen
GCF_001548675.1	p__Methanobacteriota	o__Methanobacteriales	d__Archaea;p__Methanobacteriota;c__Methanobacteria;o__Methanobacteriales;f__Methanobacteriaceae;g__Methanocatella;s__Methanocatella sp001548675	methanogen
GCF_001571385.1	p__Halobacteriota	o__Methanomicrobiales	d__Archaea;p__Halobacteriota;c__Methanomicrobia;o__Methanomicrobiales;f__Methanofollaceae;g__Methanofollis;s__Methanofollis ethanolicus	methanogen
GCF_001571405.1	p__Halobacteriota	o__Methanomicrobiales	d__Archaea;p__Halobacteriota;c__Methanomicrobia;o__Methanomicrobiales;f__Methanoculleaceae;g__Methanoculleus;s__Methanoculleus thermophilus	methanogen
GCF_001602375.1	p__Halobacteriota	o__Methanomicrobiales	d__Archaea;p__Halobacteriota;c__Methanomicrobia;o__Methanomicrobiales;f__Methanoculleaceae;g__Methanoculleus;s__Methanoculleus horonobensis	methanogen
GCF_001639265.1	p__Methanobacteriota	o__Methanobacteriales	d__Archaea;p__Methanobacteriota;c__Methanobacteria;o__Methanobacteriales;f__Methanobacteriaceae;g__Methanacia;s__Methanacia filiformis	methanogen
GCF_001639275.1	p__Methanobacteriota	o__Methanobacteriales	d__Archaea;p__Methanobacteriota;c__Methanobacteria;o__Methanobacteriales;f__Methanobacteriaceae;g__Methanocatella;s__Methanocatella oralis	methanogen
GCF_001639285.1	p__Methanobacteriota	o__Methanobacteriales	d__Archaea;p__Methanobacteriota;c__Methanobacteria;o__Methanobacteriales;f__Methanobacteriaceae;g__Methanobaculum;s__Methanobaculum cuticulare	methanogen
GCF_001639295.1	p__Methanobacteriota	o__Methanobacteriales	d__Archaea;p__Methanobacteriota;c__Methanobacteria;o__Methanobacteriales;f__Methanobacteriaceae;g__Methanoflexus;s__Methanoflexus curvatus	methanogen
GCF_001729965.1	p__Methanobacteriota	o__Methanobacteriales	d__Archaea;p__Methanobacteriota;c__Methanobacteria;o__Methanobacteriales;f__Methanobacteriaceae;g__Methanosphaera;s__Methanosphaera sp001729965	methanogen
GCF_001889405.1	p__Halobacteriota	o__Methanosarcinales	d__Archaea;p__Halobacteriota;c__Methanosarcinia;o__Methanosarcinales;f__Methanosarcinaceae;g__Methanohalophilus;s__Methanohalophilus halophilus	methanogen
GCF_002067035.1	p__Halobacteriota	o__Methanomicrobiales	d__Archaea;p__Halobacteriota;c__Methanomicrobia;o__Methanomicrobiales;f__Methanospirillaceae;g__Methanoregula;s__Methanoregula sp002067035	methanogen
GCF_002067275.1	p__Halobacteriota	o__Methanosarcinales	d__Archaea;p__Halobacteriota;c__Methanosarcinia;o__Methanosarcinales;f__Methanosarcinaceae;g__Methanomethylovorans;s__Methanomethylovorans sp002067275	methanogen
GCF_002072215.1	p__Methanobacteriota	o__Methanobacteriales	d__Archaea;p__Methanobacteriota;c__Methanobacteria;o__Methanobacteriales;f__Methanobacteriaceae;g__Methanobinarius;s__Methanobinarius arboriphilus	methanogen
GCF_002201895.1	p__Methanobacteriota	o__Methanopyrales	d__Archaea;p__Methanobacteriota;c__Methanopyri;o__Methanopyrales;f__Methanopyraceae;g__Methanopyrus;s__Methanopyrus sp002201895	methanogen
GCF_002208625.1	p__Methanobacteriota	o__Methanobacteriales	d__Archaea;p__Methanobacteriota;c__Methanobacteria;o__Methanobacteriales;f__Methanobacteriaceae;g__Methanarmilla;s__Methanarmilla sp002208625	methanogen
GCF_002243045.1	p__Halobacteriota	o__Methanosarcinales	d__Archaea;p__Halobacteriota;c__Methanosarcinia;o__Methanosarcinales;f__Methanosarcinaceae;g__Methanolobus;s__Methanolobus psychrotolerans	methanogen
GCF_002287175.1	p__Methanobacteriota	o__Methanobacteriales	d__Archaea;p__Methanobacteriota;c__Methanobacteria;o__Methanobacteriales;f__Methanobacteriaceae;g__Methanobacterium_D;s__Methanobacterium_D bryantii	methanogen
GCF_002287215.1	p__Halobacteriota	o__Methanomicrobiales	d__Archaea;p__Halobacteriota;c__Methanomicrobia;o__Methanomicrobiales;f__Methanocorpusculaceae;g__Methanocorpusculum;s__Methanocorpusculum parvum	methanogen
GCF_002287235.1	p__Halobacteriota	o__Methanosarcinales	d__Archaea;p__Halobacteriota;c__Methanosarcinia;o__Methanosarcinales;f__Methanosarcinaceae;g__Methanosarcina;s__Methanosarcina spelaei	methanogen
GCF_002487355.1	p__Halobacteriota	o__Methanosarcinales	d__Archaea;p__Halobacteriota;c__Methanosarcinia;o__Methanosarcinales;f__Methanoperedenaceae;g__Methanoperedens;s__Methanoperedens sp002487355	methanogen
GCF_002496565.1	p__Halobacteriota	o__Methanosarcinales	d__Archaea;p__Halobacteriota;c__Methanosarcinia;o__Methanosarcinales;f__Methanosarcinaceae;g__Methanosarcina;s__Methanosarcina sp002496565	methanogen
GCF_002498065.1	p__Halobacteriota	o__Methanomicrobiales	d__Archaea;p__Halobacteriota;c__Methanomicrobia;o__Methanomicrobiales;f__Methanoculleaceae;g__Methanoculleus;s__Methanoculleus sp002498065	methanogen
GCF_002498315.1	p__Halobacteriota	o__Methanomicrobiales	d__Archaea;p__Halobacteriota;c__Methanomicrobia;o__Methanomicrobiales;f__Methanofollaceae;g__Methanofollis;s__Methanofollis sp002498315	methanogen
GCF_002501655.1	p__Halobacteriota	o__Methanomicrobiales	d__Archaea;p__Halobacteriota;c__Methanomicrobia;o__Methanomicrobiales;f__Methanoculleaceae;g__Methanoculleus;s__Methanoculleus sp002501655	methanogen
GCF_002502735.1	p__Halobacteriota	o__Methanomicrobiales	d__Archaea;p__Halobacteriota;c__Methanomicrobia;o__Methanomicrobiales;f__Methanospirillaceae;g__Methanoregula;s__Methanoregula sp002502735	methanogen
GCF_002505485.1	p__Halobacteriota	o__Methanosarcinales	d__Archaea;p__Halobacteriota;c__Methanosarcinia;o__Methanosarcinales;f__Methanosarcinaceae;g__Methanosarcina;s__Methanosarcina sp002505485	methanogen
GCF_002506585.1	p__Halobacteriota	o__Methanomicrobiales	d__Archaea;p__Halobacteriota;c__Methanomicrobia;o__Methanomicrobiales;f__Methanoculleaceae;g__Methanoculleus;s__Methanoculleus sp002506585	methanogen
GCF_002508705.1	p__Halobacteriota	o__Methanomicrobiales	d__Archaea;p__Halobacteriota;c__Methanomicrobia;o__Methanomicrobiales;f__Methanoculleaceae;g__Methanoculleus;s__Methanoculleus sp002508705	methanogen
GCF_002761295.1	p__Halobacteriota	o__Methanosarcinales	d__Archaea;p__Halobacteriota;c__Methanosarcinia;o__Methanosarcinales;f__Methanosarcinaceae;g__Methanohalophilus;s__Methanohalophilus portucalensis	methanogen
GCF_002813695.1	p__Methanobacteriota	o__Methanobacteriales	d__Archaea;p__Methanobacteriota;c__Methanobacteria;o__Methanobacteriales;f__Methanobacteriaceae;g__Methanobacterium;s__Methanobacterium subterraneum	methanogen
GCF_002835825.1	p__Halobacteriota	o__Methanomicrobiales	d__Archaea;p__Halobacteriota;c__Methanomicrobia;o__Methanomicrobiales;f__Methanospirillaceae;g__Methanoregula;s__Methanoregula sp002835825	methanogen
GCF_002945325.1	p__Methanobacteriota	o__Methanococcales	d__Archaea;p__Methanobacteriota;c__Methanococci;o__Methanococcales;f__Methanococcaceae;g__Methanococcus;s__Methanococcus maripaludis	methanogen
GCF_003111605.1	p__Methanobacteriota	o__Methanobacteriales	d__Archaea;p__Methanobacteriota;c__Methanobacteria;o__Methanobacteriales;f__Methanobacteriaceae;g__Methanocatella;s__Methanocatella woesei	methanogen
GCF_003111625.1	p__Methanobacteriota	o__Methanobacteriales	d__Archaea;p__Methanobacteriota;c__Methanobacteria;o__Methanobacteriales;f__Methanobacteriaceae;g__Methanocatella;s__Methanocatella thaueri	methanogen
GCF_003149675.1	p__Methanobacteriota	o__Methanobacteriales	d__Archaea;p__Methanobacteriota;c__Methanobacteria;o__Methanobacteriales;f__Methanobacteriaceae;g__Methanosphaera;s__Methanosphaera cuniculi	methanogen
GCF_003170075.1	p__Halobacteriota	o__Methanomicrobiales	d__Archaea;p__Halobacteriota;c__Methanomicrobia;o__Methanomicrobiales;f__Methanospirillaceae;g__Methanoregula;s__Methanoregula sp003170075	methanogen
GCF_003173335.1	p__Halobacteriota	o__Methanomicrobiales	d__Archaea;p__Halobacteriota;c__Methanomicrobia;o__Methanomicrobiales;f__Methanospirillaceae;g__Methanospirillum;s__Methanospirillum stamsii	methanogen
GCF_003173355.1	p__Halobacteriota	o__Methanomicrobiales	d__Archaea;p__Halobacteriota;c__Methanomicrobia;o__Methanomicrobiales;f__Methanospirillaceae;g__Methanospirillum;s__Methanospirillum lacunae	methanogen
GCF_003264935.1	p__Methanobacteriota	o__Methanobacteriales	d__Archaea;p__Methanobacteriota;c__Methanobacteria;o__Methanobacteriales;f__DSM-23052;g__Methanothermobacter_A;s__Methanothermobacter_A tenebrarum_A	methanogen
GCF_003268005.1	p__Methanobacteriota	o__Methanobacteriales	d__Archaea;p__Methanobacteriota;c__Methanobacteria;o__Methanobacteriales;f__Methanobacteriaceae;g__Methanosphaera;s__Methanosphaera sp003268005	methanogen
GCF_003351865.1	p__Methanobacteriota	o__Methanococcales	d__Archaea;p__Methanobacteriota;c__Methanococci;o__Methanococcales;f__Methanococcaceae;g__Methanofervidicoccus;s__Methanofervidicoccus sp003351865	methanogen
GCF_003491305.1	p__Methanobacteriota	o__Methanobacteriales	d__Archaea;p__Methanobacteriota;c__Methanobacteria;o__Methanobacteriales;f__Methanobacteriaceae;g__Methanobacterium;s__Methanobacterium sp003491305	methanogen
GCF_003722075.1	p__Halobacteriota	o__Methanosarcinales	d__Archaea;p__Halobacteriota;c__Methanosarcinia;o__Methanosarcinales;f__Methanosarcinaceae;g__Methanohalophilus;s__Methanohalophilus sp003722075	methanogen
GCF_003814835.1	p__Methanobacteriota	o__Methanobacteriales	d__Archaea;p__Methanobacteriota;c__Methanobacteria;o__Methanobacteriales;f__Methanobacteriaceae;g__Methanocatella;s__Methanocatella gottschalkii	methanogen
GCF_003838065.1	p__Halobacteriota	o__Methanomicrobiales	d__Archaea;p__Halobacteriota;c__Methanomicrobia;o__Methanomicrobiales;f__Methanocorpusculaceae;g__Methanocalculus;s__Methanocalculus sp003838065	methanogen
GCF_004099695.1	p__Halobacteriota	o__Methanosarcinales	d__Archaea;p__Halobacteriota;c__Methanosarcinia;o__Methanosarcinales;f__Methanosarcinaceae;g__Methanosarcina;s__Methanosarcina sp004099695	methanogen
GCF_004102725.1	p__Halobacteriota	o__Methanomicrobiales	d__Archaea;p__Halobacteriota;c__Methanomicrobia;o__Methanomicrobiales;f__Methanoculleaceae;g__Methanoculleus_A;s__Methanoculleus_A taiwanensis	methanogen
GCF_004137855.1	p__Halobacteriota	o__Methanosarcinales	d__Archaea;p__Halobacteriota;c__Methanosarcinia;o__Methanosarcinales;f__Methanosarcinaceae;g__Methanohalophilus;s__Methanohalophilus profundi	methanogen
GCF_004297185.1	p__Halobacteriota	o__Methanomicrobiales	d__Archaea;p__Halobacteriota;c__Methanomicrobia;o__Methanomicrobiales;f__Methanofollaceae;g__Methanofollis;s__Methanofollis fontis	methanogen
GCF_004310395.1	p__Methanobacteriota	o__Methanococcales	d__Archaea;p__Methanobacteriota;c__Methanococci;o__Methanococcales;f__Methanococcaceae;g__Methanofervidicoccus;s__Methanofervidicoccus abyssi	methanogen
GCF_004363215.1	p__Halobacteriota	o__Methanosarcinales	d__Archaea;p__Halobacteriota;c__Methanosarcinia;o__Methanosarcinales;f__Methanosarcinaceae;g__Methanimicrococcus;s__Methanimicrococcus blatticola	methanogen
GCF_004745425.1	p__Halobacteriota	o__Methanosarcinales	d__Archaea;p__Halobacteriota;c__Methanosarcinia;o__Methanosarcinales;f__Methanosarcinaceae;g__Methanolobus;s__Methanolobus halotolerans	methanogen
GCF_006546655.1	p__Halobacteriota	o__Methanosarcinales	d__Archaea;p__Halobacteriota;c__Methanosarcinia;o__Methanosarcinales;f__Methanosarcinaceae;g__Methanolobus;s__Methanolobus vulcani_A	methanogen
GCF_009914725.1	p__Halobacteriota	o__Methanomicrobiales	d__Archaea;p__Halobacteriota;c__Methanomicrobia;o__Methanomicrobiales;f__Methanomicrobiaceae;g__Methanogenium;s__Methanogenium sp009914725	methanogen
GCF_011620785.1	p__Halobacteriota	o__Methanotrichales	d__Archaea;p__Halobacteriota;c__Methanosarcinia;o__Methanotrichales;f__Methanotrichaceae;g__Methanothrix;s__Methanothrix sp011620785	methanogen
GCF_013329165.1	p__Halobacteriota	o__Methanomicrobiales	d__Archaea;p__Halobacteriota;c__Methanomicrobia;o__Methanomicrobiales;f__Methanocorpusculaceae;g__Methanocalculus;s__Methanocalculus sp9912u	methanogen
GCF_013377755.1	p__Halobacteriota	o__Methanomicrobiales	d__Archaea;p__Halobacteriota;c__Methanomicrobia;o__Methanomicrobiales;f__Methanofollaceae;g__Methanofollis;s__Methanofollis tationis	methanogen
GCF_013388255.1	p__Halobacteriota	o__Methanosarcinales	d__Archaea;p__Halobacteriota;c__Methanosarcinia;o__Methanosarcinales;f__Methanosarcinaceae;g__Methanolobus;s__Methanolobus zinderi	methanogen
GCF_013760955.1	p__Methanobacteriota	o__Methanococcales	d__Archaea;p__Methanobacteriota;c__Methanococci;o__Methanococcales;f__Methanococcaceae;g__Methanococcus;s__Methanococcus maripaludis_A	methanogen
GCF_014889545.1	p__Methanobacteriota	o__Methanobacteriales	d__Archaea;p__Methanobacteriota;c__Methanobacteria;o__Methanobacteriales;f__Methanothermobacteraceae;g__Methanothermobacter;s__Methanothermobacter thermautotrophicus_A	methanogen
GCF_015062905.1	p__Methanobacteriota	o__Methanobacteriales	d__Archaea;p__Methanobacteriota;c__Methanobacteria;o__Methanobacteriales;f__Methanobacteriaceae;g__Methanocatella;s__Methanocatella thaueri_A	methanogen
GCF_015062915.1	p__Methanobacteriota	o__Methanobacteriales	d__Archaea;p__Methanobacteriota;c__Methanobacteria;o__Methanobacteriales;f__Methanobacteriaceae;g__Methanocatella;s__Methanocatella thaueri_B	methanogen
GCF_015062935.1	p__Methanobacteriota	o__Methanobacteriales	d__Archaea;p__Methanobacteriota;c__Methanobacteria;o__Methanobacteriales;f__Methanobacteriaceae;g__Methanocatella;s__Methanocatella sp015062935	methanogen
GCF_015062985.1	p__Methanobacteriota	o__Methanobacteriales	d__Archaea;p__Methanobacteriota;c__Methanobacteria;o__Methanobacteriales;f__Methanobacteriaceae;g__Methanocatella;s__Methanocatella sp015062985	methanogen
GCF_015523155.1	p__Methanobacteriota	o__Methanococcales	d__Archaea;p__Methanobacteriota;c__Methanococci;o__Methanococcales;f__Methanococcaceae;g__Methanofervidicoccus;s__Methanofervidicoccus sp015523155	methanogen
GCF_016217785.1	p__Methanobacteriota	o__Methanobacteriales	d__Archaea;p__Methanobacteriota;c__Methanobacteria;o__Methanobacteriales;f__Methanobacteriaceae;g__Methanobacterium;s__Methanobacterium sp016217785	methanogen
GCF_016278365.1	p__Halobacteriota	o__Methanosarcinales	d__Archaea;p__Halobacteriota;c__Methanosarcinia;o__Methanosarcinales;f__Methanosarcinaceae;g__Methanolobus;s__Methanolobus sp016278365	methanogen
GCF_016278385.1	p__Halobacteriota	o__Methanosarcinales	d__Archaea;p__Halobacteriota;c__Methanosarcinia;o__Methanosarcinales;f__Methanosarcinaceae;g__Methanolobus;s__Methanolobus sp016278385	methanogen
GCF_016282985.1	p__Methanobacteriota	o__Methanobacteriales	d__Archaea;p__Methanobacteriota;c__Methanobacteria;o__Methanobacteriales;f__Methanobacteriaceae;g__Methanosphaera;s__Methanosphaera sp016282985	methanogen
GCF_016294135.1	p__Methanobacteriota	o__Methanobacteriales	d__Archaea;p__Methanobacteriota;c__Methanobacteria;o__Methanobacteriales;f__Methanobacteriaceae;g__Methanobrevibacter;s__Methanobrevibacter ruminantium_A	methanogen
GCF_016706325.1	p__Halobacteriota	o__Methanotrichales	d__Archaea;p__Halobacteriota;c__Methanosarcinia;o__Methanotrichales;f__Methanotrichaceae;g__Methanothrix;s__Methanothrix sp016706325	methanogen
GCF_017357525.1	p__Halobacteriota	o__Methanomicrobiales	d__Archaea;p__Halobacteriota;c__Methanomicrobia;o__Methanomicrobiales;f__Methanofollaceae;g__Methanofollis;s__Methanofollis aquaemaris	methanogen
GCF_017406825.1	p__Methanobacteriota	o__Methanobacteriales	d__Archaea;p__Methanobacteriota;c__Methanobacteria;o__Methanobacteriales;f__Methanobacteriaceae;g__Methanocatella;s__Methanocatella sp017406825	methanogen
GCF_017409525.1	p__Methanobacteriota	o__Methanobacteriales	d__Archaea;p__Methanobacteriota;c__Methanobacteria;o__Methanobacteriales;f__Methanobacteriaceae;g__Methanocatella;s__Methanocatella sp017409525	methanogen
GCF_017410345.1	p__Methanobacteriota	o__Methanobacteriales	d__Archaea;p__Methanobacteriota;c__Methanobacteria;o__Methanobacteriales;f__Methanobacteriaceae;g__Methanobrevibacter;s__Methanobrevibacter sp017410345	methanogen
GCF_017427765.1	p__Methanobacteriota	o__Methanobacteriales	d__Archaea;p__Methanobacteriota;c__Methanobacteria;o__Methanobacteriales;f__Methanobacteriaceae;g__Methanocatella;s__Methanocatella sp017427765	methanogen
GCF_017431965.1	p__Methanobacteriota	o__Methanobacteriales	d__Archaea;p__Methanobacteriota;c__Methanobacteria;o__Methanobacteriales;f__Methanobacteriaceae;g__Methanocatella;s__Methanocatella sp017431965	methanogen
GCF_017432245.1	p__Methanobacteriota	o__Methanobacteriales	d__Archaea;p__Methanobacteriota;c__Methanobacteria;o__Methanobacteriales;f__Methanobacteriaceae;g__Methanobrevibacter;s__Methanobrevibacter sp017432245	methanogen
GCF_017447225.1	p__Methanobacteriota	o__Methanobacteriales	d__Archaea;p__Methanobacteriota;c__Methanobacteria;o__Methanobacteriales;f__Methanobacteriaceae;g__Methanocatella;s__Methanocatella sp017447225	methanogen
GCF_017468685.1	p__Methanobacteriota	o__Methanobacteriales	d__Archaea;p__Methanobacteriota;c__Methanobacteria;o__Methanobacteriales;f__Methanobacteriaceae;g__Methanocatella;s__Methanocatella sp017468685	methanogen
GCF_017539065.1	p__Methanobacteriota	o__Methanobacteriales	d__Archaea;p__Methanobacteriota;c__Methanobacteria;o__Methanobacteriales;f__Methanobacteriaceae;g__Methanocatella;s__Methanocatella sp017539065	methanogen
GCF_017873415.1	p__Halobacteriota	o__Methanosarcinales	d__Archaea;p__Halobacteriota;c__Methanosarcinia;o__Methanosarcinales;f__Methanosarcinaceae;g__Methanolobus;s__Methanolobus bombayensis	methanogen
GCF_017873625.1	p__Methanobacteriota	o__Methanobacteriales	d__Archaea;p__Methanobacteriota;c__Methanobacteria;o__Methanobacteriales;f__Methanobacteriaceae;g__Methanobacterium;s__Methanobacterium petrolearium	methanogen
GCF_017873855.1	p__Halobacteriota	o__Methanomicrobiales	d__Archaea;p__Halobacteriota;c__Methanomicrobia;o__Methanomicrobiales;f__Methanospirillaceae;g__Methanolinea_B;s__Methanolinea_B mesophila	methanogen
GCF_017874375.1	p__Halobacteriota	o__Methanosarcinales	d__Archaea;p__Halobacteriota;c__Methanosarcinia;o__Methanosarcinales;f__Methanosarcinaceae;g__Methanohalophilus;s__Methanohalophilus levihalophilus	methanogen
GCF_017874455.1	p__Methanobacteriota	o__Methanobacteriales	d__Archaea;p__Methanobacteriota;c__Methanobacteria;o__Methanobacteriales;f__Methanobacteriaceae;g__Methanobacterium_C;s__Methanobacterium_C aggregans	methanogen
GCF_017875315.1	p__Halobacteriota	o__Methanomicrobiales	d__Archaea;p__Halobacteriota;c__Methanomicrobia;o__Methanomicrobiales;f__Methanomicrobiaceae;g__Methanomicrobium;s__Methanomicrobium sp017875315	methanogen
GCF_017875325.1	p__Halobacteriota	o__Methanomicrobiales	d__Archaea;p__Halobacteriota;c__Methanomicrobia;o__Methanomicrobiales;f__Methanofollaceae;g__Methanofollis;s__Methanofollis sp017875325	methanogen
GCF_017875395.1	p__Methanobacteriota	o__Methanococcales	d__Archaea;p__Methanobacteriota;c__Methanococci;o__Methanococcales;f__Methanococcaceae;g__Methanococcus;s__Methanococcus voltae_C	methanogen
GCF_017940815.1	p__Methanobacteriota	o__Methanobacteriales	d__Archaea;p__Methanobacteriota;c__Methanobacteria;o__Methanobacteriales;f__Methanobacteriaceae;g__Methanocatella;s__Methanocatella sp017940815	methanogen
GCF_018132105.1	p__Halobacteriota	o__Methanomicrobiales	d__Archaea;p__Halobacteriota;c__Methanomicrobia;o__Methanomicrobiales;f__Methanocorpusculaceae;g__Methanocalculus;s__Methanocalculus chunghsingensis	methanogen
GCF_018141185.1	p__Methanobacteriota	o__Methanobacteriales	d__Archaea;p__Methanobacteriota;c__Methanobacteria;o__Methanobacteriales;f__Methanobacteriaceae;g__Methanobacterium_F;s__Methanobacterium_F alkalithermotolerans	methanogen
GCF_018433835.1	p__Halobacteriota	o__Methanomicrobiales	d__Archaea;p__Halobacteriota;c__Methanomicrobia;o__Methanomicrobiales;f__Methanoculleaceae;g__Methanoculleus;s__Methanoculleus sp018433835	methanogen
GCF_018609725.1	p__Halobacteriota	o__Methanosarcinales	d__Archaea;p__Halobacteriota;c__Methanosarcinia;o__Methanosarcinales;f__Methanosarcinaceae;g__Methanohalobium;s__Methanohalobium sp018609725	methanogen
GCF_018687785.1	p__Halobacteriota	o__Methanomicrobiales	d__Archaea;p__Halobacteriota;c__Methanomicrobia;o__Methanomicrobiales;f__Methanomicrobiaceae;g__Methanovulcanius;s__Methanovulcanius yangii	methanogen
GCF_019263745.1	p__Halobacteriota	o__Methanomicrobiales	d__Archaea;p__Halobacteriota;c__Methanomicrobia;o__Methanomicrobiales;f__Methanospirillaceae;g__Methanospirillum;s__Methanospirillum sp012729995	methanogen
GCF_019633745.1	p__Halobacteriota	o__Methanomicrobiales	d__Archaea;p__Halobacteriota;c__Methanomicrobia;o__Methanomicrobiales;f__Methanofollaceae;g__Methanofollis;s__Methanofollis formosanus	methanogen
GCF_019669925.1	p__Methanobacteriota	o__Methanobacteriales	d__Archaea;p__Methanobacteriota;c__Methanobacteria;o__Methanobacteriales;f__Methanobacteriaceae;g__Methanobinarius;s__Methanobinarius arboriphilus_A	methanogen
GCF_019669965.1	p__Halobacteriota	o__Methanomicrobiales	d__Archaea;p__Halobacteriota;c__Methanomicrobia;o__Methanomicrobiales;f__Methanoculleaceae;g__Methanoculleus;s__Methanoculleus chikugoensis	methanogen
GCF_019931065.1	p__Methanobacteriota	o__Methanobacteriales	d__Archaea;p__Methanobacteriota;c__Methanobacteria;o__Methanobacteriales;f__Methanobacteriaceae;g__Methanobacterium_B;s__Methanobacterium_B spitsbergense	methanogen
GCF_020148105.1	p__Methanobacteriota	o__Methanobacteriales	d__Archaea;p__Methanobacteriota;c__Methanobacteria;o__Methanobacteriales;f__Methanobacteriaceae;g__Methanobinarius;s__Methanobinarius sp020148105	methanogen
GCF_020216685.1	p__Halobacteriota	o__Methanomicrobiales	d__Archaea;p__Halobacteriota;c__Methanomicrobia;o__Methanomicrobiales;f__Methanospirillaceae;g__Methanospirillum;s__Methanospirillum hungatei_B	methanogen
GCF_020696975.1	p__Halobacteriota	o__Methanomicrobiales	d__Archaea;p__Halobacteriota;c__Methanomicrobia;o__Methanomicrobiales;f__Methanoculleaceae;g__Methanoculleus;s__Methanoculleus sp020696975	methanogen
GCF_020804225.1	p__Halobacteriota	o__Methanosarcinales	d__Archaea;p__Halobacteriota;c__Methanosarcinia;o__Methanosarcinales;f__Methanosarcinaceae;g__Methanosarcina;s__Methanosarcina sp020804225	methanogen
GCF_021023085.1	p__Halobacteriota	o__Methanocellales	d__Archaea;p__Halobacteriota;c__Methanocellia;o__Methanocellales;f__Methanocellaceae;g__Methanooceanicella;s__Methanooceanicella nereidis	methanogen
GCF_021184045.1	p__Halobacteriota	o__Methanosarcinales	d__Archaea;p__Halobacteriota;c__Methanosarcinia;o__Methanosarcinales;f__Methanosarcinaceae;g__Methanococcoides;s__Methanococcoides orientis	methanogen
GCF_022014235.1	p__Methanobacteriota	o__Methanobacteriales	d__Archaea;p__Methanobacteriota;c__Methanobacteria;o__Methanobacteriales;f__Methanothermobacteraceae;g__Methanothermobacter;s__Methanothermobacter sp022014235	methanogen
GCF_022768985.1	p__Methanobacteriota	o__Methanobacteriales	d__Archaea;p__Methanobacteriota;c__Methanobacteria;o__Methanobacteriales;f__Methanobacteriaceae;g__Methanosphaera;s__Methanosphaera sp022768985	methanogen
GCF_023167465.1	p__Methanobacteriota	o__Methanobacteriales	d__Archaea;p__Methanobacteriota;c__Methanobacteria;o__Methanobacteriales;f__DSM-23052;g__Methanothermobacter_A;s__Methanothermobacter_A tenebrarum	methanogen
GCF_023195915.1	p__Halobacteriota	o__Methanomicrobiales	d__Archaea;p__Halobacteriota;c__Methanomicrobia;o__Methanomicrobiales;f__Methanoculleaceae;g__Methanoculleus;s__Methanoculleus sp023195915	methanogen
GCF_023227715.1	p__Methanobacteriota	o__Methanobacteriales	d__Archaea;p__Methanobacteriota;c__Methanobacteria;o__Methanobacteriales;f__Methanobacteriaceae;g__Methanobacterium_E;s__Methanobacterium_E alcaliphilum	methanogen
GCF_023227875.1	p__Halobacteriota	o__Methanomicrobiales	d__Archaea;p__Halobacteriota;c__Methanomicrobia;o__Methanomicrobiales;f__Methanospirillaceae;g__Methanoregula;s__Methanoregula sp023227875	methanogen
GCF_023617305.1	p__Methanobacteriota	o__Methanobacteriales	d__Archaea;p__Methanobacteriota;c__Methanobacteria;o__Methanobacteriales;f__Methanobacteriaceae;g__Methanocatella;s__Methanocatella smithii_A	methanogen
GCF_023684405.1	p__Halobacteriota	o__Methanosarcinales	d__Archaea;p__Halobacteriota;c__Methanosarcinia;o__Methanosarcinales;f__Methanosarcinaceae;g__Methanococcoides;s__Methanococcoides seepicolus	methanogen
GCF_023702065.1	p__Halobacteriota	o__Methanomicrobiales	d__Archaea;p__Halobacteriota;c__Methanomicrobia;o__Methanomicrobiales;f__Methanoculleaceae;g__Methanoculleus;s__Methanoculleus oceani	methanogen
GCF_024170505.1	p__Halobacteriota	o__Methanomicrobiales	d__Archaea;p__Halobacteriota;c__Methanomicrobia;o__Methanomicrobiales;f__Methanocorpusculaceae;g__Methanocalculus;s__Methanocalculus alkaliphilus	methanogen
GCF_024372725.1	p__Halobacteriota	o__Methanosarcinales	d__Archaea;p__Halobacteriota;c__Methanosarcinia;o__Methanosarcinales;f__Methanosarcinaceae;g__Methanosarcina;s__Methanosarcina sp024372725	methanogen
GCF_024372745.1	p__Halobacteriota	o__Methanomicrobiales	d__Archaea;p__Halobacteriota;c__Methanomicrobia;o__Methanomicrobiales;f__Methanocorpusculaceae;g__Methanocalculus;s__Methanocalculus taiwanensis	methanogen
GCF_024490875.1	p__Methanobacteriota	o__Methanococcales	d__Archaea;p__Methanobacteriota;c__Methanococci;o__Methanococcales;f__Methanocaldococcaceae;g__Methanocaldococcus;s__Methanocaldococcus sp024490875	methanogen
GCF_024500045.1	p__Halobacteriota	o__Methanosarcinales	d__Archaea;p__Halobacteriota;c__Methanosarcinia;o__Methanosarcinales;f__Methanosarcinaceae;g__Methanolobus;s__Methanolobus chelungpuianus	methanogen
GCF_024518575.1	p__Halobacteriota	o__Methanotrichales	d__Archaea;p__Halobacteriota;c__Methanosarcinia;o__Methanotrichales;f__Methanotrichaceae;g__Methanothrix_B;s__Methanothrix_B sp024518575	methanogen
GCF_024662215.1	p__Halobacteriota	o__Methanomicrobiales	d__Archaea;p__Halobacteriota;c__Methanomicrobia;o__Methanomicrobiales;f__Methanomicrobiaceae;g__Methanoplanus;s__Methanoplanus endosymbiosus	methanogen
GCF_024807035.1	p__Methanobacteriota	o__Methanococcales	d__Archaea;p__Methanobacteriota;c__Methanococci;o__Methanococcales;f__Methanococcaceae;g__Methanococcus;s__Methanococcus voltae	methanogen
GCF_024807655.1	p__Methanobacteriota	o__Methanococcales	d__Archaea;p__Methanobacteriota;c__Methanococci;o__Methanococcales;f__Methanococcaceae;g__Methanococcus;s__Methanococcus voltae_D	methanogen
GCF_024808815.1	p__Halobacteriota	o__Methanosarcinales	d__Archaea;p__Halobacteriota;c__Methanosarcinia;o__Methanosarcinales;f__Methanosarcinaceae;g__Methanosalsum;s__Methanosalsum natronophilum	methanogen
GCF_025384765.1	p__Halobacteriota	o__Methanomicrobiales	d__Archaea;p__Halobacteriota;c__Methanomicrobia;o__Methanomicrobiales;f__Methanoculleaceae;g__Methanoculleus;s__Methanoculleus formosensis	methanogen
GCF_025397995.1	p__Methanobacteriota	o__Methanobacteriales	d__Archaea;p__Methanobacteriota;c__Methanobacteria;o__Methanobacteriales;f__Methanothermobacteraceae;g__Methanothermobacter;s__Methanothermobacter wolfei	methanogen
GCF_026684035.1	p__Halobacteriota	o__Methanomicrobiales	d__Archaea;p__Halobacteriota;c__Methanomicrobia;o__Methanomicrobiales;f__Methanomicrobiaceae;g__Methanogenium;s__Methanogenium organophilum	methanogen
GCF_026891935.1	p__Halobacteriota	o__Methanomicrobiales	d__Archaea;p__Halobacteriota;c__Methanomicrobia;o__Methanomicrobiales;f__Methanocorpusculaceae;g__Methanocorpusculum;s__Methanocorpusculum vombati	methanogen
GCF_026891975.1	p__Halobacteriota	o__Methanomicrobiales	d__Archaea;p__Halobacteriota;c__Methanomicrobia;o__Methanomicrobiales;f__Methanocorpusculaceae;g__Methanocorpusculum;s__Methanocorpusculum petauri	methanogen
GCF_028679125.1	p__Halobacteriota	o__Methanomicrobiales	d__Archaea;p__Halobacteriota;c__Methanomicrobia;o__Methanomicrobiales;f__Methanospirillaceae;g__Methanoregula;s__Methanoregula sp028679125	methanogen
GCF_028679455.1	p__Halobacteriota	o__Methanomicrobiales	d__Archaea;p__Halobacteriota;c__Methanomicrobia;o__Methanomicrobiales;f__Methanospirillaceae;g__Methanospirillum;s__Methanospirillum sp028679455	methanogen
GCF_028693135.1	p__Halobacteriota	o__Methanosarcinales	d__Archaea;p__Halobacteriota;c__Methanosarcinia;o__Methanosarcinales;f__Methanosarcinaceae;g__Methanosarcina;s__Methanosarcina sp028693135	methanogen
GCF_028702905.1	p__Halobacteriota	o__Methanomicrobiales	d__Archaea;p__Halobacteriota;c__Methanomicrobia;o__Methanomicrobiales;f__Methanofollaceae;g__Methanofollis;s__Methanofollis sp028702905	methanogen
GCF_028712425.1	p__Halobacteriota	o__Methanomicrobiales	d__Archaea;p__Halobacteriota;c__Methanomicrobia;o__Methanomicrobiales;f__Methanospirillaceae;g__Methanoregula;s__Methanoregula sp028712425	methanogen
GCF_028890305.1	p__Methanobacteriota	o__Methanobacteriales	d__Archaea;p__Methanobacteriota;c__Methanobacteria;o__Methanobacteriales;f__Methanobacteriaceae;g__Methanosphaera;s__Methanosphaera massiliense	methanogen
GCF_028912405.1	p__Halobacteriota	o__Methanomicrobiales	d__Archaea;p__Halobacteriota;c__Methanomicrobia;o__Methanomicrobiales;f__Methanomicrobiaceae;g__Methanogenium;s__Methanogenium marinum	methanogen
GCF_029167045.1	p__Halobacteriota	o__Methanotrichales	d__Archaea;p__Halobacteriota;c__Methanosarcinia;o__Methanotrichales;f__Methanotrichaceae;g__Methanocrinis;s__Methanocrinis natronophilus	methanogen
GCF_029167205.1	p__Halobacteriota	o__Methanotrichales	d__Archaea;p__Halobacteriota;c__Methanosarcinia;o__Methanotrichales;f__Methanotrichaceae;g__Methanocrinis;s__Methanocrinis alkalitolerans	methanogen
GCF_029633915.1	p__Halobacteriota	o__Methanomicrobiales	d__Archaea;p__Halobacteriota;c__Methanomicrobia;o__Methanomicrobiales;f__Methanomicrobiaceae;g__Methanomicrobium;s__Methanomicrobium antiquum	methanogen
GCF_029633965.1	p__Halobacteriota	o__Methanomicrobiales	d__Archaea;p__Halobacteriota;c__Methanomicrobia;o__Methanomicrobiales;f__Methanomicrobiaceae;g__Methanogenium;s__Methanogenium sp029633965	methanogen
GCF_029762515.1	p__Halobacteriota	o__Methanomicrobiales	d__Archaea;p__Halobacteriota;c__Methanomicrobia;o__Methanomicrobiales;f__Methanocorpusculaceae;g__Methanocalculus;s__Methanocalculus sp029762515	methanogen
GCF_029848115.1	p__Methanobacteriota	o__Methanobacteriales	d__Archaea;p__Methanobacteriota;c__Methanobacteria;o__Methanobacteriales;f__Methanobacteriaceae;g__Methanobacterium;s__Methanobacterium formicicum	methanogen
GCF_030019085.1	p__Halobacteriota	o__Methanomicrobiales	d__Archaea;p__Halobacteriota;c__Methanomicrobia;o__Methanomicrobiales;f__Methanoculleaceae;g__Methanoculleus;s__Methanoculleus sp030019085	methanogen
GCF_030055425.1	p__Methanobacteriota	o__Methanobacteriales	d__Archaea;p__Methanobacteriota;c__Methanobacteria;o__Methanobacteriales;f__Methanothermobacteraceae;g__Methanothermobacter;s__Methanothermobacter sp030055425	methanogen
GCF_030055435.1	p__Methanobacteriota	o__Methanobacteriales	d__Archaea;p__Methanobacteriota;c__Methanobacteria;o__Methanobacteriales;f__Methanothermobacteraceae;g__Methanothermobacter;s__Methanothermobacter sp030055435	methanogen
GCF_030055635.1	p__Halobacteriota	o__Methanotrichales	d__Archaea;p__Halobacteriota;c__Methanosarcinia;o__Methanotrichales;f__Methanotrichaceae;g__Methanothrix_B;s__Methanothrix_B sp030055635	methanogen
GCF_030156785.1	p__Halobacteriota	o__Methanosarcinales	d__Archaea;p__Halobacteriota;c__Methanosarcinia;o__Methanosarcinales;f__Methanosarcinaceae;g__Methanohalophilus;s__Methanohalophilus sp030156785	methanogen
GCF_030296715.1	p__Methanobacteriota	o__Methanobacteriales	d__Archaea;p__Methanobacteriota;c__Methanobacteria;o__Methanobacteriales;f__Methanobacteriaceae;g__Methanobacterium;s__Methanobacterium ferruginis	methanogen
GCF_030323845.1	p__Methanobacteriota	o__Methanobacteriales	d__Archaea;p__Methanobacteriota;c__Methanobacteria;o__Methanobacteriales;f__Methanobacteriaceae;g__Methanobacterium;s__Methanobacterium sp030323845	methanogen
GCF_030464345.1	p__Halobacteriota	o__Methanomicrobiales	d__Archaea;p__Halobacteriota;c__Methanomicrobia;o__Methanomicrobiales;f__Methanoculleaceae;g__Methanoculleus_A;s__Methanoculleus_A frigidifontis	methanogen
GCF_030464365.1	p__Halobacteriota	o__Methanomicrobiales	d__Archaea;p__Halobacteriota;c__Methanomicrobia;o__Methanomicrobiales;f__Methanoculleaceae;g__Methanoculleus;s__Methanoculleus methanifontis	methanogen
GCF_030539555.1	p__Methanobacteriota	o__Methanobacteriales	d__Archaea;p__Methanobacteriota;c__Methanobacteria;o__Methanobacteriales;f__Methanobacteriaceae;g__Methanocatella;s__Methanocatella sp030539555	methanogen
GCF_030539665.1	p__Methanobacteriota	o__Methanobacteriales	d__Archaea;p__Methanobacteriota;c__Methanobacteria;o__Methanobacteriales;f__Methanobacteriaceae;g__Methanocatella;s__Methanocatella sp030539665	methanogen
GCF_030539875.1	p__Methanobacteriota	o__Methanobacteriales	d__Archaea;p__Methanobacteriota;c__Methanobacteria;o__Methanobacteriales;f__Methanobacteriaceae;g__Methanocatella;s__Methanocatella sp030539875	methanogen
GCF_030651615.1	p__Halobacteriota	o__Methanomicrobiales	d__Archaea;p__Halobacteriota;c__Methanomicrobia;o__Methanomicrobiales;f__Methanocorpusculaceae;g__Methanocalculus;s__Methanocalculus sp030651615	methanogen
GCF_030655665.1	p__Halobacteriota	o__Methanomicrobiales	d__Archaea;p__Halobacteriota;c__Methanomicrobia;o__Methanomicrobiales;f__Methanocorpusculaceae;g__Methanocorpusculum;s__Methanocorpusculum sp030655665	methanogen
GCF_030682845.1	p__Halobacteriota	o__Methanosarcinales	d__Archaea;p__Halobacteriota;c__Methanosarcinia;o__Methanosarcinales;f__Methanosarcinaceae;g__Methanolobus;s__Methanolobus sp030682845	methanogen
GCF_031312535.1	p__Halobacteriota	o__Methanosarcinales	d__Archaea;p__Halobacteriota;c__Methanosarcinia;o__Methanosarcinales;f__Methanosarcinaceae;g__Methanolobus;s__Methanolobus mangrovi	methanogen
GCF_031312595.1	p__Halobacteriota	o__Methanosarcinales	d__Archaea;p__Halobacteriota;c__Methanosarcinia;o__Methanosarcinales;f__Methanosarcinaceae;g__Methanolobus;s__Methanolobus sediminis	methanogen
GCF_031454185.1	p__Halobacteriota	o__Methanosarcinales	d__Archaea;p__Halobacteriota;c__Methanosarcinia;o__Methanosarcinales;f__Methanosarcinaceae;g__Methanococcoides;s__Methanococcoides alaskense	methanogen
GCF_031461075.1	p__Halobacteriota	o__Methanosarcinales	d__Archaea;p__Halobacteriota;c__Methanosarcinia;o__Methanosarcinales;f__Methanosarcinaceae;g__Methanosarcina;s__Methanosarcina barkeri_C	methanogen
GCF_032594095.1	p__Halobacteriota	o__Methanosarcinales	d__Archaea;p__Halobacteriota;c__Methanosarcinia;o__Methanosarcinales;f__Methanosarcinaceae;g__Methanimicrococcus;s__Methanimicrococcus hongohii	methanogen
GCF_032594115.1	p__Halobacteriota	o__Methanosarcinales	d__Archaea;p__Halobacteriota;c__Methanosarcinia;o__Methanosarcinales;f__Methanosarcinaceae;g__Methanolapillus;s__Methanolapillus millepedarum	methanogen
GCF_032594355.1	p__Halobacteriota	o__Methanosarcinales	d__Archaea;p__Halobacteriota;c__Methanosarcinia;o__Methanosarcinales;f__Methanosarcinaceae;g__Methanolapillus;s__Methanolapillus ohkumae	methanogen
GCF_032594435.1	p__Halobacteriota	o__Methanosarcinales	d__Archaea;p__Halobacteriota;c__Methanosarcinia;o__Methanosarcinales;f__Methanosarcinaceae;g__Methanimicrococcus;s__Methanimicrococcus stummii	methanogen
GCF_032714475.1	p__Halobacteriota	o__Methanosarcinales	d__Archaea;p__Halobacteriota;c__Methanosarcinia;o__Methanosarcinales;f__Methanosarcinaceae;g__Methanolapillus;s__Methanolapillus africanus	methanogen
GCF_032714495.1	p__Halobacteriota	o__Methanomicrobiales	d__Archaea;p__Halobacteriota;c__Methanomicrobia;o__Methanomicrobiales;f__Methanocorpusculaceae;g__Methanocorpusculum;s__Methanocorpusculum rubei	methanogen
GCF_032714515.1	p__Halobacteriota	o__Methanosarcinales	d__Archaea;p__Halobacteriota;c__Methanosarcinia;o__Methanosarcinales;f__Methanosarcinaceae;g__Methanimicrococcus;s__Methanimicrococcus hacksteinii	methanogen
GCF_032714615.1	p__Halobacteriota	o__Methanomicrobiales	d__Archaea;p__Halobacteriota;c__Methanomicrobia;o__Methanomicrobiales;f__Methanocorpusculaceae;g__Methanocorpusculum;s__Methanocorpusculum furvi	methanogen
GCF_032842345.1	p__Halobacteriota	o__Methanomicrobiales	d__Archaea;p__Halobacteriota;c__Methanomicrobia;o__Methanomicrobiales;f__Methanoculleaceae;g__Methanoculleus;s__Methanoculleus caldifontis	methanogen
GCF_032878975.1	p__Halobacteriota	o__Methanomicrobiales	d__Archaea;p__Halobacteriota;c__Methanomicrobia;o__Methanomicrobiales;f__Methanomicrobiaceae;g__Methanomicrobium;s__Methanomicrobium sp032878975	methanogen
GCF_032944295.1	p__Halobacteriota	o__Methanomicrobiales	d__Archaea;p__Halobacteriota;c__Methanomicrobia;o__Methanomicrobiales;f__Methanoculleaceae;g__Methanoculleus;s__Methanoculleus nereidis	methanogen
GCF_033472595.1	p__Halobacteriota	o__Methanomicrobiales	d__Archaea;p__Halobacteriota;c__Methanomicrobia;o__Methanomicrobiales;f__Methanoculleaceae;g__Methanoculleus;s__Methanoculleus receptaculi	methanogen
GCF_034480035.2	p__Methanobacteriota	o__Methanobacteriales	d__Archaea;p__Methanobacteriota;c__Methanobacteria;o__Methanobacteriales;f__Methanobacteriaceae;g__Methanosphaera;s__Methanosphaera sp017431845	methanogen
GCF_035390745.1	p__Halobacteriota	o__Methanosarcinales	d__Archaea;p__Halobacteriota;c__Methanosarcinia;o__Methanosarcinales;f__Methanosarcinaceae;g__Methanosarcina;s__Methanosarcina sp035390745	methanogen
GCF_035406105.1	p__Halobacteriota	o__Methanomicrobiales	d__Archaea;p__Halobacteriota;c__Methanomicrobia;o__Methanomicrobiales;f__Methanospirillaceae;g__Methanospirillum;s__Methanospirillum sp035406105	methanogen
GCF_035506375.1	p__Halobacteriota	o__Methanocellales	d__Archaea;p__Halobacteriota;c__Methanocellia;o__Methanocellales;f__Methanocellaceae;g__Methanocella;s__Methanocella sp035506375	methanogen
GCF_035543475.1	p__Halobacteriota	o__Methanomicrobiales	d__Archaea;p__Halobacteriota;c__Methanomicrobia;o__Methanomicrobiales;f__Methanospirillaceae;g__Methanoregula;s__Methanoregula sp035543475	methanogen
GCF_035560735.1	p__Halobacteriota	o__Methanomicrobiales	d__Archaea;p__Halobacteriota;c__Methanomicrobia;o__Methanomicrobiales;f__Methanospirillaceae;g__Methanospirillum;s__Methanospirillum sp035560735	methanogen
GCF_036307625.1	p__Methanobacteriota	o__Methanobacteriales	d__Archaea;p__Methanobacteriota;c__Methanobacteria;o__Methanobacteriales;f__Methanobacteriaceae;g__Methanocatella;s__Methanocatella sp036307625	methanogen
GCF_036677455.1	p__Halobacteriota	o__Methanomicrobiales	d__Archaea;p__Halobacteriota;c__Methanomicrobia;o__Methanomicrobiales;f__Methanoculleaceae;g__Methanoculleus;s__Methanoculleus sp036677455	methanogen
GCF_036802725.1	p__Halobacteriota	o__Methanosarcinales	d__Archaea;p__Halobacteriota;c__Methanosarcinia;o__Methanosarcinales;f__Methanosarcinaceae;g__Methanomethylovorans;s__Methanomethylovorans sp937968035	methanogen
GCF_038022665.1	p__Halobacteriota	o__Methanosarcinales	d__Archaea;p__Halobacteriota;c__Methanosarcinia;o__Methanosarcinales;f__Methanosarcinaceae;g__Methanolobus;s__Methanolobus sp038022665	methanogen
GCF_038432375.1	p__Halobacteriota	o__Methanosarcinales	d__Archaea;p__Halobacteriota;c__Methanosarcinia;o__Methanosarcinales;f__Methanosarcinaceae;g__Methanococcoides;s__Methanococcoides sp038432375	methanogen
GCF_038446525.1	p__Halobacteriota	o__Methanosarcinales	d__Archaea;p__Halobacteriota;c__Methanosarcinia;o__Methanosarcinales;f__Methanosarcinaceae;g__Methanolobus;s__Methanolobus sp038446525	methanogen
GCF_038562635.1	p__Methanobacteriota	o__Methanobacteriales	d__Archaea;p__Methanobacteriota;c__Methanobacteria;o__Methanobacteriales;f__Methanobacteriaceae;g__Methanobacterium_D;s__Methanobacterium_D sp038562635	methanogen
GCF_038751955.1	p__Halobacteriota	o__Methanomicrobiales	d__Archaea;p__Halobacteriota;c__Methanomicrobia;o__Methanomicrobiales;f__Methanocorpusculaceae;g__Methanocalculus;s__Methanocalculus natronophilus	methanogen
GCF_041305605.1	p__Halobacteriota	o__Methanosarcinales	d__Archaea;p__Halobacteriota;c__Methanosarcinia;o__Methanosarcinales;f__Methanosarcinaceae;g__Methanomethylovorans;s__Methanomethylovorans sp041305605	methanogen
GCF_041447285.1	p__Halobacteriota	o__Methanosarcinales	d__Archaea;p__Halobacteriota;c__Methanosarcinia;o__Methanosarcinales;f__Methanosarcinaceae;g__Methanomethylovorans;s__Methanomethylovorans sp041447285	methanogen
GCF_041645475.1	p__Halobacteriota	o__Methanomicrobiales	d__Archaea;p__Halobacteriota;c__Methanomicrobia;o__Methanomicrobiales;f__Methanospirillaceae;g__Methanoregula;s__Methanoregula sp041645475	methanogen
GCF_041663825.1	p__Halobacteriota	o__Methanomicrobiales	d__Archaea;p__Halobacteriota;c__Methanomicrobia;o__Methanomicrobiales;f__Methanospirillaceae;g__Methanoregula;s__Methanoregula sp041663825	methanogen
GCF_041859935.1	p__Halobacteriota	o__Methanomicrobiales	d__Archaea;p__Halobacteriota;c__Methanomicrobia;o__Methanomicrobiales;f__Methanospirillaceae;g__Methanospirillum;s__Methanospirillum sp028695895	methanogen
GCF_900095295.1	p__Methanobacteriota	o__Methanobacteriales	d__Archaea;p__Methanobacteriota;c__Methanobacteria;o__Methanobacteriales;f__Methanobacteriaceae;g__Methanobacterium_C;s__Methanobacterium_C congolense	methanogen
GCF_900095385.1	p__Halobacteriota	o__Methanomicrobiales	d__Archaea;p__Halobacteriota;c__Methanomicrobia;o__Methanomicrobiales;f__Methanoculleaceae;g__Methanoculleus;s__Methanoculleus chikugoensis_A	methanogen
GCF_900100715.1	p__Halobacteriota	o__Methanosarcinales	d__Archaea;p__Halobacteriota;c__Methanosarcinia;o__Methanosarcinales;f__Methanosarcinaceae;g__Methanolobus;s__Methanolobus vulcani	methanogen
GCF_900103415.1	p__Methanobacteriota	o__Methanobacteriales	d__Archaea;p__Methanobacteriota;c__Methanobacteria;o__Methanobacteriales;f__Methanobacteriaceae;g__Methanocatella;s__Methanocatella millerae	methanogen
GCF_900111645.1	p__Halobacteriota	o__Methanosarcinales	d__Archaea;p__Halobacteriota;c__Methanosarcinia;o__Methanosarcinales;f__Methanosarcinaceae;g__Methanococcoides;s__Methanococcoides vulcani	methanogen
GCF_900114585.1	p__Methanobacteriota	o__Methanobacteriales	d__Archaea;p__Methanobacteriota;c__Methanobacteria;o__Methanobacteriales;f__Methanobacteriaceae;g__Methanobrevibacter;s__Methanobrevibacter olleyae	methanogen
GCF_900114835.1	p__Halobacteriota	o__Methanosarcinales	d__Archaea;p__Halobacteriota;c__Methanosarcinia;o__Methanosarcinales;f__Methanosarcinaceae;g__Methanolobus;s__Methanolobus profundi	methanogen
GCF_900196725.1	p__Halobacteriota	o__Methanosarcinales	d__Archaea;p__Halobacteriota;c__Methanosarcinia;o__Methanosarcinales;f__Methanoperedenaceae;g__Methanoperedens;s__Methanoperedens nitroreducens_A	methanogen
GCF_900215215.1	p__Halobacteriota	o__Methanosarcinales	d__Archaea;p__Halobacteriota;c__Methanosarcinia;o__Methanosarcinales;f__Methanosarcinaceae;g__Methanohalophilus;s__Methanohalophilus euhalobius	methanogen
GCF_900314615.1	p__Methanobacteriota	o__Methanobacteriales	d__Archaea;p__Methanobacteriota;c__Methanobacteria;o__Methanobacteriales;f__Methanobacteriaceae;g__Methanocatella;s__Methanocatella sp900314615	methanogen
GCF_900314695.1	p__Methanobacteriota	o__Methanobacteriales	d__Archaea;p__Methanobacteriota;c__Methanobacteria;o__Methanobacteriales;f__Methanobacteriaceae;g__Methanocatella;s__Methanocatella sp900314695	methanogen
GCF_900316895.1	p__Methanobacteriota	o__Methanobacteriales	d__Archaea;p__Methanobacteriota;c__Methanobacteria;o__Methanobacteriales;f__Methanobacteriaceae;g__Methanocatella;s__Methanocatella sp900316895	methanogen
GCF_900317865.1	p__Methanobacteriota	o__Methanobacteriales	d__Archaea;p__Methanobacteriota;c__Methanobacteria;o__Methanobacteriales;f__Methanobacteriaceae;g__Methanocatella;s__Methanocatella sp900317865	methanogen
GCF_900319985.1	p__Methanobacteriota	o__Methanobacteriales	d__Archaea;p__Methanobacteriota;c__Methanobacteria;o__Methanobacteriales;f__Methanobacteriaceae;g__Methanocatella;s__Methanocatella sp900319985	methanogen
GCF_900774055.1	p__Halobacteriota	o__Methanosarcinales	d__Archaea;p__Halobacteriota;c__Methanosarcinia;o__Methanosarcinales;f__Methanosarcinaceae;g__Methanococcoides;s__Methanococcoides sp900774055	methanogen
GCF_902764455.1	p__Methanobacteriota	o__Methanobacteriales	d__Archaea;p__Methanobacteriota;c__Methanobacteria;o__Methanobacteriales;f__Methanobacteriaceae;g__Methanocatella;s__Methanocatella sp902764455	methanogen
GCF_902769175.1	p__Methanobacteriota	o__Methanobacteriales	d__Archaea;p__Methanobacteriota;c__Methanobacteria;o__Methanobacteriales;f__Methanobacteriaceae;g__Methanobrevibacter;s__Methanobrevibacter sp902769175	methanogen
GCF_902770715.1	p__Methanobacteriota	o__Methanobacteriales	d__Archaea;p__Methanobacteriota;c__Methanobacteria;o__Methanobacteriales;f__Methanobacteriaceae;g__Methanocatella;s__Methanocatella sp902770715	methanogen
GCF_902771225.1	p__Methanobacteriota	o__Methanobacteriales	d__Archaea;p__Methanobacteriota;c__Methanobacteria;o__Methanobacteriales;f__Methanobacteriaceae;g__Methanocatella;s__Methanocatella sp900319535	methanogen
GCF_902771435.1	p__Methanobacteriota	o__Methanobacteriales	d__Archaea;p__Methanobacteriota;c__Methanobacteria;o__Methanobacteriales;f__Methanobacteriaceae;g__Methanocatella;s__Methanocatella sp902771435	methanogen
GCF_902774605.1	p__Methanobacteriota	o__Methanobacteriales	d__Archaea;p__Methanobacteriota;c__Methanobacteria;o__Methanobacteriales;f__Methanobacteriaceae;g__Methanocatella;s__Methanocatella sp902774605	methanogen
GCF_902784195.1	p__Methanobacteriota	o__Methanobacteriales	d__Archaea;p__Methanobacteriota;c__Methanobacteria;o__Methanobacteriales;f__Methanobacteriaceae;g__Methanobrevibacter;s__Methanobrevibacter sp902784195	methanogen
GCF_902785855.1	p__Methanobacteriota	o__Methanobacteriales	d__Archaea;p__Methanobacteriota;c__Methanobacteria;o__Methanobacteriales;f__Methanobacteriaceae;g__Methanocatella;s__Methanocatella sp902785855	methanogen
GCF_902788255.1	p__Methanobacteriota	o__Methanobacteriales	d__Archaea;p__Methanobacteriota;c__Methanobacteria;o__Methanobacteriales;f__Methanobacteriaceae;g__Methanocatella;s__Methanocatella sp902788255	methanogen
GCF_902801725.1	p__Methanobacteriota	o__Methanobacteriales	d__Archaea;p__Methanobacteriota;c__Methanobacteria;o__Methanobacteriales;f__Methanobacteriaceae;g__Methanocatella;s__Methanocatella sp902801725	methanogen
GCF_902827225.1	p__Methanobacteriota	o__Methanococcales	d__Archaea;p__Methanobacteriota;c__Methanococci;o__Methanococcales;f__Methanocaldococcaceae;g__Methanocaldococcus;s__Methanocaldococcus lauensis	methanogen
GCF_905235195.1	p__Methanobacteriota	o__Methanobacteriales	d__Archaea;p__Methanobacteriota;c__Methanobacteria;o__Methanobacteriales;f__Methanobacteriaceae;g__Methanarmilla;s__Methanarmilla sp905235195	methanogen
GCF_934746965.1	p__Methanobacteriota	o__Methanobacteriales	d__Archaea;p__Methanobacteriota;c__Methanobacteria;o__Methanobacteriales;f__Methanobacteriaceae;g__Methanocatella;s__Methanocatella sp934746965	methanogen
GCF_937881195.1	p__Methanobacteriota	o__Methanobacteriales	d__Archaea;p__Methanobacteriota;c__Methanobacteria;o__Methanobacteriales;f__Methanobacteriaceae;g__Methanobinarius;s__Methanobinarius sp937881195	methanogen
GCF_937898925.1	p__Methanobacteriota	o__Methanobacteriales	d__Archaea;p__Methanobacteriota;c__Methanobacteria;o__Methanobacteriales;f__Methanobacteriaceae;g__Methanobrevibacter;s__Methanobrevibacter sp937898925	methanogen
GCF_937906425.1	p__Methanobacteriota	o__Methanobacteriales	d__Archaea;p__Methanobacteriota;c__Methanobacteria;o__Methanobacteriales;f__Methanobacteriaceae;g__Methanobrevibacter;s__Methanobrevibacter sp937906425	methanogen
GCF_937919355.1	p__Halobacteriota	o__Methanomicrobiales	d__Archaea;p__Halobacteriota;c__Methanomicrobia;o__Methanomicrobiales;f__Methanofollaceae;g__Methanofollis;s__Methanofollis sp937919355	methanogen
GCF_946184425.1	p__Methanobacteriota	o__Methanobacteriales	d__Archaea;p__Methanobacteriota;c__Methanobacteria;o__Methanobacteriales;f__Methanobacteriaceae;g__Methanocatella;s__Methanocatella sp946184425	methanogen
GCF_946404245.1	p__Methanobacteriota	o__Methanobacteriales	d__Archaea;p__Methanobacteriota;c__Methanobacteria;o__Methanobacteriales;f__Methanobacteriaceae;g__Methanocatella;s__Methanocatella sp946404245	methanogen
GCF_946408925.1	p__Methanobacteriota	o__Methanobacteriales	d__Archaea;p__Methanobacteriota;c__Methanobacteria;o__Methanobacteriales;f__Methanobacteriaceae;g__Methanocatella;s__Methanocatella sp946408925	methanogen
GCF_946463545.1	p__Methanobacteriota	o__Methanococcales	d__Archaea;p__Methanobacteriota;c__Methanococci;o__Methanococcales;f__Methanococcaceae;g__Methanothermococcus;s__Methanothermococcus thermolithotrophicus	methanogen
GCF_947166415.1	p__Methanobacteriota	o__Methanobacteriales	d__Archaea;p__Methanobacteriota;c__Methanobacteria;o__Methanobacteriales;f__Methanobacteriaceae;g__Methanocatella;s__Methanocatella sp947166415	methanogen
GCF_947169325.1	p__Methanobacteriota	o__Methanobacteriales	d__Archaea;p__Methanobacteriota;c__Methanobacteria;o__Methanobacteriales;f__Methanobacteriaceae;g__Methanocatella;s__Methanocatella sp947169325	methanogen
GCF_947170395.1	p__Methanobacteriota	o__Methanobacteriales	d__Archaea;p__Methanobacteriota;c__Methanobacteria;o__Methanobacteriales;f__Methanobacteriaceae;g__Methanocatella;s__Methanocatella sp947170395	methanogen
GCF_963082495.1	p__Methanobacteriota	o__Methanobacteriales	d__Archaea;p__Methanobacteriota;c__Methanobacteria;o__Methanobacteriales;f__Methanobacteriaceae;g__Methanocatella;s__Methanocatella sp963082495	methanogen
GCF_963662735.1	p__Halobacteriota	o__Methanomicrobiales	d__Archaea;p__Halobacteriota;c__Methanomicrobia;o__Methanomicrobiales;f__Methanospirillaceae;g__Methanoregula;s__Methanoregula sp963662735	methanogen
GCF_963665055.1	p__Methanobacteriota	o__Methanobacteriales	d__Archaea;p__Methanobacteriota;c__Methanobacteria;o__Methanobacteriales;f__Methanobacteriaceae;g__Methanobacterium;s__Methanobacterium sp963665055	methanogen
GCF_963665675.1	p__Halobacteriota	o__Methanosarcinales	d__Archaea;p__Halobacteriota;c__Methanosarcinia;o__Methanosarcinales;f__Methanosarcinaceae;g__Methanolobus;s__Methanolobus sp963665675	methanogen
GCF_963666025.1	p__Methanobacteriota	o__Methanobacteriales	d__Archaea;p__Methanobacteriota;c__Methanobacteria;o__Methanobacteriales;f__Methanobacteriaceae;g__Methanobacterium;s__Methanobacterium sp963666025	methanogen
GCF_963667555.1	p__Halobacteriota	o__Methanosarcinales	d__Archaea;p__Halobacteriota;c__Methanosarcinia;o__Methanosarcinales;f__Methanosarcinaceae;g__Methanolobus;s__Methanolobus sp963667555	methanogen
GCF_963667735.1	p__Halobacteriota	o__Methanomicrobiales	d__Archaea;p__Halobacteriota;c__Methanomicrobia;o__Methanomicrobiales;f__Methanospirillaceae;g__Methanoregula;s__Methanoregula sp963667735	methanogen
GCF_963667985.1	p__Halobacteriota	o__Methanomicrobiales	d__Archaea;p__Halobacteriota;c__Methanomicrobia;o__Methanomicrobiales;f__Methanocorpusculaceae;g__Methanocorpusculum;s__Methanocorpusculum sp963667985	methanogen
GCF_963668475.1	p__Halobacteriota	o__Methanomicrobiales	d__Archaea;p__Halobacteriota;c__Methanomicrobia;o__Methanomicrobiales;f__Methanospirillaceae;g__Methanospirillum;s__Methanospirillum sp963668475	methanogen
GCF_963674485.1	p__Halobacteriota	o__Methanosarcinales	d__Archaea;p__Halobacteriota;c__Methanosarcinia;o__Methanosarcinales;f__Methanosarcinaceae;g__Methanolobus;s__Methanolobus sp002507205	methanogen
GCF_963677065.1	p__Halobacteriota	o__Methanomicrobiales	d__Archaea;p__Halobacteriota;c__Methanomicrobia;o__Methanomicrobiales;f__Methanospirillaceae;g__Methanoregula;s__Methanoregula sp963677065	methanogen
GCF_963678545.1	p__Halobacteriota	o__Methanosarcinales	d__Archaea;p__Halobacteriota;c__Methanosarcinia;o__Methanosarcinales;f__Methanosarcinaceae;g__Methanomethylovorans;s__Methanomethylovorans sp963678545	methanogen
GCF_963678795.1	p__Halobacteriota	o__Methanomicrobiales	d__Archaea;p__Halobacteriota;c__Methanomicrobia;o__Methanomicrobiales;f__Methanospirillaceae;g__Methanoregula;s__Methanoregula sp963678795	methanogen
GCA_001803565.1	p__2-12-FULL-45-22	o__2-12-FULL-45-22	d__Bacteria;p__2-12-FULL-45-22;c__2-12-FULL-45-22;o__2-12-FULL-45-22;f__2-12-FULL-45-22;g__2-12-FULL-45-22;s__2-12-FULL-45-22 sp001803565	background
GCA_002050035.1	p__4484-113	o__4484-113	d__Bacteria;p__4484-113;c__4484-113;o__4484-113;f__4484-113;g__4484-113;s__4484-113 sp002050035	background
GCA_021158185.1	p__4484-113	o__JAGGVC01	d__Bacteria;p__4484-113;c__4484-113;o__JAGGVC01;f__JAGGVC01;g__JAGGVC01;s__JAGGVC01 sp021158185	background
GCA_029932365.1	p__4484-113	o__4484-113	d__Bacteria;p__4484-113;c__4484-113;o__4484-113;f__4484-113;g__JAGGTK01;s__JAGGTK01 sp029932365	background
GCA_002084765.1	p__4572-55	o__4572-55	d__Bacteria;p__4572-55;c__4572-55;o__4572-55;f__4572-55;g__4572-55;s__4572-55 sp002084765	background
GCA_020431545.1	p__ARS69	o__ARS69	d__Bacteria;p__ARS69;c__ARS69;o__ARS69;f__ARS69;g__JAGQIB01;s__JAGQIB01 sp020431545	background
GCA_025774865.1	p__ARS69	o__ARS69	d__Bacteria;p__ARS69;c__ARS69;o__ARS69;f__ARS69;g__JALGZO01;s__JALGZO01 sp025774865	background
GCA_021162505.1	p__AUK180	o__AUK180	d__Bacteria;p__AUK180;c__AUK180;o__AUK180;f__AUK180;g__AUK180;s__AUK180 sp021162505	background
GCA_028696285.1	p__AUK180	o__JAQVHJ01	d__Bacteria;p__AUK180;c__AUK180;o__JAQVHJ01;f__JAQVHJ01;g__JAQVHJ01;s__JAQVHJ01 sp028696285	background
GCA_003598055.1	p__Abyssobacteria	o__SURF-5	d__Bacteria;p__Abyssobacteria;c__SURF-5;o__SURF-5;f__SURF-5;g__SURF-17;s__SURF-17 sp003598055	background
GCA_000381585.1	p__Acidobacteriota	o__Terriglobales	d__Bacteria;p__Acidobacteriota;c__Terriglobia;o__Terriglobales;f__Acidobacteriaceae;g__KBS-83;s__KBS-83 sp000381585	background
GCA_002451015.1	p__Acidobacteriota	o__UBA6911	d__Bacteria;p__Acidobacteriota;c__UBA6911;o__UBA6911;f__UBA6911;g__UBA6911;s__UBA6911 sp002451015	background
GCA_003151875.1	p__Acidobacteriota	o__Terriglobales	d__Bacteria;p__Acidobacteriota;c__Terriglobia;o__Terriglobales;f__Korobacteraceae;g__Bog-257;s__Bog-257 sp003151875	background
GCA_003175865.1	p__Acidobacteriota	o__Pyrinomonadales	d__Bacteria;p__Acidobacteriota;c__Blastocatellia;o__Pyrinomonadales;f__Pyrinomonadaceae;g__PSRF01;s__PSRF01 sp003175865	background
GCA_003225075.1	p__Acidobacteriota	o__Terriglobales	d__Bacteria;p__Acidobacteriota;c__Terriglobia;o__Terriglobales;f__SbA1;g__Gp1-AA124;s__Gp1-AA124 sp003225075	background
GCA_009841225.1	p__Acidobacteriota	o__Bryobacterales	d__Bacteria;p__Acidobacteriota;c__Terriglobia;o__Bryobacterales;f__UBA6623;g__VXMF01;s__VXMF01 sp009841225	background
GCA_013695405.1	p__Acidobacteriota	o__Vicinamibacterales	d__Bacteria;p__Acidobacteriota;c__Vicinamibacteria;o__Vicinamibacterales;f__Vicinamibacteraceae;g__Luteitalea;s__Luteitalea sp013695405	background
GCA_016199665.1	p__Acidobacteriota	o__JACQSX01	d__Bacteria;p__Acidobacteriota;c__UBA6911;o__JACQSX01;f__JACQSX01;g__JACQSX01;s__JACQSX01 sp016199665	background
GCA_016789685.1	p__Acidobacteriota	o__Vicinamibacterales	d__Bacteria;p__Acidobacteriota;c__Vicinamibacteria;o__Vicinamibacterales;f__JAFNAJ01;g__JAEUQQ01;s__JAEUQQ01 sp016789685	background
GCA_017996395.1	p__Acidobacteriota	o__JAAYUB01	d__Bacteria;p__Acidobacteriota;c__JAAYUB01;o__JAAYUB01;f__JAAYUB01;g__JAAYUB01;s__JAAYUB01 sp017996395	background
GCA_019694355.1	p__Acidobacteriota	o__Pyrinomonadales	d__Bacteria;p__Acidobacteriota;c__Blastocatellia;o__Pyrinomonadales;f__Pyrinomonadaceae;g__OLB17;s__OLB17 sp019694355	background
GCA_020350085.1	p__Acidobacteriota	o__J045	d__Bacteria;p__Acidobacteriota;c__Polarisedimenticolia;o__J045;f__J045;g__G020350085;s__G020350085 sp020350085	background
GCA_021784615.1	p__Acidobacteriota	o__UBA7540	d__Bacteria;p__Acidobacteriota;c__Terriglobia;o__UBA7540;f__UBA7540;g__JAMCXS01;s__JAMCXS01 sp021784615	background
GCA_022340545.1	p__Acidobacteriota	o__Fen-336	d__Bacteria;p__Acidobacteriota;c__Vicinamibacteria;o__Fen-336;f__Fen-336;g__JAJDNS01;s__JAJDNS01 sp022340545	background
GCA_023384595.1	p__Acidobacteriota	o__Vicinamibacterales	d__Bacteria;p__Acidobacteriota;c__Vicinamibacteria;o__Vicinamibacterales;f__JAFNAJ01;g__JAHDVQ01;s__JAHDVQ01 sp023384595	background
GCA_025356215.1	p__Acidobacteriota	o__Bryobacterales	d__Bacteria;p__Acidobacteriota;c__Terriglobia;o__Bryobacterales;f__Bryobacteraceae;g__Bryobacter;s__Bryobacter sp025356215	background
GCA_025935035.1	p__Acidobacteriota	o__Terriglobales	d__Bacteria;p__Acidobacteriota;c__Terriglobia;o__Terriglobales;f__DSPA01;g__JAICLA01;s__JAICLA01 sp025935035	background
GCA_027295805.1	p__Acidobacteriota	o__SMYD01	d__Bacteria;p__Acidobacteriota;c__Polarisedimenticolia;o__SMYD01;f__SMYD01;g__SMYD01;s__SMYD01 sp027295805	background
GCA_028876695.1	p__Acidobacteriota	o__Acidiferrales	d__Bacteria;p__Acidobacteriota;c__Terriglobia;o__Acidiferrales;f__UBA7541;g__Palsa-295;s__Palsa-295 sp028876695	background
GCA_030038475.1	p__Acidobacteriota	o__Terriglobales	d__Bacteria;p__Acidobacteriota;c__Terriglobia;o__Terriglobales;f__SbA1;g__QIAJ01;s__QIAJ01 sp030038475	background
GCA_030620255.1	p__Acidobacteriota	o__UBA2199	d__Bacteria;p__Acidobacteriota;c__Aminicenantia;o__UBA2199;f__UBA2199;g__JAUWNT01;s__JAUWNT01 sp030620255	background
GCA_031254095.1	p__Acidobacteriota	o__UBA6911	d__Bacteria;p__Acidobacteriota;c__UBA6911;o__UBA6911;f__UBA6911;g__UBA6911;s__UBA6911 sp031254095	background
GCA_031408595.1	p__Acidobacteriota	o__Pyrinomonadales	d__Bacteria;p__Acidobacteriota;c__Blastocatellia;o__Pyrinomonadales;f__Pyrinomonadaceae;g__OLB17;s__OLB17 sp031408595	background
GCA_034665305.1	p__Acidobacteriota	o__Pyrinomonadales	d__Bacteria;p__Acidobacteriota;c__Blastocatellia;o__Pyrinomonadales;f__Pyrinomonadaceae;g__DASXRU01;s__DASXRU01 sp034665305	background
GCA_035273585.1	p__Acidobacteriota	o__Gp7-AA8	d__Bacteria;p__Acidobacteriota;c__Thermoanaerobaculia;o__Gp7-AA8;f__Gp7-AA8;g__JAFAVZ01;s__JAFAVZ01 sp035273585	background
GCA_035295805.1	p__Acidobacteriota	o__Bryobacterales	d__Bacteria;p__Acidobacteriota;c__Terriglobia;o__Bryobacterales;f__Bryobacteraceae;g__JAIQFS01;s__JAIQFS01 sp035295805	background
GCA_035438525.1	p__Acidobacteriota	o__Pyrinomonadales	d__Bacteria;p__Acidobacteriota;c__Blastocatellia;o__Pyrinomonadales;f__Pyrinomonadaceae;g__JAIBCC01;s__JAIBCC01 sp035438525	background
GCA_035495815.1	p__Acidobacteriota	o__Bryobacterales	d__Bacteria;p__Acidobacteriota;c__Terriglobia;o__Bryobacterales;f__Bryobacteraceae;g__JACOSH01;s__JACOSH01 sp035495815	background
GCA_035513375.1	p__Acidobacteriota	o__Multivoradales	d__Bacteria;p__Acidobacteriota;c__Thermoanaerobaculia;o__Multivoradales;f__DATKCC01;g__DATKCC01;s__DATKCC01 sp035513375	background
GCA_035541255.1	p__Acidobacteriota	o__Acidiferrales	d__Bacteria;p__Acidobacteriota;c__Terriglobia;o__Acidiferrales;f__UBA7541;g__JOPF136;s__JOPF136 sp035541255	background
GCA_035566715.1	p__Acidobacteriota	o__Fen-336	d__Bacteria;p__Acidobacteriota;c__Vicinamibacteria;o__Fen-336;f__Fen-336;g__DATMML01;s__DATMML01 sp035566715	background
GCA_035602605.1	p__Acidobacteriota	o__Acidiferrales	d__Bacteria;p__Acidobacteriota;c__Terriglobia;o__Acidiferrales;f__UBA7541;g__DASQHY01;s__DASQHY01 sp035602605	background
GCA_035629395.1	p__Acidobacteriota	o__Gp7-AA8	d__Bacteria;p__Acidobacteriota;c__Thermoanaerobaculia;o__Gp7-AA8;f__Gp7-AA8;g__QHVT01;s__QHVT01 sp035629395	background
GCA_035651035.1	p__Acidobacteriota	o__Terriglobales	d__Bacteria;p__Acidobacteriota;c__Terriglobia;o__Terriglobales;f__Korobacteraceae;g__Bog-257;s__Bog-257 sp035651035	background
GCA_035714175.1	p__Acidobacteriota	o__Bryobacterales	d__Bacteria;p__Acidobacteriota;c__Terriglobia;o__Bryobacterales;f__Bryobacteraceae;g__Ga0077553;s__Ga0077553 sp035714175	background
GCA_035948775.1	p__Acidobacteriota	o__Bryobacterales	d__Bacteria;p__Acidobacteriota;c__Terriglobia;o__Bryobacterales;f__Bryobacteraceae;g__PSRJ01;s__PSRJ01 sp035948775	background
GCA_036265575.1	p__Acidobacteriota	o__Pyrinomonadales	d__Bacteria;p__Acidobacteriota;c__Blastocatellia;o__Pyrinomonadales;f__Pyrinomonadaceae;g__PSRF01;s__PSRF01 sp036265575	background
GCA_036375135.1	p__Acidobacteriota	o__Gp7-AA8	d__Bacteria;p__Acidobacteriota;c__Thermoanaerobaculia;o__Gp7-AA8;f__Gp7-AA8;g__QHVT01;s__QHVT01 sp036375135	background
GCA_036397955.1	p__Acidobacteriota	o__Multivoradales	d__Bacteria;p__Acidobacteriota;c__Thermoanaerobaculia;o__Multivoradales;f__UBA5704;g__DASUNQ01;s__DASUNQ01 sp036397955	background
GCA_036496525.1	p__Acidobacteriota	o__Terriglobales	d__Bacteria;p__Acidobacteriota;c__Terriglobia;o__Terriglobales;f__Gp1-AA117;g__Angelobacter;s__Angelobacter sp036496525	background
GCA_036521795.1	p__Acidobacteriota	o__Multivoradales	d__Bacteria;p__Acidobacteriota;c__Thermoanaerobaculia;o__Multivoradales;f__UBA5704;g__JASLEW01;s__JASLEW01 sp036521795	background
GCA_036833535.1	p__Acidobacteriota	o__Acidiferrales	d__Bacteria;p__Acidobacteriota;c__Terriglobia;o__Acidiferrales;f__UBA7541;g__Palsa-147;s__Palsa-147 sp036833535	background
GCA_038210375.1	p__Acidobacteriota	o__Terriglobales	d__Bacteria;p__Acidobacteriota;c__Terriglobia;o__Terriglobales;f__JBBQWT01;g__JBBQWT01;s__JBBQWT01 sp038210375	background
GCA_038330465.1	p__Acidobacteriota	o__Pyrinomonadales	d__Bacteria;p__Acidobacteriota;c__Blastocatellia;o__Pyrinomonadales;f__Pyrinomonadaceae;g__JAFDVJ01;s__JAFDVJ01 sp038330465	background
GCA_039934315.1	p__Acidobacteriota	o__Pyrinomonadales	d__Bacteria;p__Acidobacteriota;c__Blastocatellia;o__Pyrinomonadales;f__Pyrinomonadaceae;g__OLB17;s__OLB17 sp039934315	background
GCA_041303965.1	p__Acidobacteriota	o__Aminicenantales	d__Bacteria;p__Acidobacteriota;c__Aminicenantia;o__Aminicenantales;f__RBG-16-66-30;g__RBG-16-66-30;s__RBG-16-66-30 sp041303965	background
GCA_041494245.1	p__Acidobacteriota	o__Thermoanaerobaculales	d__Bacteria;p__Acidobacteriota;c__Thermoanaerobaculia;o__Thermoanaerobaculales;f__Thermoanaerobaculaceae;g__RBG-13-68-16;s__RBG-13-68-16 sp041494245	background
GCA_041748795.1	p__Acidobacteriota	o__Pyrinomonadales	d__Bacteria;p__Acidobacteriota;c__Blastocatellia;o__Pyrinomonadales;f__Pyrinomonadaceae;g__PSRF01;s__PSRF01 sp041748795	background
GCA_903904755.1	p__Acidobacteriota	o__Terriglobales	d__Bacteria;p__Acidobacteriota;c__Terriglobia;o__Terriglobales;f__Acidobacteriaceae;g__CAIVDV01;s__CAIVDV01 sp903904755	background
GCA_943328975.2	p__Acidobacteriota	o__Bryobacterales	d__Bacteria;p__Acidobacteriota;c__Terriglobia;o__Bryobacterales;f__Bryobacteraceae;g__Palsa-187;s__Palsa-187 sp943328975	background
GCA_963663845.1	p__Acidobacteriota	o__Versatilivoradales	d__Bacteria;p__Acidobacteriota;c__Terriglobia;o__Versatilivoradales;f__Versatilivoraceae;g__Versatilivorator;s__Versatilivorator sp963663845	background
GCF_009914315.1	p__Acidobacteriota	o__Terriglobales	d__Bacteria;p__Acidobacteriota;c__Terriglobia;o__Terriglobales;f__Acidobacteriaceae;g__Edaphobacter;s__Edaphobacter sp009914315	background
GCA_000014925.1	p__Actinomycetota	o__Actinomycetales	d__Bacteria;p__Actinomycetota;c__Actinomycetes;o__Actinomycetales;f__Micrococcaceae;g__Arthrobacter;s__Arthrobacter aurescens_A	background
GCA_002352645.1	p__Actinomycetota	o__UBA2766	d__Bacteria;p__Actinomycetota;c__Acidimicrobiia;o__UBA2766;f__UBA2766;g__UBA2766;s__UBA2766 sp002352645	background
GCA_003138815.1	p__Actinomycetota	o__Acidimicrobiales	d__Bacteria;p__Actinomycetota;c__Acidimicrobiia;o__Acidimicrobiales;f__RAAP-2;g__RAAP-2;s__RAAP-2 sp003138815	background
GCA_004010275.1	p__Actinomycetota	o__Streptomycetales	d__Bacteria;p__Actinomycetota;c__Actinomycetes;o__Streptomycetales;f__Streptomycetaceae;g__Streptomyces;s__Streptomyces huasconensis	background
GCA_008123405.1	p__Actinomycetota	o__Propionibacteriales	d__Bacteria;p__Actinomycetota;c__Actinomycetes;o__Propionibacteriales;f__Nocardioidaceae;g__Nocardioides;s__Nocardioides sp008123405	background
GCA_009726135.1	p__Actinomycetota	o__Nanopelagicales	d__Bacteria;p__Actinomycetota;c__Actinomycetes;o__Nanopelagicales;f__Nanopelagicaceae;g__Planktophila;s__Planktophila sp009726135	background
GCA_012719395.1	p__Actinomycetota	o__RBG-16-64-13	d__Bacteria;p__Actinomycetota;c__Thermoleophilia;o__RBG-16-64-13;f__RBG-16-64-13;g__JAAYAL01;s__JAAYAL01 sp012719395	background
GCA_013821525.1	p__Actinomycetota	o__Gaiellales	d__Bacteria;p__Actinomycetota;c__Thermoleophilia;o__Gaiellales;f__Gaiellaceae;g__PALSA-600;s__PALSA-600 sp013821525	background
GCA_016463515.1	p__Actinomycetota	o__Solirubrobacterales	d__Bacteria;p__Actinomycetota;c__Thermoleophilia;o__Solirubrobacterales;f__Solirubrobacteraceae;g__JAGIBJ01;s__JAGIBJ01 sp016463515	background
GCA_017559045.1	p__Actinomycetota	o__Coriobacteriales	d__Bacteria;p__Actinomycetota;c__Coriobacteriia;o__Coriobacteriales;f__Eggerthellaceae;g__RGIG3135;s__RGIG3135 sp017559045	background
GCA_018712515.1	p__Actinomycetota	o__Coriobacteriales	d__Bacteria;p__Actinomycetota;c__Coriobacteriia;o__Coriobacteriales;f__Eggerthellaceae;g__Aphodovivens;s__Aphodovivens avicola	background
GCA_019414345.1	p__Actinomycetota	o__Coriobacteriales	d__Bacteria;p__Actinomycetota;c__Coriobacteriia;o__Coriobacteriales;f__Coriobacteriaceae;g__Collinsella;s__Collinsella sp019414345	background
GCA_020881835.1	p__Actinomycetota	o__Actinomycetales	d__Bacteria;p__Actinomycetota;c__Actinomycetes;o__Actinomycetales;f__SCSIO-59966;g__SCSIO-59966;s__SCSIO-59966 sp020881835	background
GCA_021808785.1	p__Actinomycetota	o__Acidimicrobiales	d__Bacteria;p__Actinomycetota;c__Acidimicrobiia;o__Acidimicrobiales;f__Palsa-688;g__JAKCDU01;s__JAKCDU01 sp021808785	background
GCA_022828135.1	p__Actinomycetota	o__Acidimicrobiales	d__Bacteria;p__Actinomycetota;c__Acidimicrobiia;o__Acidimicrobiales;f__Aldehydirespiratoraceae;g__Aldehydirespirator;s__Aldehydirespirator sp022828135	background
GCA_023460935.1	p__Actinomycetota	o__Propionibacteriales	d__Bacteria;p__Actinomycetota;c__Actinomycetes;o__Propionibacteriales;f__Propionibacteriaceae;g__Propionicimonas;s__Propionicimonas sp023460935	background
GCA_025456065.1	p__Actinomycetota	o__S36-B12	d__Bacteria;p__Actinomycetota;c__Actinomycetes;o__S36-B12;f__CAIYMF01;g__Prado023;s__Prado023 sp025456065	background
GCA_025965215.1	p__Actinomycetota	o__Propionibacteriales	d__Bacteria;p__Actinomycetota;c__Actinomycetes;o__Propionibacteriales;f__Nocardioidaceae;g__Marmoricola;s__Marmoricola sp025965215	background
GCA_027342785.1	p__Actinomycetota	o__Acidimicrobiales	d__Bacteria;p__Actinomycetota;c__Acidimicrobiia;o__Acidimicrobiales;f__RAAP-2;g__JAJYWF01;s__JAJYWF01 sp027342785	background
GCA_029257185.1	p__Actinomycetota	o__Actinomycetales	d__Bacteria;p__Actinomycetota;c__Actinomycetes;o__Actinomycetales;f__Quadrisphaeraceae;g__CADCUY01;s__CADCUY01 sp029257185	background
GCA_030425785.1	p__Actinomycetota	o__Acidimicrobiales	d__Bacteria;p__Actinomycetota;c__Acidimicrobiia;o__Acidimicrobiales;f__Ilumatobacteraceae;g__Ilumatobacter;s__Ilumatobacter sp030425785	background
GCA_030650885.1	p__Actinomycetota	o__BMS3ABIN01	d__Bacteria;p__Actinomycetota;c__Thermoleophilia;o__BMS3ABIN01;f__BMS3ABIN01;g__JACRMB01;s__JACRMB01 sp030650885	background
GCA_030853445.1	p__Actinomycetota	o__Actinomycetales	d__Bacteria;p__Actinomycetota;c__Actinomycetes;o__Actinomycetales;f__Dermatophilaceae;g__Lapillicoccus;s__Lapillicoccus sp030853445	background
GCA_031272805.1	p__Actinomycetota	o__Propionibacteriales	d__Bacteria;p__Actinomycetota;c__Actinomycetes;o__Propionibacteriales;f__Propionibacteriaceae;g__WQYJ01;s__WQYJ01 sp031272805	background
GCA_031555335.1	p__Actinomycetota	o__Actinomycetales	d__Bacteria;p__Actinomycetota;c__Actinomycetes;o__Actinomycetales;f__Microbacteriaceae;g__Microbacterium;s__Microbacterium sp031555335	background
GCA_034521975.1	p__Actinomycetota	o__Acidimicrobiales	d__Bacteria;p__Actinomycetota;c__Acidimicrobiia;o__Acidimicrobiales;f__SKKL01;g__SKKL01;s__SKKL01 sp034521975	background
GCA_035294565.1	p__Actinomycetota	o__Acidimicrobiales	d__Bacteria;p__Actinomycetota;c__Acidimicrobiia;o__Acidimicrobiales;f__Palsa-688;g__DATGKR01;s__DATGKR01 sp035294565	background
GCA_035474955.1	p__Actinomycetota	o__Solirubrobacterales	d__Bacteria;p__Actinomycetota;c__Thermoleophilia;o__Solirubrobacterales;f__70-9;g__VAYN01;s__VAYN01 sp035474955	background
GCA_035534455.1	p__Actinomycetota	o__Acidimicrobiales	d__Bacteria;p__Actinomycetota;c__Acidimicrobiia;o__Acidimicrobiales;f__RAAP-2;g__JAJYVT01;s__JAJYVT01 sp035534455	background
GCA_035556755.1	p__Actinomycetota	o__Solirubrobacterales	d__Bacteria;p__Actinomycetota;c__Thermoleophilia;o__Solirubrobacterales;f__70-9;g__VRUE01;s__VRUE01 sp035556755	background
GCA_035640715.1	p__Actinomycetota	o__Streptosporangiales	d__Bacteria;p__Actinomycetota;c__Actinomycetes;o__Streptosporangiales;f__Streptosporangiaceae;g__DASQVO01;s__DASQVO01 sp035640715	background
GCA_035699145.1	p__Actinomycetota	o__Propionibacteriales	d__Bacteria;p__Actinomycetota;c__Actinomycetes;o__Propionibacteriales;f__Nocardioidaceae;g__Marmoricola_A;s__Marmoricola_A sp035699145	background
GCA_035938575.1	p__Actinomycetota	o__Acidimicrobiales	d__Bacteria;p__Actinomycetota;c__Acidimicrobiia;o__Acidimicrobiales;f__RAAP-2;g__Bog-756;s__Bog-756 sp035938575	background
GCA_036260415.1	p__Actinomycetota	o__Nitriliruptorales	d__Bacteria;p__Actinomycetota;c__Nitriliruptoria;o__Nitriliruptorales;f__JAHWKO01;g__DASZZX01;s__DASZZX01 sp036260415	background
GCA_036280745.1	p__Actinomycetota	o__Solirubrobacterales	d__Bacteria;p__Actinomycetota;c__Thermoleophilia;o__Solirubrobacterales;f__70-9;g__VAYN01;s__VAYN01 sp036280745	background
GCA_036397895.1	p__Actinomycetota	o__Acidimicrobiales	d__Bacteria;p__Actinomycetota;c__Acidimicrobiia;o__Acidimicrobiales;f__DASWIA01;g__DASWIA01;s__DASWIA01 sp036397895	background
GCA_036502345.1	p__Actinomycetota	o__Mycobacteriales	d__Bacteria;p__Actinomycetota;c__Actinomycetes;o__Mycobacteriales;f__Pseudonocardiaceae;g__DATEPR01;s__DATEPR01 sp036502345	background
GCA_036556865.1	p__Actinomycetota	o__Gaiellales	d__Bacteria;p__Actinomycetota;c__Thermoleophilia;o__Gaiellales;f__Gaiellaceae;g__Gaiella;s__Gaiella sp036556865	background
GCA_036802505.1	p__Actinomycetota	o__Solirubrobacterales	d__Bacteria;p__Actinomycetota;c__Thermoleophilia;o__Solirubrobacterales;f__70-9;g__VRUE01;s__VRUE01 sp036802505	background
GCA_037969565.1	p__Actinomycetota	o__Acidimicrobiales	d__Bacteria;p__Actinomycetota;c__Acidimicrobiia;o__Acidimicrobiales;f__SZUA-35;g__SZUA-35;s__SZUA-35 sp037969565	background
GCA_038237235.1	p__Actinomycetota	o__Gaiellales	d__Bacteria;p__Actinomycetota;c__Thermoleophilia;o__Gaiellales;f__Gaiellaceae;g__JBBRYW01;s__JBBRYW01 sp038237235	background
GCA_038330415.1	p__Actinomycetota	o__Actinomycetales	d__Bacteria;p__Actinomycetota;c__Actinomycetes;o__Actinomycetales;f__Dermatophilaceae;g__Fodinibacter;s__Fodinibacter sp038330415	background
GCA_039923595.1	p__Actinomycetota	o__Mycobacteriales	d__Bacteria;p__Actinomycetota;c__Actinomycetes;o__Mycobacteriales;f__Antricoccaceae;g__Antricoccus;s__Antricoccus sp039923595	background
GCA_040509115.1	p__Actinomycetota	o__Mycobacteriales	d__Bacteria;p__Actinomycetota;c__Actinomycetes;o__Mycobacteriales;f__Mycobacteriaceae;g__Mycobacterium;s__Mycobacterium sp040509115	background
GCA_041166245.1	p__Actinomycetota	o__Acidimicrobiales	d__Bacteria;p__Actinomycetota;c__Acidimicrobiia;o__Acidimicrobiales;f__JAFATL01;g__JBEEFP01;s__JBEEFP01 sp041166245	background
GCA_041572755.1	p__Actinomycetota	o__UBA5794	d__Bacteria;p__Actinomycetota;c__Acidimicrobiia;o__UBA5794;f__UBA11373;g__JBFELU01;s__JBFELU01 sp041572755	background
GCA_900541005.1	p__Actinomycetota	o__Coriobacteriales	d__Bacteria;p__Actinomycetota;c__Coriobacteriia;o__Coriobacteriales;f__Coriobacteriaceae;g__Collinsella;s__Collinsella sp900541005	background
GCA_900549275.1	p__Actinomycetota	o__Coriobacteriales	d__Bacteria;p__Actinomycetota;c__Coriobacteriia;o__Coriobacteriales;f__Coriobacteriaceae;g__Collinsella;s__Collinsella sp900549275	background
GCA_900761085.1	p__Actinomycetota	o__Coriobacteriales	d__Bacteria;p__Actinomycetota;c__Coriobacteriia;o__Coriobacteriales;f__Coriobacteriaceae;g__Collinsella;s__Collinsella sp900761085	background
GCA_902490245.1	p__Actinomycetota	o__Coriobacteriales	d__Bacteria;p__Actinomycetota;c__Coriobacteriia;o__Coriobacteriales;f__Coriobacteriaceae;g__Collinsella;s__Collinsella sp902490245	background
GCA_902793465.1	p__Actinomycetota	o__Coriobacteriales	d__Bacteria;p__Actinomycetota;c__Coriobacteriia;o__Coriobacteriales;f__Atopobiaceae;g__RUG440;s__RUG440 sp902793465	background
GCA_903893675.1	p__Actinomycetota	o__Actinomycetales	d__Bacteria;p__Actinomycetota;c__Actinomycetes;o__Actinomycetales;f__Microbacteriaceae;g__Rhodoluna;s__Rhodoluna sp903893675	background
GCA_905214945.1	p__Actinomycetota	o__Coriobacteriales	d__Bacteria;p__Actinomycetota;c__Coriobacteriia;o__Coriobacteriales;f__Coriobacteriaceae;g__Collinsella;s__Collinsella sp905214945	background
GCA_934663775.1	p__Actinomycetota	o__Coriobacteriales	d__Bacteria;p__Actinomycetota;c__Coriobacteriia;o__Coriobacteriales;f__Eggerthellaceae;g__Ellagibacter;s__Ellagibacter sp934663775	background
GCA_938002965.1	p__Actinomycetota	o__Acidimicrobiales	d__Bacteria;p__Actinomycetota;c__Acidimicrobiia;o__Acidimicrobiales;f__SZUA-35;g__JAHELU01;s__JAHELU01 sp938002965	background
GCA_945897705.1	p__Actinomycetota	o__Mycobacteriales	d__Bacteria;p__Actinomycetota;c__Actinomycetes;o__Mycobacteriales;f__Mycobacteriaceae;g__Mycobacterium;s__Mycobacterium sp945897705	background
GCA_947467375.1	p__Actinomycetota	o__Acidimicrobiales	d__Bacteria;p__Actinomycetota;c__Acidimicrobiia;o__Acidimicrobiales;f__Ilumatobacteraceae;g__UBA3006;s__UBA3006 sp947467375	background
GCA_958427355.1	p__Actinomycetota	o__Coriobacteriales	d__Bacteria;p__Actinomycetota;c__Coriobacteriia;o__Coriobacteriales;f__Coriobacteriaceae;g__Collinsella;s__Collinsella sp958427355	background
GCA_963604655.1	p__Actinomycetota	o__Coriobacteriales	d__Bacteria;p__Actinomycetota;c__Coriobacteriia;o__Coriobacteriales;f__Coriobacteriaceae;g__Collinsella;s__Collinsella sp963604655	background
GCA_964203005.1	p__Actinomycetota	o__Mycobacteriales	d__Bacteria;p__Actinomycetota;c__Actinomycetes;o__Mycobacteriales;f__Mycobacteriaceae;g__Mycobacterium;s__Mycobacterium sp903911165	background
GCF_000269605.1	p__Actinomycetota	o__Actinomycetales	d__Bacteria;p__Actinomycetota;c__Actinomycetes;o__Actinomycetales;f__Bifidobacteriaceae;g__Scardovia;s__Scardovia wiggsiae	background
GCF_000411135.1	p__Actinomycetota	o__Actinomycetales	d__Bacteria;p__Actinomycetota;c__Actinomycetes;o__Actinomycetales;f__Actinomycetaceae;g__Actinotignum;s__Actinotignum schaalii_A	background
GCF_000710345.2	p__Actinomycetota	o__Actinomycetales	d__Bacteria;p__Actinomycetota;c__Actinomycetes;o__Actinomycetales;f__Micrococcaceae;g__Rothia;s__Rothia sp000710345	background
GCF_000787815.1	p__Actinomycetota	o__Streptomycetales	d__Bacteria;p__Actinomycetota;c__Actinomycetes;o__Streptomycetales;f__Streptomycetaceae;g__Streptacidiphilus;s__Streptacidiphilus neutrinimicus	background
GCF_001278845.1	p__Actinomycetota	o__Actinomycetales	d__Bacteria;p__Actinomycetota;c__Actinomycetes;o__Actinomycetales;f__Actinomycetaceae;g__Actinomyces;s__Actinomyces sp001278845	background
GCF_001500125.1	p__Actinomycetota	o__Mycobacteriales	d__Bacteria;p__Actinomycetota;c__Actinomycetes;o__Mycobacteriales;f__Mycobacteriaceae;g__Mycobacterium;s__Mycobacterium sp001500125	background
GCF_001646655.1	p__Actinomycetota	o__Mycobacteriales	d__Bacteria;p__Actinomycetota;c__Actinomycetes;o__Mycobacteriales;f__Mycobacteriaceae;g__Rhodococcus;s__Rhodococcus gordoniae	background
GCF_001905465.1	p__Actinomycetota	o__Streptomycetales	d__Bacteria;p__Actinomycetota;c__Actinomycetes;o__Streptomycetales;f__Streptomycetaceae;g__Kitasatospora;s__Kitasatospora sp001905465	background
GCF_002159495.1	p__Actinomycetota	o__Coriobacteriales	d__Bacteria;p__Actinomycetota;c__Coriobacteriia;o__Coriobacteriales;f__Atopobiaceae;g__Thermophilibacter;s__Thermophilibacter sp002159495	background
GCF_002911665.1	p__Actinomycetota	o__Streptosporangiales	d__Bacteria;p__Actinomycetota;c__Actinomycetes;o__Streptosporangiales;f__Streptosporangiaceae;g__Spirillospora;s__Spirillospora rubteroloni	background
GCF_003194625.1	p__Actinomycetota	o__Propionibacteriales	d__Bacteria;p__Actinomycetota;c__Actinomycetes;o__Propionibacteriales;f__Nocardioidaceae;g__Nocardioides;s__Nocardioides solisilvae	background
GCF_003466125.1	p__Actinomycetota	o__Coriobacteriales	d__Bacteria;p__Actinomycetota;c__Coriobacteriia;o__Coriobacteriales;f__Coriobacteriaceae;g__Collinsella;s__Collinsella sp003466125	background
GCF_003859805.1	p__Actinomycetota	o__Propionibacteriales	d__Bacteria;p__Actinomycetota;c__Actinomycetes;o__Propionibacteriales;f__Propionibacteriaceae;g__Arachnia;s__Arachnia propionica_C	background
GCF_004348515.1	p__Actinomycetota	o__Streptosporangiales	d__Bacteria;p__Actinomycetota;c__Actinomycetes;o__Streptosporangiales;f__Streptosporangiaceae;g__Spirillospora;s__Spirillospora sp004348515	background
GCF_005774735.1	p__Actinomycetota	o__Actinomycetales	d__Bacteria;p__Actinomycetota;c__Actinomycetes;o__Actinomycetales;f__Microbacteriaceae;g__Microbacterium;s__Microbacterium sp005774735	background
GCF_007713715.1	p__Actinomycetota	o__Mycobacteriales	d__Bacteria;p__Actinomycetota;c__Actinomycetes;o__Mycobacteriales;f__Pseudonocardiaceae;g__Amycolatopsis;s__Amycolatopsis rhizosphaerae	background
GCF_008905045.1	p__Actinomycetota	o__Streptomycetales	d__Bacteria;p__Actinomycetota;c__Actinomycetes;o__Streptomycetales;f__Streptomycetaceae;g__Streptomyces;s__Streptomyces albicerus	background
GCF_009862785.1	p__Actinomycetota	o__Mycobacteriales	d__Bacteria;p__Actinomycetota;c__Actinomycetes;o__Mycobacteriales;f__Mycobacteriaceae;g__Gordonia;s__Gordonia sp009862785	background
GCF_011620645.1	p__Actinomycetota	o__Mycobacteriales	d__Bacteria;p__Actinomycetota;c__Actinomycetes;o__Mycobacteriales;f__Mycobacteriaceae;g__Mycobacterium;s__Mycobacterium sp011620645	background
GCF_013359685.1	p__Actinomycetota	o__Actinomycetales	d__Bacteria;p__Actinomycetota;c__Actinomycetes;o__Actinomycetales;f__Microbacteriaceae;g__Leifsonia;s__Leifsonia sp013359685	background
GCF_014200375.1	p__Actinomycetota	o__Actinomycetales	d__Bacteria;p__Actinomycetota;c__Actinomycetes;o__Actinomycetales;f__Microbacteriaceae;g__Terrimesophilobacter;s__Terrimesophilobacter mesophilus	background
GCF_014645795.1	p__Actinomycetota	o__Mycobacteriales	d__Bacteria;p__Actinomycetota;c__Actinomycetes;o__Mycobacteriales;f__Pseudonocardiaceae;g__Longimycelium;s__Longimycelium tulufanense	background
GCF_014779715.1	p__Actinomycetota	o__Streptomycetales	d__Bacteria;p__Actinomycetota;c__Actinomycetes;o__Streptomycetales;f__Streptomycetaceae;g__Streptomyces;s__Streptomyces chumphonensis	background
GCF_016278775.1	p__Actinomycetota	o__Actinomycetales	d__Bacteria;p__Actinomycetota;c__Actinomycetes;o__Actinomycetales;f__Demequinaceae;g__Demequina;s__Demequina sp016278775	background
GCF_016907655.1	p__Actinomycetota	o__Mycobacteriales	d__Bacteria;p__Actinomycetota;c__Actinomycetes;o__Mycobacteriales;f__Pseudonocardiaceae;g__Actinosynnema;s__Actinosynnema algeriense	background
GCF_018310535.1	p__Actinomycetota	o__Streptomycetales	d__Bacteria;p__Actinomycetota;c__Actinomycetes;o__Streptomycetales;f__Streptomycetaceae;g__Streptomyces;s__Streptomyces sp002846625	background
GCF_019511665.1	p__Actinomycetota	o__Actinomycetales	d__Bacteria;p__Actinomycetota;c__Actinomycetes;o__Actinomycetales;f__Microbacteriaceae;g__Microbacterium;s__Microbacterium jejuense_A	background
GCF_021049265.1	p__Actinomycetota	o__Actinomycetales	d__Bacteria;p__Actinomycetota;c__Actinomycetes;o__Actinomycetales;f__Beutenbergiaceae;g__Ruania;s__Ruania suaedae	background
GCF_022761015.1	p__Actinomycetota	o__Actinomycetales	d__Bacteria;p__Actinomycetota;c__Actinomycetes;o__Actinomycetales;f__Microbacteriaceae;g__Humibacter;s__Humibacter sp022761015	background
GCF_024362365.1	p__Actinomycetota	o__Actinomycetales	d__Bacteria;p__Actinomycetota;c__Actinomycetes;o__Actinomycetales;f__Dermatophilaceae;g__Janibacter;s__Janibacter sp024362365	background
GCF_025960885.1	p__Actinomycetota	o__Actinomycetales	d__Bacteria;p__Actinomycetota;c__Actinomycetes;o__Actinomycetales;f__Microbacteriaceae;g__Microbacterium;s__Microbacterium hydrothermale	background
GCF_027921985.1	p__Actinomycetota	o__Actinomycetales	d__Bacteria;p__Actinomycetota;c__Actinomycetes;o__Actinomycetales;f__Dermabacteraceae;g__Brachybacterium;s__Brachybacterium conglomeratum	background
GCF_029893305.1	p__Actinomycetota	o__Mycobacteriales	d__Bacteria;p__Actinomycetota;c__Actinomycetes;o__Mycobacteriales;f__Mycobacteriaceae;g__Rhodococcus_F;s__Rhodococcus_F opacus_D	background
GCF_030371665.1	p__Actinomycetota	o__Actinomycetales	d__Bacteria;p__Actinomycetota;c__Actinomycetes;o__Actinomycetales;f__Actinomycetaceae;g__Actinomyces;s__Actinomyces sp915069725	background
GCF_030816725.1	p__Actinomycetota	o__Actinomycetales	d__Bacteria;p__Actinomycetota;c__Actinomycetes;o__Actinomycetales;f__Micrococcaceae;g__Arthrobacter;s__Arthrobacter defluvii_A	background
GCF_032821615.1	p__Actinomycetota	o__Mycobacteriales	d__Bacteria;p__Actinomycetota;c__Actinomycetes;o__Mycobacteriales;f__Mycobacteriaceae;g__Corynebacterium;s__Corynebacterium tuberculostearicum_H	background
GCF_035917455.1	p__Actinomycetota	o__Mycobacteriales	d__Bacteria;p__Actinomycetota;c__Actinomycetes;o__Mycobacteriales;f__Micromonosporaceae;g__Micromonospora_G;s__Micromonospora_G sp035917455	background
GCF_036250755.1	p__Actinomycetota	o__Streptomycetales	d__Bacteria;p__Actinomycetota;c__Actinomycetes;o__Streptomycetales;f__Streptomycetaceae;g__Streptomyces;s__Streptomyces uncialis	background
GCF_037482545.1	p__Actinomycetota	o__Actinomycetales	d__Bacteria;p__Actinomycetota;c__Actinomycetes;o__Actinomycetales;f__Quadrisphaeraceae;g__Pseudokineococcus;s__Pseudokineococcus basanitobsidens	background
GCF_039531815.1	p__Actinomycetota	o__Actinomycetales	d__Bacteria;p__Actinomycetota;c__Actinomycetes;o__Actinomycetales;f__Microbacteriaceae;g__Agrococcus;s__Agrococcus versicolor	background
GCF_039542925.1	p__Actinomycetota	o__Streptomycetales	d__Bacteria;p__Actinomycetota;c__Actinomycetes;o__Streptomycetales;f__Streptomycetaceae;g__Streptomyces;s__Streptomyces coeruleoprunus	background
GCF_040296905.1	p__Actinomycetota	o__Streptomycetales	d__Bacteria;p__Actinomycetota;c__Actinomycetes;o__Streptomycetales;f__Streptomycetaceae;g__Streptomyces;s__Streptomyces sp040296905	background
GCF_040609055.1	p__Actinomycetota	o__Streptomycetales	d__Bacteria;p__Actinomycetota;c__Actinomycetes;o__Streptomycetales;f__Streptomycetaceae;g__Streptomyces;s__Streptomyces sp040609055	background
GCF_040637885.1	p__Actinomycetota	o__Streptomycetales	d__Bacteria;p__Actinomycetota;c__Actinomycetes;o__Streptomycetales;f__Streptomycetaceae;g__Kitasatospora;s__Kitasatospora sp040637885	background
GCF_040649995.1	p__Actinomycetota	o__Mycobacteriales	d__Bacteria;p__Actinomycetota;c__Actinomycetes;o__Mycobacteriales;f__Micromonosporaceae;g__Micromonospora;s__Micromonospora sp040649995	background
GCF_040676615.1	p__Actinomycetota	o__Mycobacteriales	d__Bacteria;p__Actinomycetota;c__Actinomycetes;o__Mycobacteriales;f__Micromonosporaceae;g__Asanoa;s__Asanoa sp040676615	background
GCF_040689395.1	p__Actinomycetota	o__Mycobacteriales	d__Bacteria;p__Actinomycetota;c__Actinomycetes;o__Mycobacteriales;f__Micromonosporaceae;g__Dactylosporangium;s__Dactylosporangium sp040689395	background
GCF_041537385.1	p__Actinomycetota	o__Coriobacteriales	d__Bacteria;p__Actinomycetota;c__Coriobacteriia;o__Coriobacteriales;f__Coriobacteriaceae;g__Collinsella;s__Collinsella aerofaciens_BV	background
GCF_900105895.1	p__Actinomycetota	o__Coriobacteriales	d__Bacteria;p__Actinomycetota;c__Coriobacteriia;o__Coriobacteriales;f__Atopobiaceae;g__Atopobium;s__Atopobium minutum	background
GCF_900176255.2	p__Actinomycetota	o__Mycobacteriales	d__Bacteria;p__Actinomycetota;c__Actinomycetes;o__Mycobacteriales;f__Mycobacteriaceae;g__Mycobacterium;s__Mycobacterium ahvazicum	background
GCF_913776565.1	p__Actinomycetota	o__Actinomycetales	d__Bacteria;p__Actinomycetota;c__Actinomycetes;o__Actinomycetales;f__Microbacteriaceae;g__Microbacterium;s__Microbacterium sp913776565	background
GCA_000405245.1	p__Aenigmatarchaeota	o__Aenigmatarchaeales	d__Archaea;p__Aenigmatarchaeota;c__Aenigmatarchaeia;o__Aenigmatarchaeales;f__Aenigmatarchaeaceae;g__Aenigmatarchaeum;s__Aenigmatarchaeum subterraneum	background
GCA_011772645.1	p__Aenigmatarchaeota	o__QMZP01	d__Archaea;p__Aenigmatarchaeota;c__Aenigmatarchaeia;o__QMZP01;f__QMZT01;g__CS3-C152;s__CS3-C152 sp011772645	background
GCA_016180965.1	p__Aenigmatarchaeota	o__JACPZZ01	d__Archaea;p__Aenigmatarchaeota;c__Aenigmatarchaeia;o__JACPZZ01;f__JACPZZ01;g__JACPZZ01;s__JACPZZ01 sp016180965	background
GCA_016198685.1	p__Aenigmatarchaeota	o__GW2011-AR5	d__Archaea;p__Aenigmatarchaeota;c__Aenigmatarchaeia;o__GW2011-AR5;f__GW2011-AR5;g__JACQID01;s__JACQID01 sp016198685	background
GCA_016783545.1	p__Aenigmatarchaeota	o__QMZP01	d__Archaea;p__Aenigmatarchaeota;c__Aenigmatarchaeia;o__QMZP01;f__QMZP01;g__BS750m-G24;s__BS750m-G24 sp016783545	background
GCA_018304615.1	p__Aenigmatarchaeota	o__CG10238-14	d__Archaea;p__Aenigmatarchaeota;c__Aenigmatarchaeia;o__CG10238-14;f__SCSR01;g__JAGVVV01;s__JAGVVV01 sp018304615	background
GCA_021160955.1	p__Aenigmatarchaeota	o__PWEA01	d__Archaea;p__Aenigmatarchaeota;c__Aenigmatarchaeia;o__PWEA01;f__JAGHBM01;g__JAGHBM01;s__JAGHBM01 sp021160955	background
GCA_025058005.1	p__Aenigmatarchaeota	o__CG10238-14	d__Archaea;p__Aenigmatarchaeota;c__Aenigmatarchaeia;o__CG10238-14;f__CG10238-14;g__JAHLMN01;s__JAHLMN01 sp025058005	background
GCA_030018415.1	p__Aenigmatarchaeota	o__CG10238-14	d__Archaea;p__Aenigmatarchaeota;c__Aenigmatarchaeia;o__CG10238-14;f__CG10238-14;g__JASEGC01;s__JASEGC01 sp030018415	background
GCA_035283025.1	p__Aenigmatarchaeota	o__CG10238-14	d__Archaea;p__Aenigmatarchaeota;c__Aenigmatarchaeia;o__CG10238-14;f__SCSR01;g__DATEUU01;s__DATEUU01 sp035283025	background
GCA_038733315.1	p__Aenigmatarchaeota	o__CG10238-14	d__Archaea;p__Aenigmatarchaeota;c__Aenigmatarchaeia;o__CG10238-14;f__SpSt-28;g__JAHLMO01;s__JAHLMO01 sp038733315	background
GCA_039000425.1	p__Aenigmatarchaeota	o__CG10238-14	d__Archaea;p__Aenigmatarchaeota;c__Aenigmatarchaeia;o__CG10238-14;f__SCSR01;g__JAVZGQ01;s__JAVZGQ01 sp039000425	background
GCA_000402295.1	p__Aerophobota	o__Aerophobales	d__Bacteria;p__Aerophobota;c__Aerophobia;o__Aerophobales;f__Aerophobaceae;g__Aerophobus;s__Aerophobus profundus	background
GCA_021160405.1	p__Aerophobota	o__Aerophobales	d__Bacteria;p__Aerophobota;c__Aerophobia;o__Aerophobales;f__B3-G15;g__JAGHCO01;s__JAGHCO01 sp021160405	background
GCA_030602545.1	p__Aerophobota	o__Aerophobales	d__Bacteria;p__Aerophobota;c__Aerophobia;o__Aerophobales;f__AE-B3A;g__SOJT01;s__SOJT01 sp030602545	background
GCA_000402775.1	p__Altiarchaeota	o__IMC4	d__Archaea;p__Altiarchaeota;c__Altiarchaeia;o__IMC4;f__SCGC-AAA252-I15;g__SCGC-AAA252-I15;s__SCGC-AAA252-I15 sp000402775	background
GCA_003663045.1	p__Altiarchaeota	o__IMC4	d__Archaea;p__Altiarchaeota;c__Altiarchaeia;o__IMC4;f__QMZM01;g__QMZG01;s__QMZG01 sp003663045	background
GCA_016867655.1	p__Altiarchaeota	o__IMC4	d__Archaea;p__Altiarchaeota;c__Altiarchaeia;o__IMC4;f__SCGC-AAA252-I15;g__VGJA01;s__VGJA01 sp016867655	background
GCA_023252215.1	p__Altiarchaeota	o__IMC4	d__Archaea;p__Altiarchaeota;c__Altiarchaeia;o__IMC4;f__QMZM01;g__CAIYYO01;s__CAIYYO01 sp023252215	background
GCA_030633635.1	p__Altiarchaeota	o__IMC4	d__Archaea;p__Altiarchaeota;c__Altiarchaeia;o__IMC4;f__DAOVSA01;g__DAOVSA01;s__DAOVSA01 sp030633635	background
GCA_002341805.1	p__Aquificota	o__Aquificales	d__Bacteria;p__Aquificota;c__Aquificia;o__Aquificales;f__Aquificaceae;g__Hydrogenobaculum;s__Hydrogenobaculum sp002341805	background
GCA_013153295.1	p__Aquificota	o__Aquificales	d__Bacteria;p__Aquificota;c__Aquificia;o__Aquificales;f__Hydrogenothermaceae;g__Persephonella_A;s__Persephonella_A sp013153295	background
GCA_015490105.1	p__Aquificota	o__Aquificales	d__Bacteria;p__Aquificota;c__Aquificia;o__Aquificales;f__Aquificaceae;g__Hydrogenivirga;s__Hydrogenivirga sp015490105	background
GCA_023255875.1	p__Aquificota	o__Aquificales	d__Bacteria;p__Aquificota;c__Aquificia;o__Aquificales;f__Aquificaceae;g__Hydrogenobacter;s__Hydrogenobacter sp023255875	background
GCA_026987075.1	p__Aquificota	o__Aquificales	d__Bacteria;p__Aquificota;c__Aquificia;o__Aquificales;f__Hydrogenothermaceae;g__Persephonella_A;s__Persephonella_A sp026987075	background
GCA_027049315.1	p__Aquificota	o__Aquificales	d__Bacteria;p__Aquificota;c__Aquificia;o__Aquificales;f__Hydrogenothermaceae;g__JAADDZ01;s__JAADDZ01 sp027049315	background
GCA_036794885.1	p__Aquificota	o__Aquificales	d__Bacteria;p__Aquificota;c__Aquificia;o__Aquificales;f__Aquificaceae;g__Thermocrinis;s__Thermocrinis sp036794885	background
GCA_039630345.1	p__Aquificota	o__Aquificales	d__Bacteria;p__Aquificota;c__Aquificia;o__Aquificales;f__Aquificaceae;g__JANWVD01;s__JANWVD01 sp039630345	background
GCF_000025605.1	p__Aquificota	o__Aquificales	d__Bacteria;p__Aquificota;c__Aquificia;o__Aquificales;f__Aquificaceae;g__Thermocrinis;s__Thermocrinis albus	background
GCF_004339575.1	p__Aquificota	o__Desulfurobacteriales	d__Bacteria;p__Aquificota;c__Aquificia;o__Desulfurobacteriales;f__Desulfurobacteriaceae;g__Phorcysia;s__Phorcysia thermohydrogeniphila	background
GCA_023132135.1	p__Arandabacterota	o__JAGLYR01	d__Bacteria;p__Arandabacterota;c__Arandabacteria;o__JAGLYR01;f__JAGLYR01;g__JAGLYR01;s__JAGLYR01 sp023132135	background
GCA_025774845.1	p__Arandabacterota	o__Arandabacterales	d__Bacteria;p__Arandabacterota;c__Arandabacteria;o__Arandabacterales;f__Arandabacteraceae;g__Arandabacterum;s__Arandabacterum bohaiense	background
GCA_001442985.1	p__Armatimonadota	o__Fimbriimonadales	d__Bacteria;p__Armatimonadota;c__Fimbriimonadia;o__Fimbriimonadales;f__GBS-DC;g__LDYB01;s__LDYB01 sp001442985	background
GCA_003566775.1	p__Armatimonadota	o__Zipacnadales	d__Bacteria;p__Armatimonadota;c__Zipacnadia;o__Zipacnadales;f__UBA5352;g__UBA5352;s__UBA5352 sp003566775	background
GCA_014379275.1	p__Armatimonadota	o__Armatimonadales	d__Bacteria;p__Armatimonadota;c__Armatimonadia;o__Armatimonadales;f__Armatimonadaceae;g__JACMIU01;s__JACMIU01 sp014379275	background
GCA_017958015.1	p__Armatimonadota	o__UBA5829	d__Bacteria;p__Armatimonadota;c__UBA5829;o__UBA5829;f__UBA5829;g__RGIG10368;s__RGIG10368 sp017958015	background
GCA_020354555.1	p__Armatimonadota	o__GCA-020354555	d__Bacteria;p__Armatimonadota;c__Hebobacteria;o__GCA-020354555;f__CP070648;g__CP070648;s__CP070648 sp020354555	background
GCA_022708765.1	p__Armatimonadota	o__CAIYQO01	d__Bacteria;p__Armatimonadota;c__Hebobacteria;o__CAIYQO01;f__CAIYQO01;g__JAKIYB01;s__JAKIYB01 sp022708765	background
GCA_025352825.1	p__Armatimonadota	o__Chthonomonadales	d__Bacteria;p__Armatimonadota;c__Chthonomonadetes;o__Chthonomonadales;f__Chthonomonadaceae;g__JANXSG01;s__JANXSG01 sp025352825	background
GCA_026416065.1	p__Armatimonadota	o__Fimbriimonadales	d__Bacteria;p__Armatimonadota;c__Fimbriimonadia;o__Fimbriimonadales;f__GBS-DC;g__GBS-DC;s__GBS-DC sp026416065	background
GCA_029820915.1	p__Armatimonadota	o__Zipacnadales	d__Bacteria;p__Armatimonadota;c__Zipacnadia;o__Zipacnadales;f__UBA5352;g__JALGVA01;s__JALGVA01 sp029820915	background
GCA_030430755.1	p__Armatimonadota	o__Fimbriimonadales	d__Bacteria;p__Armatimonadota;c__Fimbriimonadia;o__Fimbriimonadales;f__Fimbriimonadaceae;g__JAUICQ01;s__JAUICQ01 sp030430755	background
GCA_031400935.1	p__Armatimonadota	o__Fimbriimonadales	d__Bacteria;p__Armatimonadota;c__Fimbriimonadia;o__Fimbriimonadales;f__Fimbriimonadaceae;g__JANNJE01;s__JANNJE01 sp031400935	background
GCA_035545155.1	p__Armatimonadota	o__Fimbriimonadales	d__Bacteria;p__Armatimonadota;c__Fimbriimonadia;o__Fimbriimonadales;f__Fimbriimonadaceae;g__JAEVZK01;s__JAEVZK01 sp035545155	background
GCA_037138755.1	p__Armatimonadota	o__Fimbriimonadales	d__Bacteria;p__Armatimonadota;c__Fimbriimonadia;o__Fimbriimonadales;f__Fimbriimonadaceae;g__Fimbriimonas;s__Fimbriimonas sp037138755	background
GCA_038225245.1	p__Armatimonadota	o__Fimbriimonadales	d__Bacteria;p__Armatimonadota;c__Fimbriimonadia;o__Fimbriimonadales;f__Fimbriimonadaceae;g__JBBREX01;s__JBBREX01 sp038225245	background
GCA_040289885.1	p__Armatimonadota	o__HRBIN16	d__Bacteria;p__Armatimonadota;c__HRBIN16;o__HRBIN16;f__HRBIN16;g__HRBIN16;s__HRBIN16 sp040289885	background
GCA_903833215.1	p__Armatimonadota	o__Fimbriimonadales	d__Bacteria;p__Armatimonadota;c__Fimbriimonadia;o__Fimbriimonadales;f__Fimbriimonadaceae;g__Fimbriimonas;s__Fimbriimonas sp903833215	background
GCA_938005745.1	p__Armatimonadota	o__Chthonomonadales	d__Bacteria;p__Armatimonadota;c__Chthonomonadetes;o__Chthonomonadales;f__CAJBBX01;g__CALLMM01;s__CALLMM01 sp938005745	background
GCA_001563335.1	p__Asgardarchaeota	o__Thorarchaeales	d__Archaea;p__Asgardarchaeota;c__Thorarchaeia;o__Thorarchaeales;f__Thorarchaeaceae;g__SMTZ1-45;s__SMTZ1-45 sp001563335	background
GCA_004524565.1	p__Asgardarchaeota	o__Thorarchaeales	d__Archaea;p__Asgardarchaeota;c__Thorarchaeia;o__Thorarchaeales;f__Thorarchaeaceae;g__MP8T-1;s__MP8T-1 sp004524565	background
GCA_013388835.1	p__Asgardarchaeota	o__Thorarchaeales	d__Archaea;p__Asgardarchaeota;c__Thorarchaeia;o__Thorarchaeales;f__Thorarchaeaceae;g__JACAEL01;s__JACAEL01 sp013388835	background
GCA_016839585.1	p__Asgardarchaeota	o__Sigynarchaeales	d__Archaea;p__Asgardarchaeota;c__Lokiarchaeia;o__Sigynarchaeales;f__SOKP01;g__Loki-b32;s__Loki-b32 sp016839585	background
GCA_016840405.1	p__Asgardarchaeota	o__Hermodarchaeales	d__Archaea;p__Asgardarchaeota;c__Hermodarchaeia;o__Hermodarchaeales;f__Hermodarchaeaceae;g__Hermodarchaeum;s__Hermodarchaeum yapensis	background
GCA_018238625.1	p__Asgardarchaeota	o__Sigynarchaeales	d__Archaea;p__Asgardarchaeota;c__Lokiarchaeia;o__Sigynarchaeales;f__SOKP01;g__SOKP01;s__SOKP01 sp018238625	background
GCA_019058135.1	p__Asgardarchaeota	o__Sigynarchaeales	d__Archaea;p__Asgardarchaeota;c__Lokiarchaeia;o__Sigynarchaeales;f__SOKP01;g__6H3-1;s__6H3-1 sp019058135	background
GCA_020348965.1	p__Asgardarchaeota	o__Hodarchaeales	d__Archaea;p__Asgardarchaeota;c__Heimdallarchaeia;o__Hodarchaeales;f__Hodarchaeaceae;g__Hodarchaeum;s__Hodarchaeum sp020348965	background
GCA_023705985.1	p__Asgardarchaeota	o__Heimdallarchaeales	d__Archaea;p__Asgardarchaeota;c__Heimdallarchaeia;o__Heimdallarchaeales;f__Heimdallarchaeaceae;g__18H4-34;s__18H4-34 sp023705985	background
GCA_029855925.1	p__Asgardarchaeota	o__Thorarchaeales	d__Archaea;p__Asgardarchaeota;c__Thorarchaeia;o__Thorarchaeales;f__Thorarchaeaceae;g__B65-G9;s__B65-G9 sp029855925	background
GCA_029856685.1	p__Asgardarchaeota	o__Njordarchaeales	d__Archaea;p__Asgardarchaeota;c__Njordarchaeia;o__Njordarchaeales;f__Panguiarchaeaceae;g__Panguiarchaeum;s__Panguiarchaeum sp029856685	background
GCA_030610785.1	p__Asgardarchaeota	o__Sigynarchaeales	d__Archaea;p__Asgardarchaeota;c__Lokiarchaeia;o__Sigynarchaeales;f__SOKP01;g__JAUWRB01;s__JAUWRB01 sp030610785	background
GCA_030668825.1	p__Asgardarchaeota	o__Heimdallarchaeales	d__Archaea;p__Asgardarchaeota;c__Heimdallarchaeia;o__Heimdallarchaeales;f__Heimdallarchaeaceae;g__UBA460;s__UBA460 sp023132955	background
GCA_000347575.1	p__Atribacterota	o__Atribacterales	d__Bacteria;p__Atribacterota;c__Atribacteria;o__Atribacterales;f__Caldatribacteriaceae;g__Caldatribacterium;s__Caldatribacterium saccharofermentans	background
GCA_002782675.1	p__Atribacterota	o__SB-45	d__Bacteria;p__Atribacterota;c__JS1;o__SB-45;f__34-128;g__CG2-30-33-13;s__CG2-30-33-13 sp002782675	background
GCA_014894735.1	p__Atribacterota	o__SB-45	d__Bacteria;p__Atribacterota;c__JS1;o__SB-45;f__34-128;g__34-128;s__34-128 sp014894735	background
GCA_027028665.1	p__Atribacterota	o__JALVIU01	d__Bacteria;p__Atribacterota;c__JALVIU01;o__JALVIU01;f__JALVIU01;g__JALVIU01;s__JALVIU01 sp027028665	background
GCA_030638265.1	p__Atribacterota	o__SB-45	d__Bacteria;p__Atribacterota;c__JS1;o__SB-45;f__34-128;g__JAUWHZ01;s__JAUWHZ01 sp030638265	background
GCA_038203565.1	p__Atribacterota	o__SB-45	d__Bacteria;p__Atribacterota;c__JS1;o__SB-45;f__34-128;g__34-128;s__34-128 sp038203565	background
GCA_003599815.1	p__Auribacterota	o__Auribacterales	d__Bacteria;p__Auribacterota;c__Auribacteria;o__Auribacterales;f__Auribacteraceae;g__Auribacter;s__Auribacter fodinae	background
GCA_003647755.1	p__B130-G9	o__B130-G9	d__Bacteria;p__B130-G9;c__B130-G9;o__B130-G9;f__B130-G9;g__B130-G9;s__B130-G9 sp003647755	background
GCA_003551125.1	p__B1Sed10-29	o__B1Sed10-29	d__Archaea;p__B1Sed10-29;c__B1Sed10-29;o__B1Sed10-29;f__B1Sed10-29;g__B1Sed10-29;s__B1Sed10-29 sp003551125	background
GCA_016939415.1	p__B1Sed10-29	o__WALL01	d__Archaea;p__B1Sed10-29;c__B1Sed10-29;o__WALL01;f__WALL01;g__JAFGGZ01;s__JAFGGZ01 sp016939415	background
GCA_024274695.1	p__B1Sed10-29	o__B1Sed10-29	d__Archaea;p__B1Sed10-29;c__B1Sed10-29;o__B1Sed10-29;f__JAJSAI01;g__JAJSAI01;s__JAJSAI01 sp024274695	background
GCA_002897695.1	p__BMS3Abin14	o__BMS3Abin14	d__Bacteria;p__BMS3Abin14;c__BMS3Abin14;o__BMS3Abin14;f__BMS3Abin14;g__BMS3ABIN14;s__BMS3ABIN14 sp002897695	background
GCA_016937135.1	p__BMS3Abin14	o__BMS3Abin14	d__Bacteria;p__BMS3Abin14;c__BMS3Abin14;o__BMS3Abin14;f__BMS3Abin14;g__JAFGWO01;s__JAFGWO01 sp016937135	background
GCA_022865845.1	p__BMS3Abin14	o__BMS3Abin14	d__Bacteria;p__BMS3Abin14;c__BMS3Abin14;o__BMS3Abin14;f__BMS3Abin14;g__JALHUC01;s__JALHUC01 sp022865845	background
GCA_016783505.1	p__BS750m-G25	o__BS750m-G25	d__Bacteria;p__BS750m-G25;c__BS750m-G25;o__BS750m-G25;f__BS750m-G25;g__BS750m-G25;s__BS750m-G25 sp016783505	background
GCA_000989185.1	p__Babelota	o__Babelales	d__Bacteria;p__Babelota;c__Babeliae;o__Babelales;f__UASB340;g__UASB340;s__UASB340 sp000989185	background
GCA_002721975.1	p__Babelota	o__Babelales	d__Bacteria;p__Babelota;c__Babeliae;o__Babelales;f__Chromulinivoraceae;g__SP22;s__SP22 sp002721975	background
GCA_013815795.1	p__Babelota	o__Babelales	d__Bacteria;p__Babelota;c__Babeliae;o__Babelales;f__Babelaceae;g__PRDV01;s__PRDV01 sp013815795	background
GCA_018062405.1	p__Babelota	o__Babelales	d__Bacteria;p__Babelota;c__Babeliae;o__Babelales;f__Chromulinivoraceae;g__Chromulinivorax;s__Chromulinivorax sp018062405	background
GCA_020053845.1	p__Babelota	o__Babelales	d__Bacteria;p__Babelota;c__Babeliae;o__Babelales;f__Vermiphilaceae;g__JAGVMI01;s__JAGVMI01 sp020053845	background
GCA_022559525.1	p__Babelota	o__Babelales	d__Bacteria;p__Babelota;c__Babeliae;o__Babelales;f__Vermiphilaceae;g__Vermiphilus;s__Vermiphilus pyriformis	background
GCA_026389025.1	p__Babelota	o__Babelales	d__Bacteria;p__Babelota;c__Babeliae;o__Babelales;f__Chromulinivoraceae;g__JACPFN01;s__JACPFN01 sp026389025	background
GCA_030672115.1	p__Babelota	o__Babelales	d__Bacteria;p__Babelota;c__Babeliae;o__Babelales;f__Vermiphilaceae;g__DAOVGZ01;s__DAOVGZ01 sp030672115	background
GCA_037139275.1	p__Babelota	o__Babelales	d__Bacteria;p__Babelota;c__Babeliae;o__Babelales;f__JAUPTZ01;g__JAUPTZ01;s__JAUPTZ01 sp037139275	background
GCA_903831405.1	p__Babelota	o__Babelales	d__Bacteria;p__Babelota;c__Babeliae;o__Babelales;f__Babelaceae;g__GWE2-41-16;s__GWE2-41-16 sp903831405	background
GCA_000010565.1	p__Bacillota	o__Desulfotomaculales	d__Bacteria;p__Bacillota;c__Desulfotomaculia;o__Desulfotomaculales;f__Pelotomaculaceae;g__Pelotomaculum;s__Pelotomaculum thermopropionicum	background
GCA_000785785.1	p__Bacillota	o__Lactobacillales	d__Bacteria;p__Bacillota;c__Bacilli;o__Lactobacillales;f__Streptococcaceae;g__Streptococcus;s__Streptococcus uberis_A	background
GCA_002299475.1	p__Bacillota	o__RF39	d__Bacteria;p__Bacillota;c__Bacilli;o__RF39;f__UBA660;g__UBA660;s__UBA660 sp002299475	background
GCA_002362135.1	p__Bacillota	o__Oscillospirales	d__Bacteria;p__Bacillota;c__Clostridia;o__Oscillospirales;f__Ruminococcaceae;g__Ruminococcus;s__Ruminococcus sp002362135	background
GCA_002419055.1	p__Bacillota	o__UBA4068	d__Bacteria;p__Bacillota;c__Dehalobacteriia;o__UBA4068;f__UBA4068;g__UBA4068;s__UBA4068 sp002419055	background
GCA_002633185.1	p__Bacillota	o__TANB77	d__Bacteria;p__Bacillota;c__Clostridia;o__TANB77;f__CAG-508;g__CAG-492;s__CAG-492 sp002633185	background
GCA_003543215.1	p__Bacillota	o__Erysipelotrichales	d__Bacteria;p__Bacillota;c__Bacilli;o__Erysipelotrichales;f__Erysipelotrichaceae;g__UBA2212;s__UBA2212 sp003543215	background
GCA_007116145.1	p__Bacillota	o__DTU010	d__Bacteria;p__Bacillota;c__Limnochordia;o__DTU010;f__DTU012;g__CSBR16-88;s__CSBR16-88 sp007116145	background
GCA_009781755.1	p__Bacillota	o__Lachnospirales	d__Bacteria;p__Bacillota;c__Clostridia;o__Lachnospirales;f__WQUN01;g__WQRX01;s__WQRX01 sp009781755	background
GCA_012515055.1	p__Bacillota	o__Syntrophomonadales	d__Bacteria;p__Bacillota;c__Syntrophomonadia;o__Syntrophomonadales;f__Syntrophomonadaceae;g__UBA1368;s__UBA1368 sp012515055	background
GCA_012524045.1	p__Bacillota	o__Desulfitobacteriales	d__Bacteria;p__Bacillota;c__Desulfitobacteriia;o__Desulfitobacteriales;f__Syntrophobotulaceae;g__JAAYSI01;s__JAAYSI01 sp012524045	background
GCA_012838615.1	p__Bacillota	o__DUOV01	d__Bacteria;p__Bacillota;c__DUOV01;o__DUOV01;f__Zhaonellaceae;g__DUOV01;s__DUOV01 sp012838615	background
GCA_014799955.1	p__Bacillota	o__Lachnospirales	d__Bacteria;p__Bacillota;c__Clostridia;o__Lachnospirales;f__Lachnospiraceae;g__Butyrivibrio_A;s__Butyrivibrio_A sp014799955	background
GCA_015059405.1	p__Bacillota	o__RF39	d__Bacteria;p__Bacillota;c__Bacilli;o__RF39;f__UBA660;g__RUG11788;s__RUG11788 sp015059405	background
GCA_015067375.1	p__Bacillota	o__Oscillospirales	d__Bacteria;p__Bacillota;c__Clostridia;o__Oscillospirales;f__Ruminococcaceae;g__CAG-115;s__CAG-115 sp015067375	background
GCA_016283275.1	p__Bacillota	o__Lachnospirales	d__Bacteria;p__Bacillota;c__Clostridia;o__Lachnospirales;f__Lachnospiraceae;g__UBA1258;s__UBA1258 sp016283275	background
GCA_016841765.1	p__Bacillota	o__Bacillales_I	d__Bacteria;p__Bacillota;c__Bacilli;o__Bacillales_I;f__Bacillaceae_O;g__Bacillus_BL;s__Bacillus_BL sp016841765	background
GCA_017403155.1	p__Bacillota	o__Oscillospirales	d__Bacteria;p__Bacillota;c__Clostridia;o__Oscillospirales;f__CAG-272;g__UBA1740;s__UBA1740 sp017403155	background
GCA_017420605.1	p__Bacillota	o__Lachnospirales	d__Bacteria;p__Bacillota;c__Clostridia;o__Lachnospirales;f__Lachnospiraceae;g__Chordicoccus;s__Chordicoccus sp017420605	background
GCA_017438775.1	p__Bacillota	o__Lachnospirales	d__Bacteria;p__Bacillota;c__Clostridia;o__Lachnospirales;f__Lachnospiraceae;g__RUG11204;s__RUG11204 sp017438775	background
GCA_017452525.1	p__Bacillota	o__Oscillospirales	d__Bacteria;p__Bacillota;c__Clostridia;o__Oscillospirales;f__CAG-272;g__RGIG3947;s__RGIG3947 sp017452525	background
GCA_017463425.1	p__Bacillota	o__Christensenellales	d__Bacteria;p__Bacillota;c__Clostridia;o__Christensenellales;f__Borkfalkiaceae;g__Scatosoma;s__Scatosoma sp017463425	background
GCA_017477355.1	p__Bacillota	o__TANB77	d__Bacteria;p__Bacillota;c__Clostridia;o__TANB77;f__CAG-508;g__Scatovivens;s__Scatovivens sp017477355	background
GCA_017509205.1	p__Bacillota	o__Saccharofermentanales	d__Bacteria;p__Bacillota;c__Clostridia;o__Saccharofermentanales;f__Saccharofermentanaceae;g__Saccharofermentans;s__Saccharofermentans sp017509205	background
GCA_017527865.1	p__Bacillota	o__Saccharofermentanales	d__Bacteria;p__Bacillota;c__Clostridia;o__Saccharofermentanales;f__Saccharofermentanaceae;g__Saccharofermentans;s__Saccharofermentans sp017527865	background
GCA_017549185.1	p__Bacillota	o__Lachnospirales	d__Bacteria;p__Bacillota;c__Clostridia;o__Lachnospirales;f__Lachnospiraceae;g__Roseburia;s__Roseburia sp017549185	background
GCA_017618135.1	p__Bacillota	o__Oscillospirales	d__Bacteria;p__Bacillota;c__Clostridia;o__Oscillospirales;f__Acutalibacteraceae;g__UBA737;s__UBA737 sp017618135	background
GCA_017631705.1	p__Bacillota	o__Oscillospirales	d__Bacteria;p__Bacillota;c__Clostridia;o__Oscillospirales;f__Acutalibacteraceae;g__RGIG3009;s__RGIG3009 sp017631705	background
GCA_017939945.1	p__Bacillota	o__Selenomonadales	d__Bacteria;p__Bacillota;c__Negativicutes;o__Selenomonadales;f__Selenomonadaceae;g__RUG12372;s__RUG12372 sp017939945	background
GCA_018432615.1	p__Bacillota	o__DRI-13	d__Bacteria;p__Bacillota;c__Peptococcia;o__DRI-13;f__SM3-B62;g__SM3-B62;s__SM3-B62 sp018432615	background
GCA_018716115.1	p__Bacillota	o__RF39	d__Bacteria;p__Bacillota;c__Bacilli;o__RF39;f__UBA660;g__Scybalousia;s__Scybalousia intestinigallinarum	background
GCA_019118765.1	p__Bacillota	o__Oscillospirales	d__Bacteria;p__Bacillota;c__Clostridia;o__Oscillospirales;f__Ruminococcaceae;g__Fournierella;s__Fournierella merdavium	background
GCA_020024985.1	p__Bacillota	o__Acholeplasmatales	d__Bacteria;p__Bacillota;c__Bacilli;o__Acholeplasmatales;f__Anaeroplasmataceae;g__Anaeroplasma;s__Anaeroplasma sp020024985	background
GCA_021202175.1	p__Bacillota	o__Lachnospirales	d__Bacteria;p__Bacillota;c__Clostridia;o__Lachnospirales;f__Lachnospiraceae;g__Anaerobutyricum;s__Anaerobutyricum sp021202175	background
GCA_021795575.1	p__Bacillota	o__Sulfobacillales	d__Bacteria;p__Bacillota;c__Sulfobacillia;o__Sulfobacillales;f__JAIMBI01;g__JAJZWV01;s__JAJZWV01 sp021795575	background
GCA_022756575.1	p__Bacillota	o__Lactobacillales	d__Bacteria;p__Bacillota;c__Bacilli;o__Lactobacillales;f__Lactobacillaceae;g__Lactobacillus;s__Lactobacillus mulieris_A	background
GCA_022793355.1	p__Bacillota	o__Oscillospirales	d__Bacteria;p__Bacillota;c__Clostridia;o__Oscillospirales;f__Oscillospiraceae;g__Lawsonibacter;s__Lawsonibacter sp022793355	background
GCA_023395695.1	p__Bacillota	o__Oscillospirales	d__Bacteria;p__Bacillota;c__Clostridia;o__Oscillospirales;f__Ruminococcaceae;g__Fimivivens;s__Fimivivens sp023395695	background
GCA_023433615.1	p__Bacillota	o__Paenibacillales	d__Bacteria;p__Bacillota;c__Bacilli;o__Paenibacillales;f__Paenibacillaceae;g__Paenibacillus_I;s__Paenibacillus_I sp023433615	background
GCA_023665275.1	p__Bacillota	o__Oscillospirales	d__Bacteria;p__Bacillota;c__Clostridia;o__Oscillospirales;f__Ruminococcaceae;g__Ruminococcus;s__Ruminococcus sp023665275	background
GCA_024682375.1	p__Bacillota	o__Lachnospirales	d__Bacteria;p__Bacillota;c__Clostridia;o__Lachnospirales;f__Lachnospiraceae;g__UBA629;s__UBA629 sp024682375	background
GCA_025210655.1	p__Bacillota	o__Peptostreptococcales	d__Bacteria;p__Bacillota;c__Clostridia;o__Peptostreptococcales;f__Acidaminobacteraceae;g__JAOARG01;s__JAOARG01 sp025210655	background
GCA_028698525.1	p__Bacillota	o__JAQVDB01	d__Bacteria;p__Bacillota;c__Clostridia;o__JAQVDB01;f__JAQVDB01;g__JAQVDB01;s__JAQVDB01 sp028698525	background
GCA_029061495.1	p__Bacillota	o__Christensenellales	d__Bacteria;p__Bacillota;c__Clostridia;o__Christensenellales;f__Borkfalkiaceae;g__Coproplasma;s__Coproplasma sp029061495	background
GCA_029593465.1	p__Bacillota	o__Lactobacillales	d__Bacteria;p__Bacillota;c__Bacilli;o__Lactobacillales;f__Streptococcaceae;g__Streptococcus;s__Streptococcus suis_AH	background
GCA_030527085.1	p__Bacillota	o__Oscillospirales	d__Bacteria;p__Bacillota;c__Clostridia;o__Oscillospirales;f__Ruminococcaceae;g__JAUNBN01;s__JAUNBN01 sp030527085	background
GCA_030705695.1	p__Bacillota	o__Oscillospirales	d__Bacteria;p__Bacillota;c__Clostridia;o__Oscillospirales;f__Acutalibacteraceae;g__JAUZPX01;s__JAUZPX01 sp030705695	background
GCA_031272985.1	p__Bacillota	o__Lachnospirales	d__Bacteria;p__Bacillota;c__Clostridia;o__Lachnospirales;f__Lachnospiraceae;g__JAISSU01;s__JAISSU01 sp031272985	background
GCA_031554475.1	p__Bacillota	o__Christensenellales	d__Bacteria;p__Bacillota;c__Clostridia;o__Christensenellales;f__Aristaeellaceae;g__Limiplasma;s__Limiplasma sp031554475	background
GCA_034932685.1	p__Bacillota	o__Erysipelotrichales	d__Bacteria;p__Bacillota;c__Bacilli;o__Erysipelotrichales;f__Erysipelotrichaceae;g__JAQUCI01;s__JAQUCI01 sp034932685	background
GCA_036306965.1	p__Bacillota	o__Oscillospirales	d__Bacteria;p__Bacillota;c__Clostridia;o__Oscillospirales;f__Acutalibacteraceae;g__CAG-964;s__CAG-964 sp036306965	background
GCA_036657395.1	p__Bacillota	o__Peptostreptococcales	d__Bacteria;p__Bacillota;c__Clostridia;o__Peptostreptococcales;f__Anaerovoracaceae;g__JAVXGM01;s__JAVXGM01 sp036657395	background
GCA_040753155.1	p__Bacillota	o__Desulfotomaculales	d__Bacteria;p__Bacillota;c__Desulfotomaculia;o__Desulfotomaculales;f__JBFMEU01;g__JBFMEU01;s__JBFMEU01 sp040753155	background
GCA_041678685.1	p__Bacillota	o__DUPQ01	d__Bacteria;p__Bacillota;c__Clostridia;o__DUPQ01;f__DUPQ01;g__DUPQ01;s__DUPQ01 sp041678685	background
GCA_900315735.1	p__Bacillota	o__Lachnospirales	d__Bacteria;p__Bacillota;c__Clostridia;o__Lachnospirales;f__Lachnospiraceae;g__Roseburia_C;s__Roseburia_C sp900315735	background
GCA_900539595.1	p__Bacillota	o__RFN20	d__Bacteria;p__Bacillota;c__Bacilli;o__RFN20;f__CAG-826;g__Alloenteromonas;s__Alloenteromonas sp900539595	background
GCA_900547745.1	p__Bacillota	o__Oscillospirales	d__Bacteria;p__Bacillota;c__Clostridia;o__Oscillospirales;f__Oscillospiraceae;g__Vescimonas;s__Vescimonas sp900547745	background
GCA_900553955.1	p__Bacillota	o__Oscillospirales	d__Bacteria;p__Bacillota;c__Clostridia;o__Oscillospirales;f__Ruminococcaceae;g__UMGS1668;s__UMGS1668 sp900553955	background
GCA_900762665.1	p__Bacillota	o__Lachnospirales	d__Bacteria;p__Bacillota;c__Clostridia;o__Lachnospirales;f__Lachnospiraceae;g__Hominisplanchenecus_A;s__Hominisplanchenecus_A sp900762665	background
GCA_902464115.1	p__Bacillota	o__Oscillospirales	d__Bacteria;p__Bacillota;c__Clostridia;o__Oscillospirales;f__Ruminococcaceae;g__Ruminococcus_C;s__Ruminococcus_C sp902464115	background
GCA_902765035.1	p__Bacillota	o__Peptostreptococcales	d__Bacteria;p__Bacillota;c__Clostridia;o__Peptostreptococcales;f__Anaerovoracaceae;g__Crickella;s__Crickella sp902765035	background
GCA_902778525.1	p__Bacillota	o__Oscillospirales	d__Bacteria;p__Bacillota;c__Clostridia;o__Oscillospirales;f__Oscillospiraceae;g__HGM13006;s__HGM13006 sp902778525	background
GCA_902788645.1	p__Bacillota	o__Lachnospirales	d__Bacteria;p__Bacillota;c__Clostridia;o__Lachnospirales;f__Lachnospiraceae;g__Jutongia;s__Jutongia sp902788645	background
GCA_902797565.1	p__Bacillota	o__Lachnospirales	d__Bacteria;p__Bacillota;c__Clostridia;o__Lachnospirales;f__Lachnospiraceae;g__Weimeria;s__Weimeria sp902797565	background
GCA_904398325.1	p__Bacillota	o__Oscillospirales	d__Bacteria;p__Bacillota;c__Clostridia;o__Oscillospirales;f__Ruminococcaceae;g__Neoruminococcus;s__Neoruminococcus faecicola	background
GCA_905215105.1	p__Bacillota	o__Oscillospirales	d__Bacteria;p__Bacillota;c__Clostridia;o__Oscillospirales;f__Acutalibacteraceae;g__Heritagella;s__Heritagella sp905215105	background
GCA_910574015.1	p__Bacillota	o__Lachnospirales	d__Bacteria;p__Bacillota;c__Clostridia;o__Lachnospirales;f__Lachnospiraceae;g__Eubacterium_F;s__Eubacterium_F sp910574015	background
GCA_910579585.1	p__Bacillota	o__Christensenellales	d__Bacteria;p__Bacillota;c__Clostridia;o__Christensenellales;f__Borkfalkiaceae;g__Coproplasma;s__Coproplasma sp910579585	background
GCA_910586385.1	p__Bacillota	o__Christensenellales	d__Bacteria;p__Bacillota;c__Clostridia;o__Christensenellales;f__UBA1242;g__Caccovivens;s__Caccovivens sp910586385	background
GCA_916438405.1	p__Bacillota	o__Lactobacillales	d__Bacteria;p__Bacillota;c__Bacilli;o__Lactobacillales;f__Streptococcaceae;g__Streptococcus;s__Streptococcus cristatus_M	background
GCA_934121885.1	p__Bacillota	o__TANB77	d__Bacteria;p__Bacillota;c__Clostridia;o__TANB77;f__CAG-508;g__CALXVA01;s__CALXVA01 sp934121885	background
GCA_934190785.1	p__Bacillota	o__RF39	d__Bacteria;p__Bacillota;c__Bacilli;o__RF39;f__UBA660;g__CAKPTA01;s__CAKPTA01 sp934190785	background
GCA_934402375.1	p__Bacillota	o__Lachnospirales	d__Bacteria;p__Bacillota;c__Clostridia;o__Lachnospirales;f__Lachnospiraceae;g__Acetatifactor;s__Acetatifactor sp934402375	background
GCA_934525845.1	p__Bacillota	o__Oscillospirales	d__Bacteria;p__Bacillota;c__Clostridia;o__Oscillospirales;f__Ruminococcaceae;g__Faecalibacterium;s__Faecalibacterium sp934525845	background
GCA_934700895.1	p__Bacillota	o__RFN20	d__Bacteria;p__Bacillota;c__Bacilli;o__RFN20;f__CAG-826;g__Alloenteromonas;s__Alloenteromonas sp934700895	background
GCA_937896065.1	p__Bacillota	o__RFN20	d__Bacteria;p__Bacillota;c__Bacilli;o__RFN20;f__CAG-288;g__Enterosoma;s__Enterosoma sp937896065	background
GCA_938014855.1	p__Bacillota	o__Oscillospirales	d__Bacteria;p__Bacillota;c__Clostridia;o__Oscillospirales;f__Ruminococcaceae;g__Anaerotruncus;s__Anaerotruncus sp938014855	background
GCA_944349925.1	p__Bacillota	o__Christensenellales	d__Bacteria;p__Bacillota;c__Clostridia;o__Christensenellales;f__UBA1242;g__Caccovivens;s__Caccovivens sp944349925	background
GCA_944371605.1	p__Bacillota	o__RFN20	d__Bacteria;p__Bacillota;c__Bacilli;o__RFN20;f__CAG-288;g__Enterosoma;s__Enterosoma sp944371605	background
GCA_944381495.1	p__Bacillota	o__Lachnospirales	d__Bacteria;p__Bacillota;c__Clostridia;o__Lachnospirales;f__Lachnospiraceae;g__Mediterraneibacter;s__Mediterraneibacter sp944381495	background
GCA_944385935.1	p__Bacillota	o__Oscillospirales	d__Bacteria;p__Bacillota;c__Clostridia;o__Oscillospirales;f__Ruminococcaceae;g__Anaerofilum;s__Anaerofilum sp944385935	background
GCA_944390445.1	p__Bacillota	o__TANB77	d__Bacteria;p__Bacillota;c__Clostridia;o__TANB77;f__CAG-508;g__CALXRW01;s__CALXRW01 sp944390445	background
GCA_945868935.1	p__Bacillota	o__Oscillospirales	d__Bacteria;p__Bacillota;c__Clostridia;o__Oscillospirales;f__Acutalibacteraceae;g__Ruminococcoides;s__Ruminococcoides sp945868935	background
GCA_946061345.1	p__Bacillota	o__Oscillospirales	d__Bacteria;p__Bacillota;c__Clostridia;o__Oscillospirales;f__Oscillospiraceae;g__Faecousia;s__Faecousia sp946061345	background
GCA_946496065.1	p__Bacillota	o__Christensenellales	d__Bacteria;p__Bacillota;c__Clostridia;o__Christensenellales;f__UBA1242;g__Caccovivens;s__Caccovivens sp946496065	background
GCA_946615495.1	p__Bacillota	o__Christensenellales	d__Bacteria;p__Bacillota;c__Clostridia;o__Christensenellales;f__Aristaeellaceae;g__RUG563;s__RUG563 sp946615495	background
GCA_947087645.1	p__Bacillota	o__Erysipelotrichales	d__Bacteria;p__Bacillota;c__Bacilli;o__Erysipelotrichales;f__Erysipelotrichaceae;g__Bulleidia;s__Bulleidia sp947087645	background
GCA_947176485.1	p__Bacillota	o__Christensenellales	d__Bacteria;p__Bacillota;c__Clostridia;o__Christensenellales;f__Borkfalkiaceae;g__Coproplasma;s__Coproplasma sp947176485	background
GCA_947384015.1	p__Bacillota	o__Christensenellales	d__Bacteria;p__Bacillota;c__Clostridia;o__Christensenellales;f__UBA1242;g__Onthoplasma;s__Onthoplasma sp947384015	background
GCA_947588605.1	p__Bacillota	o__Oscillospirales	d__Bacteria;p__Bacillota;c__Clostridia;o__Oscillospirales;f__Oscillospiraceae;g__RUG626;s__RUG626 sp947588605	background
GCA_947623665.1	p__Bacillota	o__RF39	d__Bacteria;p__Bacillota;c__Bacilli;o__RF39;f__UBA660;g__CANRDQ01;s__CANRDQ01 sp947623665	background
GCA_947625975.1	p__Bacillota	o__RFN20	d__Bacteria;p__Bacillota;c__Bacilli;o__RFN20;f__CAG-826;g__RUG131;s__RUG131 sp947625975	background
GCA_947628155.1	p__Bacillota	o__UBA1381	d__Bacteria;p__Bacillota;c__Clostridia;o__UBA1381;f__UBA1381;g__12844;s__12844 sp947628155	background
GCA_947630315.1	p__Bacillota	o__Oscillospirales	d__Bacteria;p__Bacillota;c__Clostridia;o__Oscillospirales;f__Ruminococcaceae;g__Faeciplasma;s__Faeciplasma sp947630315	background
GCA_947632645.1	p__Bacillota	o__Christensenellales	d__Bacteria;p__Bacillota;c__Clostridia;o__Christensenellales;f__UBA1242;g__Onthoplasma;s__Onthoplasma sp947632645	background
GCA_948471035.1	p__Bacillota	o__TANB77	d__Bacteria;p__Bacillota;c__Clostridia;o__TANB77;f__CAG-508;g__RGIG8482;s__RGIG8482 sp948471035	background
GCA_949288175.1	p__Bacillota	o__TANB77	d__Bacteria;p__Bacillota;c__Clostridia;o__TANB77;f__CAG-508;g__CAG-269;s__CAG-269 sp949288175	background
GCA_949742505.1	p__Bacillota	o__Lachnospirales	d__Bacteria;p__Bacillota;c__Clostridia;o__Lachnospirales;f__Lachnospiraceae;g__Claveliimonas;s__Claveliimonas sp949742505	background
GCA_959601495.1	p__Bacillota	o__Oscillospirales	d__Bacteria;p__Bacillota;c__Clostridia;o__Oscillospirales;f__CAG-272;g__Avispirillum;s__Avispirillum sp959601495	background
GCA_963557285.1	p__Bacillota	o__RFN20	d__Bacteria;p__Bacillota;c__Bacilli;o__RFN20;f__CAG-826;g__Onthovivens;s__Onthovivens sp963557285	background
GCA_963615155.1	p__Bacillota	o__Oscillospirales	d__Bacteria;p__Bacillota;c__Clostridia;o__Oscillospirales;f__Ruminococcaceae;g__Faecalibacterium;s__Faecalibacterium sp963615155	background
GCA_963642325.1	p__Bacillota	o__Lachnospirales	d__Bacteria;p__Bacillota;c__Clostridia;o__Lachnospirales;f__Lachnospiraceae;g__Blautia_A;s__Blautia_A sp963642325	background
GCA_963667825.1	p__Bacillota	o__SG130	d__Bacteria;p__Bacillota;c__Negativicutes;o__SG130;f__SG130;g__Azotosporobacter;s__Azotosporobacter sp963667825	background
GCF_000156575.1	p__Bacillota	o__Tissierellales	d__Bacteria;p__Bacillota;c__Clostridia;o__Tissierellales;f__Peptoniphilaceae;g__Anaerococcus;s__Anaerococcus lactolyticus	background
GCF_000286075.1	p__Bacillota	o__Lactobacillales	d__Bacteria;p__Bacillota;c__Bacilli;o__Lactobacillales;f__Streptococcaceae;g__Streptococcus;s__Streptococcus ratti	background
GCF_000424545.1	p__Bacillota	o__Lachnospirales	d__Bacteria;p__Bacillota;c__Clostridia;o__Lachnospirales;f__Lachnospiraceae;g__Butyrivibrio;s__Butyrivibrio sp000424545	background
GCF_000632715.1	p__Bacillota	o__Bacillales	d__Bacteria;p__Bacillota;c__Bacilli;o__Bacillales;f__Anoxybacillaceae;g__Saccharococcus;s__Saccharococcus caldoxylosilyticus	background
GCF_000959945.1	p__Bacillota	o__Lactobacillales	d__Bacteria;p__Bacillota;c__Bacilli;o__Lactobacillales;f__Streptococcaceae;g__Streptococcus;s__Streptococcus oralis_B	background
GCF_001420695.1	p__Bacillota	o__Brevibacillales	d__Bacteria;p__Bacillota;c__Bacilli;o__Brevibacillales;f__Brevibacillaceae;g__Brevibacillus;s__Brevibacillus choshinensis	background
GCF_001578875.1	p__Bacillota	o__Lactobacillales	d__Bacteria;p__Bacillota;c__Bacilli;o__Lactobacillales;f__Streptococcaceae;g__Streptococcus;s__Streptococcus sp001578875	background
GCF_001902295.1	p__Bacillota	o__Clostridiales	d__Bacteria;p__Bacillota;c__Clostridia;o__Clostridiales;f__Clostridiaceae;g__Clostridium_B;s__Clostridium_B kluyveri_B	background
GCF_002266285.1	p__Bacillota	o__Bacillales_D	d__Bacteria;p__Bacillota;c__Bacilli;o__Bacillales_D;f__Amphibacillaceae;g__Virgibacillus;s__Virgibacillus indicus	background
GCF_002982135.1	p__Bacillota	o__Lactobacillales	d__Bacteria;p__Bacillota;c__Bacilli;o__Lactobacillales;f__Lactobacillaceae;g__Pediococcus;s__Pediococcus inopinatus	background
GCF_003570905.1	p__Bacillota	o__Paenibacillales	d__Bacteria;p__Bacillota;c__Bacilli;o__Paenibacillales;f__Paenibacillaceae;g__Cohnella;s__Cohnella faecalis	background
GCF_003967595.1	p__Bacillota	o__Lactobacillales	d__Bacteria;p__Bacillota;c__Bacilli;o__Lactobacillales;f__Lactobacillaceae;g__Companilactobacillus;s__Companilactobacillus musae	background
GCF_004843545.1	p__Bacillota	o__Lactobacillales	d__Bacteria;p__Bacillota;c__Bacilli;o__Lactobacillales;f__Streptococcaceae;g__Streptococcus;s__Streptococcus pasteurianus	background
GCF_008726925.1	p__Bacillota	o__Lactobacillales	d__Bacteria;p__Bacillota;c__Bacilli;o__Lactobacillales;f__Aerococcaceae;g__Aerococcus;s__Aerococcus sp001813115	background
GCF_011100465.1	p__Bacillota	o__Lactobacillales	d__Bacteria;p__Bacillota;c__Bacilli;o__Lactobacillales;f__Aerococcaceae;g__Jeotgalibaca;s__Jeotgalibaca arthritidis	background
GCF_014212135.1	p__Bacillota	o__Paenibacillales	d__Bacteria;p__Bacillota;c__Bacilli;o__Paenibacillales;f__Paenibacillaceae;g__Cohnella;s__Cohnella thailandensis	background
GCF_015553625.1	p__Bacillota	o__Lactobacillales	d__Bacteria;p__Bacillota;c__Bacilli;o__Lactobacillales;f__Streptococcaceae;g__Streptococcus;s__Streptococcus australis_B	background
GCF_017355165.1	p__Bacillota	o__Bacillales_B	d__Bacteria;p__Bacillota;c__Bacilli;o__Bacillales_B;f__DSM-1321;g__Peribacillus;s__Peribacillus sp017355165	background
GCF_018861755.1	p__Bacillota	o__Clostridiales	d__Bacteria;p__Bacillota;c__Clostridia;o__Clostridiales;f__Clostridiaceae;g__Clostridium_AD;s__Clostridium_AD sp018861755	background
GCF_020687545.1	p__Bacillota	o__Lachnospirales	d__Bacteria;p__Bacillota;c__Clostridia;o__Lachnospirales;f__Lachnospiraceae;g__Mediterraneibacter;s__Mediterraneibacter turbiniformis	background
GCF_023110435.1	p__Bacillota	o__Lactobacillales	d__Bacteria;p__Bacillota;c__Bacilli;o__Lactobacillales;f__Streptococcaceae;g__Streptococcus;s__Streptococcus oralis_CF	background
GCF_025154055.1	p__Bacillota	o__Bacillales_D	d__Bacteria;p__Bacillota;c__Bacilli;o__Bacillales_D;f__Amphibacillaceae;g__Aquibacillus_C;s__Aquibacillus_C koreensis	background
GCF_029094525.1	p__Bacillota	o__Bacillales_K	d__Bacteria;p__Bacillota;c__Bacilli;o__Bacillales_K;f__Sporolactobacillaceae;g__KACC-23026;s__KACC-23026 sp029094525	background
GCF_030817215.1	p__Bacillota	o__Paenibacillales	d__Bacteria;p__Bacillota;c__Bacilli;o__Paenibacillales;f__NBRC-103111;g__Paenibacillus_E;s__Paenibacillus_E sp030817215	background
GCF_035510375.1	p__Bacillota	o__Paenibacillales	d__Bacteria;p__Bacillota;c__Bacilli;o__Paenibacillales;f__Paenibacillaceae;g__Paenibacillus_I;s__Paenibacillus_I sp035510375	background
GCF_038148935.1	p__Bacillota	o__Lactobacillales	d__Bacteria;p__Bacillota;c__Bacilli;o__Lactobacillales;f__Streptococcaceae;g__Streptococcus;s__Streptococcus pseudopneumoniae_U	background
GCF_041820985.1	p__Bacillota	o__Bacillales_H	d__Bacteria;p__Bacillota;c__Bacilli;o__Bacillales_H;f__Salisediminibacteriaceae;g__Evansella;s__Evansella sp041820985	background
GCF_900113415.1	p__Bacillota	o__Lachnospirales	d__Bacteria;p__Bacillota;c__Clostridia;o__Lachnospirales;f__Lachnospiraceae;g__Oribacterium;s__Oribacterium sp900113415	background
GCF_900186125.1	p__Bacillota	o__Lactobacillales	d__Bacteria;p__Bacillota;c__Bacilli;o__Lactobacillales;f__Listeriaceae;g__Listeria;s__Listeria goaensis	background
GCF_902463975.1	p__Bacillota	o__Acidaminococcales	d__Bacteria;p__Bacillota;c__Negativicutes;o__Acidaminococcales;f__Acidaminococcaceae;g__Phascolarctobacterium_A;s__Phascolarctobacterium_A sp902463975	background
GCF_944384735.1	p__Bacillota	o__Oscillospirales	d__Bacteria;p__Bacillota;c__Clostridia;o__Oscillospirales;f__Butyricicoccaceae;g__Agathobaculum;s__Agathobaculum sp944384735	background
GCA_000023725.1	p__Bacteroidota	o__Flavobacteriales	d__Bacteria;p__Bacteroidota;c__Bacteroidia;o__Flavobacteriales;f__Weeksellaceae;g__Kaistella;s__Kaistella sp000023725	background
GCA_002050435.1	p__Bacteroidota	o__Chitinophagales	d__Bacteria;p__Bacteroidota;c__Bacteroidia;o__Chitinophagales;f__Chitinophagaceae;g__Flavisolibacter;s__Flavisolibacter sp002050435	background
GCA_002336115.1	p__Bacteroidota	o__Chitinophagales	d__Bacteria;p__Bacteroidota;c__Bacteroidia;o__Chitinophagales;f__Chitinophagaceae;g__Lacibacter;s__Lacibacter sp002336115	background
GCA_002398875.1	p__Bacteroidota	o__Bacteroidales	d__Bacteria;p__Bacteroidota;c__Bacteroidia;o__Bacteroidales;f__Dysgonomonadaceae;g__Proteiniphilum;s__Proteiniphilum sp002398875	background
GCA_002479145.1	p__Bacteroidota	o__Bacteroidales	d__Bacteria;p__Bacteroidota;c__Bacteroidia;o__Bacteroidales;f__Bacteroidaceae;g__Prevotella;s__Prevotella sp002479145	background
GCA_002748065.1	p__Bacteroidota	o__Bacteroidales	d__Bacteria;p__Bacteroidota;c__Bacteroidia;o__Bacteroidales;f__BM520;g__BM520;s__BM520 sp002748065	background
GCA_003512365.1	p__Bacteroidota	o__Flavobacteriales	d__Bacteria;p__Bacteroidota;c__Bacteroidia;o__Flavobacteriales;f__Crocinitomicaceae;g__UBA952;s__UBA952 sp003512365	background
GCA_004557565.1	p__Bacteroidota	o__Bacteroidales	d__Bacteria;p__Bacteroidota;c__Bacteroidia;o__Bacteroidales;f__Muribaculaceae;g__Sodaliphilus;s__Sodaliphilus sp004557565	background
GCA_009778655.1	p__Bacteroidota	o__Bacteroidales	d__Bacteria;p__Bacteroidota;c__Bacteroidia;o__Bacteroidales;f__Azobacteroidaceae;g__WRFZ01;s__WRFZ01 sp009778655	background
GCA_012718945.1	p__Bacteroidota	o__Bacteroidales	d__Bacteria;p__Bacteroidota;c__Bacteroidia;o__Bacteroidales;f__UBA1402;g__UBA8389;s__UBA8389 sp012718945	background
GCA_013289015.1	p__Bacteroidota	o__Chitinophagales	d__Bacteria;p__Bacteroidota;c__Bacteroidia;o__Chitinophagales;f__Chitinophagaceae;g__Parafilimonas;s__Parafilimonas sp013289015	background
GCA_014800735.1	p__Bacteroidota	o__Bacteroidales	d__Bacteria;p__Bacteroidota;c__Bacteroidia;o__Bacteroidales;f__Muribaculaceae;g__CAG-873;s__CAG-873 sp014800735	background
GCA_015494245.1	p__Bacteroidota	o__Chitinophagales	d__Bacteria;p__Bacteroidota;c__Bacteroidia;o__Chitinophagales;f__Saprospiraceae;g__WGBN01;s__WGBN01 sp015494245	background
GCA_016342685.1	p__Bacteroidota	o__Bacteroidales	d__Bacteria;p__Bacteroidota;c__Bacteroidia;o__Bacteroidales;f__UBA12077;g__UBA12077;s__UBA12077 sp016342685	background
GCA_016719615.1	p__Bacteroidota	o__Chitinophagales	d__Bacteria;p__Bacteroidota;c__Bacteroidia;o__Chitinophagales;f__Saprospiraceae;g__Vicinibacter;s__Vicinibacter sp016719615	background
GCA_016868585.1	p__Bacteroidota	o__Chitinophagales	d__Bacteria;p__Bacteroidota;c__Bacteroidia;o__Chitinophagales;f__Chitinophagaceae;g__JJ008;s__JJ008 sp016868585	background
GCA_017412245.1	p__Bacteroidota	o__Bacteroidales	d__Bacteria;p__Bacteroidota;c__Bacteroidia;o__Bacteroidales;f__Paludibacteraceae;g__Colicola;s__Colicola sp017412245	background
GCA_017458145.1	p__Bacteroidota	o__Bacteroidales	d__Bacteria;p__Bacteroidota;c__Bacteroidia;o__Bacteroidales;f__UBA932;g__Cryptobacteroides;s__Cryptobacteroides sp017458145	background
GCA_017504965.1	p__Bacteroidota	o__Bacteroidales	d__Bacteria;p__Bacteroidota;c__Bacteroidia;o__Bacteroidales;f__UBA932;g__CAAGNP01;s__CAAGNP01 sp017504965	background
GCA_017550655.1	p__Bacteroidota	o__Bacteroidales	d__Bacteria;p__Bacteroidota;c__Bacteroidia;o__Bacteroidales;f__UBA932;g__Egerieousia;s__Egerieousia sp017550655	background
GCA_017620015.1	p__Bacteroidota	o__Bacteroidales	d__Bacteria;p__Bacteroidota;c__Bacteroidia;o__Bacteroidales;f__ML635J-15;g__Bact-19;s__Bact-19 sp017620015	background
GCA_017695095.1	p__Bacteroidota	o__Bacteroidales	d__Bacteria;p__Bacteroidota;c__Bacteroidia;o__Bacteroidales;f__UBA932;g__Cryptobacteroides;s__Cryptobacteroides avistercoris	background
GCA_017983845.1	p__Bacteroidota	o__Chitinophagales	d__Bacteria;p__Bacteroidota;c__Bacteroidia;o__Chitinophagales;f__Chitinophagaceae;g__Sediminibacterium;s__Sediminibacterium sp017983845	background
GCA_018267655.1	p__Bacteroidota	o__B-17B0	d__Bacteria;p__Bacteroidota;c__Bacteroidia;o__B-17B0;f__B-17BO;g__Aurantibacillus;s__Aurantibacillus sp018267655	background
GCA_018971025.1	p__Bacteroidota	o__Chitinophagales	d__Bacteria;p__Bacteroidota;c__Bacteroidia;o__Chitinophagales;f__Chitinophagaceae;g__Sediminibacterium;s__Sediminibacterium sp018971025	background
GCA_019747455.1	p__Bacteroidota	o__Chitinophagales	d__Bacteria;p__Bacteroidota;c__Bacteroidia;o__Chitinophagales;f__Chitinophagaceae;g__Sediminibacterium;s__Sediminibacterium sp019747455	background
GCA_020630395.1	p__Bacteroidota	o__Flavobacteriales	d__Bacteria;p__Bacteroidota;c__Bacteroidia;o__Flavobacteriales;f__CAJJDF01;g__CAJJDF01;s__CAJJDF01 sp020630395	background
GCA_020853295.1	p__Bacteroidota	o__NS11-12g	d__Bacteria;p__Bacteroidota;c__Bacteroidia;o__NS11-12g;f__UBA955;g__JAGXTF01;s__JAGXTF01 sp020853295	background
GCA_021648755.1	p__Bacteroidota	o__Flavobacteriales	d__Bacteria;p__Bacteroidota;c__Bacteroidia;o__Flavobacteriales;f__Flavobacteriaceae;g__S010-17;s__S010-17 sp021648755	background
GCA_022703405.1	p__Bacteroidota	o__Bacteroidales	d__Bacteria;p__Bacteroidota;c__Bacteroidia;o__Bacteroidales;f__VadinHA17;g__LD21;s__LD21 sp022703405	background
GCA_023251875.1	p__Bacteroidota	o__JAHEXY01	d__Bacteria;p__Bacteroidota;c__Bacteroidia;o__JAHEXY01;f__JAHEXY01;g__JAHEXY01;s__JAHEXY01 sp023251875	background
GCA_023436685.1	p__Bacteroidota	o__Chitinophagales	d__Bacteria;p__Bacteroidota;c__Bacteroidia;o__Chitinophagales;f__Chitinophagaceae;g__Nemorincola;s__Nemorincola sp023436685	background
GCA_024399955.1	p__Bacteroidota	o__Bacteroidales	d__Bacteria;p__Bacteroidota;c__Bacteroidia;o__Bacteroidales;f__Paludibacteraceae;g__Colicola;s__Colicola sp024399955	background
GCA_024644725.1	p__Bacteroidota	o__Flavobacteriales	d__Bacteria;p__Bacteroidota;c__Bacteroidia;o__Flavobacteriales;f__Flavobacteriaceae;g__Lutimonas;s__Lutimonas sp024644725	background
GCA_025359625.1	p__Bacteroidota	o__Chitinophagales	d__Bacteria;p__Bacteroidota;c__Bacteroidia;o__Chitinophagales;f__Chitinophagaceae;g__Ferruginibacter;s__Ferruginibacter sp025359625	background
GCA_026391655.1	p__Bacteroidota	o__Bacteroidales	d__Bacteria;p__Bacteroidota;c__Bacteroidia;o__Bacteroidales;f__Prolixibacteraceae;g__JAAFHB01;s__JAAFHB01 sp026391655	background
GCA_027487125.1	p__Bacteroidota	o__Cytophagales	d__Bacteria;p__Bacteroidota;c__Bacteroidia;o__Cytophagales;f__Spirosomataceae;g__Runella;s__Runella sp009905605	background
GCA_028683355.1	p__Bacteroidota	o__Bacteroidales	d__Bacteria;p__Bacteroidota;c__Bacteroidia;o__Bacteroidales;f__Dysgonomonadaceae;g__Proteiniphilum;s__Proteiniphilum sp028683355	background
GCA_029237825.1	p__Bacteroidota	o__B-17B0	d__Bacteria;p__Bacteroidota;c__Bacteroidia;o__B-17B0;f__B-17BO;g__UBA4416;s__UBA4416 sp029237825	background
GCA_029938265.1	p__Bacteroidota	o__Flavobacteriales	d__Bacteria;p__Bacteroidota;c__Bacteroidia;o__Flavobacteriales;f__Flavobacteriaceae;g__Lutimonas;s__Lutimonas sp029938265	background
GCA_030526455.1	p__Bacteroidota	o__Bacteroidales	d__Bacteria;p__Bacteroidota;c__Bacteroidia;o__Bacteroidales;f__Muribaculaceae;g__Sodaliphilus;s__Sodaliphilus sp030526455	background
GCA_030726065.1	p__Bacteroidota	o__Chitinophagales	d__Bacteria;p__Bacteroidota;c__Bacteroidia;o__Chitinophagales;f__Chitinophagaceae;g__Sediminibacterium;s__Sediminibacterium sp030726065	background
GCA_031264715.1	p__Bacteroidota	o__Bacteroidales	d__Bacteria;p__Bacteroidota;c__Bacteroidia;o__Bacteroidales;f__UBA4181;g__JAIRLS01;s__JAIRLS01 sp031264715	background
GCA_031290635.1	p__Bacteroidota	o__Bacteroidales	d__Bacteria;p__Bacteroidota;c__Bacteroidia;o__Bacteroidales;f__Tannerellaceae;g__Tannerella;s__Tannerella sp031290635	background
GCA_031422055.1	p__Bacteroidota	o__Chitinophagales	d__Bacteria;p__Bacteroidota;c__Bacteroidia;o__Chitinophagales;f__Chitinophagaceae;g__Ferruginibacter;s__Ferruginibacter sp031422055	background
GCA_032121715.1	p__Bacteroidota	o__Flavobacteriales	d__Bacteria;p__Bacteroidota;c__Bacteroidia;o__Flavobacteriales;f__Flavobacteriaceae;g__Flavobacterium;s__Flavobacterium sp032121715	background
GCA_035269145.1	p__Bacteroidota	o__Bacteroidales	d__Bacteria;p__Bacteroidota;c__Bacteroidia;o__Bacteroidales;f__Prolixibacteraceae;g__Tangfeifania;s__Tangfeifania sp035269145	background
GCA_035456005.1	p__Bacteroidota	o__Chitinophagales	d__Bacteria;p__Bacteroidota;c__Bacteroidia;o__Chitinophagales;f__Chitinophagaceae;g__Phnomibacter;s__Phnomibacter sp035456005	background
GCA_035714205.1	p__Bacteroidota	o__Chitinophagales	d__Bacteria;p__Bacteroidota;c__Bacteroidia;o__Chitinophagales;f__Chitinophagaceae;g__Flavisolibacter;s__Flavisolibacter sp035714205	background
GCA_036509335.1	p__Bacteroidota	o__Chitinophagales	d__Bacteria;p__Bacteroidota;c__Bacteroidia;o__Chitinophagales;f__Chitinophagaceae;g__Ginsengibacter;s__Ginsengibacter sp036509335	background
GCA_036822215.1	p__Bacteroidota	o__Chitinophagales	d__Bacteria;p__Bacteroidota;c__Bacteroidia;o__Chitinophagales;f__Chitinophagaceae;g__Lacibacter;s__Lacibacter sp036822215	background
GCA_037969175.1	p__Bacteroidota	o__AKYH767-A	d__Bacteria;p__Bacteroidota;c__Bacteroidia;o__AKYH767-A;f__OLB10;g__JBBKWX01;s__JBBKWX01 sp037969175	background
GCA_038239385.1	p__Bacteroidota	o__Chitinophagales	d__Bacteria;p__Bacteroidota;c__Bacteroidia;o__Chitinophagales;f__Chitinophagaceae;g__Ginsengibacter;s__Ginsengibacter sp038239385	background
GCA_039030475.1	p__Bacteroidota	o__Flavobacteriales	d__Bacteria;p__Bacteroidota;c__Bacteroidia;o__Flavobacteriales;f__Flavobacteriaceae;g__Flagellimonas;s__Flagellimonas sp039030475	background
GCA_039919615.1	p__Bacteroidota	o__Chitinophagales	d__Bacteria;p__Bacteroidota;c__Bacteroidia;o__Chitinophagales;f__Chitinophagaceae;g__JADGPY01;s__JADGPY01 sp039919615	background
GCA_040381475.1	p__Bacteroidota	o__Flavobacteriales	d__Bacteria;p__Bacteroidota;c__Bacteroidia;o__Flavobacteriales;f__Sanyastnellaceae;g__JAIBBG01;s__JAIBBG01 sp040381475	background
GCA_040905205.1	p__Bacteroidota	o__Cytophagales	d__Bacteria;p__Bacteroidota;c__Bacteroidia;o__Cytophagales;f__Cyclobacteriaceae;g__Cyclobacterium;s__Cyclobacterium sp040905205	background
GCA_041592395.1	p__Bacteroidota	o__Bacteroidales	d__Bacteria;p__Bacteroidota;c__Bacteroidia;o__Bacteroidales;f__UBA12170;g__UBA12170;s__UBA12170 sp041592395	background
GCA_041749535.1	p__Bacteroidota	o__Flavobacteriales	d__Bacteria;p__Bacteroidota;c__Bacteroidia;o__Flavobacteriales;f__Cryomorphaceae;g__JBBQZU01;s__JBBQZU01 sp041749535	background
GCA_900317885.1	p__Bacteroidota	o__Bacteroidales	d__Bacteria;p__Bacteroidota;c__Bacteroidia;o__Bacteroidales;f__Paludibacteraceae;g__Colicola;s__Colicola sp900317885	background
GCA_900548195.1	p__Bacteroidota	o__Bacteroidales	d__Bacteria;p__Bacteroidota;c__Bacteroidia;o__Bacteroidales;f__Bacteroidaceae;g__Prevotella;s__Prevotella sp900548195	background
GCA_902464615.1	p__Bacteroidota	o__Bacteroidales	d__Bacteria;p__Bacteroidota;c__Bacteroidia;o__Bacteroidales;f__Bacteroidaceae;g__Alloprevotella;s__Alloprevotella sp902464615	background
GCA_902762325.1	p__Bacteroidota	o__Bacteroidales	d__Bacteria;p__Bacteroidota;c__Bacteroidia;o__Bacteroidales;f__Bacteroidaceae;g__Prevotella;s__Prevotella sp902762325	background
GCA_902783615.1	p__Bacteroidota	o__Bacteroidales	d__Bacteria;p__Bacteroidota;c__Bacteroidia;o__Bacteroidales;f__Bacteroidaceae;g__UBA2918;s__UBA2918 sp902783615	background
GCA_902803535.1	p__Bacteroidota	o__Bacteroidales	d__Bacteria;p__Bacteroidota;c__Bacteroidia;o__Bacteroidales;f__UBA932;g__Cryptobacteroides;s__Cryptobacteroides sp902803535	background
GCA_903897855.1	p__Bacteroidota	o__NS11-12g	d__Bacteria;p__Bacteroidota;c__Bacteroidia;o__NS11-12g;f__CAINMV01;g__CAINMV01;s__CAINMV01 sp903897855	background
GCA_905182575.1	p__Bacteroidota	o__Flavobacteriales	d__Bacteria;p__Bacteroidota;c__Bacteroidia;o__Flavobacteriales;f__Flavobacteriaceae;g__UBA8316;s__UBA8316 sp905182575	background
GCA_905479105.1	p__Bacteroidota	o__Flavobacteriales	d__Bacteria;p__Bacteroidota;c__Bacteroidia;o__Flavobacteriales;f__Salibacteraceae;g__SHAN690;s__SHAN690 sp002390775	background
GCA_913041775.1	p__Bacteroidota	o__Flavobacteriales	d__Bacteria;p__Bacteroidota;c__Bacteroidia;o__Flavobacteriales;f__UBA7430;g__UBA6772;s__UBA6772 sp913041775	background
GCA_934699135.1	p__Bacteroidota	o__Bacteroidales	d__Bacteria;p__Bacteroidota;c__Bacteroidia;o__Bacteroidales;f__Marinilabiliaceae;g__W3P20-009;s__W3P20-009 sp934699135	background
GCA_937898715.1	p__Bacteroidota	o__Bacteroidales	d__Bacteria;p__Bacteroidota;c__Bacteroidia;o__Bacteroidales;f__Bacteroidaceae;g__Alloprevotella;s__Alloprevotella sp937898715	background
GCA_937951415.1	p__Bacteroidota	o__Chitinophagales	d__Bacteria;p__Bacteroidota;c__Bacteroidia;o__Chitinophagales;f__UBA2359;g__CALFBW01;s__CALFBW01 sp937951415	background
GCA_943324415.2	p__Bacteroidota	o__Chitinophagales	d__Bacteria;p__Bacteroidota;c__Bacteroidia;o__Chitinophagales;f__Chitinophagaceae;g__Sediminibacterium;s__Sediminibacterium ginsengisoli_C	background
GCA_944321175.1	p__Bacteroidota	o__Bacteroidales	d__Bacteria;p__Bacteroidota;c__Bacteroidia;o__Bacteroidales;f__Rikenellaceae;g__Alistipes;s__Alistipes sp944321175	background
GCA_945860865.1	p__Bacteroidota	o__NS11-12g	d__Bacteria;p__Bacteroidota;c__Bacteroidia;o__NS11-12g;f__UKL13-3;g__B1;s__B1 sp945860865	background
GCA_945906915.1	p__Bacteroidota	o__Cytophagales	d__Bacteria;p__Bacteroidota;c__Bacteroidia;o__Cytophagales;f__Spirosomataceae;g__Aquirufa;s__Aquirufa fluvialis_D	background
GCA_946479615.1	p__Bacteroidota	o__Chitinophagales	d__Bacteria;p__Bacteroidota;c__Bacteroidia;o__Chitinophagales;f__Chitinophagaceae;g__JAJKIP01;s__JAJKIP01 sp946479615	background
GCA_947166345.1	p__Bacteroidota	o__Bacteroidales	d__Bacteria;p__Bacteroidota;c__Bacteroidia;o__Bacteroidales;f__Bacteroidaceae;g__Prevotella;s__Prevotella sp947166345	background
GCA_947303465.1	p__Bacteroidota	o__Bacteroidales	d__Bacteria;p__Bacteroidota;c__Bacteroidia;o__Bacteroidales;f__UBA932;g__Cryptobacteroides;s__Cryptobacteroides sp947303465	background
GCA_947456805.1	p__Bacteroidota	o__Chitinophagales	d__Bacteria;p__Bacteroidota;c__Bacteroidia;o__Chitinophagales;f__Chitinophagaceae;g__UBA1930;s__UBA1930 sp947456805	background
GCA_947479815.1	p__Bacteroidota	o__Sphingobacteriales	d__Bacteria;p__Bacteroidota;c__Bacteroidia;o__Sphingobacteriales;f__Sphingobacteriaceae;g__Daejeonella;s__Daejeonella sp947479815	background
GCA_947623965.1	p__Bacteroidota	o__Bacteroidales	d__Bacteria;p__Bacteroidota;c__Bacteroidia;o__Bacteroidales;f__Rikenellaceae;g__Alistipes;s__Alistipes sp947623965	background
GCA_963515435.1	p__Bacteroidota	o__Bacteroidales	d__Bacteria;p__Bacteroidota;c__Bacteroidia;o__Bacteroidales;f__Tannerellaceae;g__Tannerella;s__Tannerella sp963515435	background
GCA_963627025.1	p__Bacteroidota	o__Bacteroidales	d__Bacteria;p__Bacteroidota;c__Bacteroidia;o__Bacteroidales;f__Bacteroidaceae;g__Prevotella;s__Prevotella sp963627025	background
GCA_963666385.1	p__Bacteroidota	o__Bacteroidales	d__Bacteria;p__Bacteroidota;c__Bacteroidia;o__Bacteroidales;f__UBA932;g__Bact-08;s__Bact-08 sp028707695	background
GCA_963976435.1	p__Bacteroidota	o__Flavobacteriales	d__Bacteria;p__Bacteroidota;c__Bacteroidia;o__Flavobacteriales;f__Schleiferiaceae;g__Owenweeksia;s__Owenweeksia sp963976435	background
GCF_000224085.1	p__Bacteroidota	o__Flavobacteriales	d__Bacteria;p__Bacteroidota;c__Bacteroidia;o__Flavobacteriales;f__Flavobacteriaceae;g__Flagellimonas;s__Flagellimonas ruestringensis	background
GCF_000429545.1	p__Bacteroidota	o__Flavobacteriales	d__Bacteria;p__Bacteroidota;c__Bacteroidia;o__Flavobacteriales;f__Flavobacteriaceae;g__Arenibacter;s__Arenibacter certesii	background
GCF_000974425.1	p__Bacteroidota	o__Cytophagales	d__Bacteria;p__Bacteroidota;c__Bacteroidia;o__Cytophagales;f__Spirosomataceae;g__Spirosoma;s__Spirosoma radiotolerans	background
GCF_001936475.1	p__Bacteroidota	o__Cytophagales	d__Bacteria;p__Bacteroidota;c__Bacteroidia;o__Cytophagales;f__Cyclobacteriaceae;g__Algoriphagus;s__Algoriphagus marinus	background
GCF_002920895.1	p__Bacteroidota	o__Flavobacteriales	d__Bacteria;p__Bacteroidota;c__Bacteroidia;o__Flavobacteriales;f__Flavobacteriaceae;g__Flavobacterium;s__Flavobacterium alvei	background
GCF_003313325.1	p__Bacteroidota	o__Sphingobacteriales	d__Bacteria;p__Bacteroidota;c__Bacteroidia;o__Sphingobacteriales;f__Sphingobacteriaceae;g__Pedobacter;s__Pedobacter namyangjuensis	background
GCF_003851885.1	p__Bacteroidota	o__Flavobacteriales	d__Bacteria;p__Bacteroidota;c__Bacteroidia;o__Flavobacteriales;f__Schleiferiaceae;g__Thermaurantimonas;s__Thermaurantimonas aggregans	background
GCF_004366355.1	p__Bacteroidota	o__Chitinophagales	d__Bacteria;p__Bacteroidota;c__Bacteroidia;o__Chitinophagales;f__Chitinophagaceae;g__Dinghuibacter;s__Dinghuibacter silviterrae	background
GCF_007997085.1	p__Bacteroidota	o__Flavobacteriales	d__Bacteria;p__Bacteroidota;c__Bacteroidia;o__Flavobacteriales;f__Flavobacteriaceae;g__Polaribacter;s__Polaribacter sp007997085	background
GCF_009905725.1	p__Bacteroidota	o__Cytophagales	d__Bacteria;p__Bacteroidota;c__Bacteroidia;o__Cytophagales;f__Spirosomataceae;g__Leadbetterella;s__Leadbetterella sp002483125	background
GCF_013285155.1	p__Bacteroidota	o__Flavobacteriales	d__Bacteria;p__Bacteroidota;c__Bacteroidia;o__Flavobacteriales;f__Flavobacteriaceae;g__Winogradskyella;s__Winogradskyella undariae	background
GCF_014596575.1	p__Bacteroidota	o__Flavobacteriales	d__Bacteria;p__Bacteroidota;c__Bacteroidia;o__Flavobacteriales;f__Flavobacteriaceae;g__Flavobacterium;s__Flavobacterium pokkalii	background
GCF_016786255.1	p__Bacteroidota	o__Flavobacteriales	d__Bacteria;p__Bacteroidota;c__Bacteroidia;o__Flavobacteriales;f__Flavobacteriaceae;g__Robertkochia;s__Robertkochia sediminum	background
GCF_019345525.1	p__Bacteroidota	o__Flavobacteriales	d__Bacteria;p__Bacteroidota;c__Bacteroidia;o__Flavobacteriales;f__Flavobacteriaceae;g__Flavobacterium;s__Flavobacterium sp019345525	background
GCF_021535135.1	p__Bacteroidota	o__Flavobacteriales	d__Bacteria;p__Bacteroidota;c__Bacteroidia;o__Flavobacteriales;f__Flavobacteriaceae;g__Gillisia;s__Gillisia sp021535135	background
GCF_024055575.1	p__Bacteroidota	o__Sphingobacteriales	d__Bacteria;p__Bacteroidota;c__Bacteroidia;o__Sphingobacteriales;f__Sphingobacteriaceae;g__Mucilaginibacter;s__Mucilaginibacter flavidus	background
GCF_026410195.1	p__Bacteroidota	o__Flavobacteriales	d__Bacteria;p__Bacteroidota;c__Bacteroidia;o__Flavobacteriales;f__Flavobacteriaceae;g__Xanthomarina;s__Xanthomarina sp026410195	background
GCF_030005555.1	p__Bacteroidota	o__Flavobacteriales	d__Bacteria;p__Bacteroidota;c__Bacteroidia;o__Flavobacteriales;f__Weeksellaceae;g__Empedobacter;s__Empedobacter sedimenti	background
GCF_031846585.1	p__Bacteroidota	o__Flavobacteriales	d__Bacteria;p__Bacteroidota;c__Bacteroidia;o__Flavobacteriales;f__Flavobacteriaceae;g__Autumnicola;s__Autumnicola musiva	background
GCF_036492425.1	p__Bacteroidota	o__Cytophagales	d__Bacteria;p__Bacteroidota;c__Bacteroidia;o__Cytophagales;f__Cyclobacteriaceae;g__Persicobacter;s__Persicobacter psychrovividus	background
GCF_039650365.1	p__Bacteroidota	o__Flavobacteriales	d__Bacteria;p__Bacteroidota;c__Bacteroidia;o__Flavobacteriales;f__Flavobacteriaceae;g__Mariniflexile;s__Mariniflexile soesokkakense	background
GCF_900089075.1	p__Bacteroidota	o__Flavobacteriales	d__Bacteria;p__Bacteroidota;c__Bacteroidia;o__Flavobacteriales;f__Weeksellaceae;g__Vaginella;s__Vaginella massiliensis	background
GCF_900116415.1	p__Bacteroidota	o__Flavobacteriales	d__Bacteria;p__Bacteroidota;c__Bacteroidia;o__Flavobacteriales;f__Weeksellaceae;g__Chryseobacterium;s__Chryseobacterium formosense	background
GCF_900292045.1	p__Bacteroidota	o__Bacteroidales	d__Bacteria;p__Bacteroidota;c__Bacteroidia;o__Bacteroidales;f__Tannerellaceae;g__Parabacteroides_B;s__Parabacteroides_B pacaensis	background
GCF_947258935.1	p__Bacteroidota	o__Flavobacteriales	d__Bacteria;p__Bacteroidota;c__Bacteroidia;o__Flavobacteriales;f__Flavobacteriaceae;g__Muriicola;s__Muriicola sp947258935	background
GCA_000724175.1	p__Bacteroidota_A	o__Chlorobiales	d__Bacteria;p__Bacteroidota_A;c__Chlorobiia;o__Chlorobiales;f__Thermochlorobacteraceae;g__GBChlB;s__GBChlB sp000724175	background
GCA_002699105.1	p__Bacteroidota_A	o__SZUA-365	d__Bacteria;p__Bacteroidota_A;c__SZUA-365;o__SZUA-365;f__GCA-2699105;g__GCA-2699105;s__GCA-2699105 sp002699105	background
GCA_003157485.1	p__Bacteroidota_A	o__UBA10030	d__Bacteria;p__Bacteroidota_A;c__UBA10030;o__UBA10030;f__UBA6906;g__Fen-1273;s__Fen-1273 sp003157485	background
GCA_005788035.1	p__Bacteroidota_A	o__Kapaibacteriales	d__Bacteria;p__Bacteroidota_A;c__Kapaibacteriia;o__Kapaibacteriales;f__UBA961;g__UBA961;s__UBA961 sp005788035	background
GCA_007134665.1	p__Bacteroidota_A	o__Balneolales	d__Bacteria;p__Bacteroidota_A;c__Rhodothermia;o__Balneolales;f__Balneolaceae;g__SKRC01;s__SKRC01 sp007134665	background
GCA_012960515.1	p__Bacteroidota_A	o__Rhodothermales	d__Bacteria;p__Bacteroidota_A;c__Rhodothermia;o__Rhodothermales;f__Rubricoccaceae;g__Rubricoccus;s__Rubricoccus sp012960515	background
GCA_013388515.1	p__Bacteroidota_A	o__Ignavibacteriales	d__Bacteria;p__Bacteroidota_A;c__Ignavibacteria;o__Ignavibacteriales;f__Ignavibacteriaceae;g__XYD12-FULL-36-8;s__XYD12-FULL-36-8 sp013388515	background
GCA_016218025.1	p__Bacteroidota_A	o__UBA10030	d__Bacteria;p__Bacteroidota_A;c__UBA10030;o__UBA10030;f__SZUA-254;g__PNNN01;s__PNNN01 sp016218025	background
GCA_016873795.1	p__Bacteroidota_A	o__SJA-28	d__Bacteria;p__Bacteroidota_A;c__Ignavibacteria;o__SJA-28;f__B-1AR;g__VGWA01;s__VGWA01 sp016873795	background
GCA_018266845.1	p__Bacteroidota_A	o__SJA-28	d__Bacteria;p__Bacteroidota_A;c__Ignavibacteria;o__SJA-28;f__B-1AR;g__JAFDZO01;s__JAFDZO01 sp018266845	background
GCA_020437395.1	p__Bacteroidota_A	o__Kapaibacteriales	d__Bacteria;p__Bacteroidota_A;c__Kapaibacteriia;o__Kapaibacteriales;f__UBA2268;g__PGYR01;s__PGYR01 sp020437395	background
GCA_021767245.1	p__Bacteroidota_A	o__Balneolales	d__Bacteria;p__Bacteroidota_A;c__Rhodothermia;o__Balneolales;f__Balneolaceae;g__Gracilimonas;s__Gracilimonas sp021767245	background
GCA_022565795.1	p__Bacteroidota_A	o__Balneolales	d__Bacteria;p__Bacteroidota_A;c__Rhodothermia;o__Balneolales;f__Cyclonatronaceae;g__Cyclonatronum;s__Cyclonatronum sp022565795	background
GCA_024103215.1	p__Bacteroidota_A	o__Ignavibacteriales	d__Bacteria;p__Bacteroidota_A;c__Ignavibacteria;o__Ignavibacteriales;f__Melioribacteraceae;g__JAGFIY01;s__JAGFIY01 sp024103215	background
GCA_025612375.1	p__Bacteroidota_A	o__Ignavibacteriales	d__Bacteria;p__Bacteroidota_A;c__Ignavibacteria;o__Ignavibacteriales;f__SURF-24;g__JAAXKN01;s__JAAXKN01 sp025612375	background
GCA_027021285.1	p__Bacteroidota_A	o__SZUA-365	d__Bacteria;p__Bacteroidota_A;c__SZUA-365;o__SZUA-365;f__JAADGX01;g__JAADGX01;s__JAADGX01 sp027021285	background
GCA_028873925.1	p__Bacteroidota_A	o__Rhodothermales	d__Bacteria;p__Bacteroidota_A;c__Rhodothermia;o__Rhodothermales;f__Bin80;g__JAPPNA01;s__JAPPNA01 sp028873925	background
GCA_030833725.1	p__Bacteroidota_A	o__Kapaibacteriales	d__Bacteria;p__Bacteroidota_A;c__Kapaibacteriia;o__Kapaibacteriales;f__Kapaibacteriaceae;g__OLB6;s__OLB6 sp030833725	background
GCA_034521445.1	p__Bacteroidota_A	o__Balneolales	d__Bacteria;p__Bacteroidota_A;c__Rhodothermia;o__Balneolales;f__Balneolaceae;g__JAXHMM01;s__JAXHMM01 sp034521445	background
GCA_035506075.1	p__Bacteroidota_A	o__UBA10030	d__Bacteria;p__Bacteroidota_A;c__UBA10030;o__UBA10030;f__UBA10030;g__UBA9647;s__UBA9647 sp035506075	background
GCA_036396395.1	p__Bacteroidota_A	o__UBA10030	d__Bacteria;p__Bacteroidota_A;c__UBA10030;o__UBA10030;f__UBA10030;g__JAKEEG01;s__JAKEEG01 sp036396395	background
GCA_037388105.1	p__Bacteroidota_A	o__Ignavibacteriales	d__Bacteria;p__Bacteroidota_A;c__Ignavibacteria;o__Ignavibacteriales;f__Ignavibacteriaceae;g__BMS3ABIN03;s__BMS3ABIN03 sp037388105	background
GCA_038244395.1	p__Bacteroidota_A	o__SJA-28	d__Bacteria;p__Bacteroidota_A;c__Ignavibacteria;o__SJA-28;f__B-1AR;g__JAGPCH01;s__JAGPCH01 sp038244395	background
GCA_040221055.1	p__Bacteroidota_A	o__Rhodothermales	d__Bacteria;p__Bacteroidota_A;c__Rhodothermia;o__Rhodothermales;f__UBA10348;g__1-14-0-65-60-17;s__1-14-0-65-60-17 sp040221055	background
GCA_041302875.1	p__Bacteroidota_A	o__UBA10030	d__Bacteria;p__Bacteroidota_A;c__UBA10030;o__UBA10030;f__UBA10030;g__JAKAJH01;s__JAKAJH01 sp041302875	background
GCA_041738655.1	p__Bacteroidota_A	o__Rhodothermales	d__Bacteria;p__Bacteroidota_A;c__Rhodothermia;o__Rhodothermales;f__JAHQVL01;g__JAWKNW01;s__JAWKNW01 sp041738655	background
GCA_903901375.1	p__Bacteroidota_A	o__SJA-28	d__Bacteria;p__Bacteroidota_A;c__Ignavibacteria;o__SJA-28;f__B-1AR;g__CAIKZJ01;s__CAIKZJ01 sp903901375	background
GCA_937870915.1	p__Bacteroidota_A	o__Kapaibacteriales	d__Bacteria;p__Bacteroidota_A;c__Kapaibacteriia;o__Kapaibacteriales;f__Kapaibacteriaceae;g__UBA10438;s__UBA10438 sp937870915	background
GCA_947085815.1	p__Bacteroidota_A	o__Ignavibacteriales	d__Bacteria;p__Bacteroidota_A;c__Ignavibacteria;o__Ignavibacteriales;f__Melioribacteraceae;g__Fen-1258;s__Fen-1258 sp947085815	background
GCF_000020645.1	p__Bacteroidota_A	o__Chlorobiales	d__Bacteria;p__Bacteroidota_A;c__Chlorobiia;o__Chlorobiales;f__Chlorobiaceae;g__Chlorobium;s__Chlorobium phaeoclathratiforme	background
GCF_011601315.1	p__Bacteroidota_A	o__Chlorobiales	d__Bacteria;p__Bacteroidota_A;c__Chlorobiia;o__Chlorobiales;f__Chlorobiaceae;g__Chlorobium;s__Chlorobium masyuteum	background
GCA_000525675.1	p__Bdellovibrionota	o__Bdellovibrionales	d__Bacteria;p__Bdellovibrionota;c__Bdellovibrionia;o__Bdellovibrionales;f__Bdellovibrionaceae;g__Bdellovibrio;s__Bdellovibrio bacteriovorus_A	background
GCA_002345205.1	p__Bdellovibrionota	o__Bdellovibrionales	d__Bacteria;p__Bdellovibrionota;c__Bdellovibrionia;o__Bdellovibrionales;f__Bdellovibrionaceae;g__UBA2316;s__UBA2316 sp002345205	background
GCA_002787775.1	p__Bdellovibrionota	o__Bacteriovoracales	d__Bacteria;p__Bdellovibrionota;c__Bacteriovoracia;o__Bacteriovoracales;f__Bacteriovoracaceae;g__UBA4207;s__UBA4207 sp002787775	background
GCA_013286585.1	p__Bdellovibrionota	o__Bdellovibrionales	d__Bacteria;p__Bdellovibrionota;c__Bdellovibrionia;o__Bdellovibrionales;f__Bdellovibrionaceae;g__CAIYID01;s__CAIYID01 sp013286585	background
GCA_016194835.1	p__Bdellovibrionota	o__UBA1018	d__Bacteria;p__Bdellovibrionota;c__UBA1018;o__UBA1018;f__UBA1018;g__JACRAO01;s__JACRAO01 sp016194835	background
GCA_018266355.1	p__Bdellovibrionota	o__UBA1018	d__Bacteria;p__Bdellovibrionota;c__UBA1018;o__UBA1018;f__UBA1018;g__JACMQW01;s__JACMQW01 sp018266355	background
GCA_020435205.1	p__Bdellovibrionota	o__Bdellovibrionales	d__Bacteria;p__Bdellovibrionota;c__Bdellovibrionia;o__Bdellovibrionales;f__JAGQZY01;g__JAGQZY01;s__JAGQZY01 sp020435205	background
GCA_022842225.1	p__Bdellovibrionota	o__UBA2466	d__Bacteria;p__Bdellovibrionota;c__FAC87;o__UBA2466;f__UBA2466;g__JALHPX01;s__JALHPX01 sp022842225	background
GCA_024229115.1	p__Bdellovibrionota	o__Bacteriovoracales	d__Bacteria;p__Bdellovibrionota;c__Bacteriovoracia;o__Bacteriovoracales;f__Bacteriovoracaceae;g__JAAEST01;s__JAAEST01 sp024229115	background
GCA_028101965.1	p__Bdellovibrionota	o__Bacteriovoracales	d__Bacteria;p__Bdellovibrionota;c__Bacteriovoracia;o__Bacteriovoracales;f__Bacteriovoracaceae;g__JAOHMI01;s__JAOHMI01 sp028101965	background
GCA_031374125.1	p__Bdellovibrionota	o__Bdellovibrionales	d__Bacteria;p__Bdellovibrionota;c__Bdellovibrionia;o__Bdellovibrionales;f__JAEYZS01;g__JAEYZS01;s__JAEYZS01 sp031374125	background
GCA_035576105.1	p__Bdellovibrionota	o__Bacteriovoracales	d__Bacteria;p__Bdellovibrionota;c__Bacteriovoracia;o__Bacteriovoracales;f__Bacteriovoracaceae;g__Peredibacter;s__Peredibacter sp035576105	background
GCA_038329315.1	p__Bdellovibrionota	o__UBA1018	d__Bacteria;p__Bdellovibrionota;c__UBA1018;o__UBA1018;f__UBA1018;g__JACMQW01;s__JACMQW01 sp038329315	background
GCA_040399925.1	p__Bdellovibrionota	o__Bacteriovoracales	d__Bacteria;p__Bdellovibrionota;c__Bacteriovoracia;o__Bacteriovoracales;f__Bacteriovoracaceae;g__Peredibacter;s__Peredibacter sp040399925	background
GCA_903842755.1	p__Bdellovibrionota	o__UBA1018	d__Bacteria;p__Bdellovibrionota;c__UBA1018;o__UBA1018;f__CAIMNF01;g__CAIMNF01;s__CAIMNF01 sp903842755	background
GCA_937952395.1	p__Bdellovibrionota	o__Bacteriovoracales	d__Bacteria;p__Bdellovibrionota;c__Bacteriovoracia;o__Bacteriovoracales;f__Bacteriovoracaceae;g__CALFYV01;s__CALFYV01 sp937952395	background
GCA_947377285.1	p__Bdellovibrionota	o__Bacteriovoracales	d__Bacteria;p__Bdellovibrionota;c__Bacteriovoracia;o__Bacteriovoracales;f__Bacteriovoracaceae;g__Bacteriovorax;s__Bacteriovorax sp947377285	background
GCA_963169515.1	p__Bdellovibrionota	o__Bdellovibrionales	d__Bacteria;p__Bdellovibrionota;c__Bdellovibrionia;o__Bdellovibrionales;f__JAEYZS01;g__CAUJEF01;s__CAUJEF01 sp963169515	background
GCF_000447775.1	p__Bdellovibrionota	o__Bacteriovoracales	d__Bacteria;p__Bdellovibrionota;c__Bacteriovoracia;o__Bacteriovoracales;f__Bacteriovoracaceae;g__Halobacteriovorax_A;s__Halobacteriovorax_A sp000447775	background
GCA_002238945.1	p__Bdellovibrionota_B	o__Oligoflexales	d__Bacteria;p__Bdellovibrionota_B;c__Oligoflexia;o__Oligoflexales;f__Bin106;g__Bin106;s__Bin106 sp002238945	background
GCA_013215275.1	p__Bdellovibrionota_B	o__Oligoflexales	d__Bacteria;p__Bdellovibrionota_B;c__Oligoflexia;o__Oligoflexales;f__Bog-1112;g__JABSRF01;s__JABSRF01 sp013215275	background
GCA_020434495.1	p__Bdellovibrionota_B	o__UBA2361	d__Bacteria;p__Bdellovibrionota_B;c__UBA2361;o__UBA2361;f__RFPC01;g__RFPC01;s__RFPC01 sp020434495	background
GCA_026390435.1	p__Bdellovibrionota_B	o__Oligoflexales	d__Bacteria;p__Bdellovibrionota_B;c__Oligoflexia;o__Oligoflexales;f__CAIYRB01;g__CAIYRB01;s__CAIYRB01 sp026390435	background
GCA_030428205.1	p__Bdellovibrionota_B	o__UBA2361	d__Bacteria;p__Bdellovibrionota_B;c__UBA2361;o__UBA2361;f__RFPC01;g__JAUIBK01;s__JAUIBK01 sp030428205	background
GCA_038134595.1	p__Bdellovibrionota_B	o__UBA2361	d__Bacteria;p__Bdellovibrionota_B;c__UBA2361;o__UBA2361;f__OMII01;g__OMII01;s__OMII01 sp038134595	background
GCA_041391425.1	p__Bdellovibrionota_B	o__Oligoflexales	d__Bacteria;p__Bdellovibrionota_B;c__Oligoflexia;o__Oligoflexales;f__JAWKNZ01;g__JAWKNZ01;s__JAWKNZ01 sp041391425	background
GCA_903904735.1	p__Bdellovibrionota_B	o__UBA2361	d__Bacteria;p__Bdellovibrionota_B;c__UBA2361;o__UBA2361;f__OMII01;g__OMII01;s__OMII01 sp903904735	background
GCA_945897695.1	p__Bdellovibrionota_B	o__Oligoflexales	d__Bacteria;p__Bdellovibrionota_B;c__Oligoflexia;o__Oligoflexales;f__RGVZ01;g__CAMDKS01;s__CAMDKS01 sp945897695	background
GCA_947494335.1	p__Bdellovibrionota_B	o__Oligoflexales	d__Bacteria;p__Bdellovibrionota_B;c__Oligoflexia;o__Oligoflexales;f__RGVZ01;g__CAMDKS01;s__CAMDKS01 sp947494335	background
GCA_001799195.1	p__Bdellovibrionota_F	o__YA12-FULL-61-11	d__Bacteria;p__Bdellovibrionota_F;c__YA12-FULL-61-11;o__YA12-FULL-61-11;f__YA12-FULL-61-11;g__YA12-FULL-61-11;s__YA12-FULL-61-11 sp001799195	background
GCA_020434345.1	p__Bdellovibrionota_G	o__JALEGL01	d__Bacteria;p__Bdellovibrionota_G;c__JALEGL01;o__JALEGL01;f__JAGRMV01;g__JAGRMV01;s__JAGRMV01 sp020434345	background
GCA_028277945.1	p__Bdellovibrionota_G	o__JANQFH01	d__Bacteria;p__Bdellovibrionota_G;c__JANQFH01;o__JANQFH01;f__JANQFH01;g__JANQFH01;s__JANQFH01 sp028277945	background
GCA_001508155.1	p__Bipolaricaulota	o__Bipolaricaulales	d__Bacteria;p__Bipolaricaulota;c__Bipolaricaulia;o__Bipolaricaulales;f__Bipolaricaulaceae;g__64-32;s__64-32 sp001508155	background
GCA_003566155.1	p__Bipolaricaulota	o__Bipolaricaulales	d__Bacteria;p__Bipolaricaulota;c__Bipolaricaulia;o__Bipolaricaulales;f__Bipolaricaulaceae;g__T3SED10-47;s__T3SED10-47 sp003566155	background
GCA_015487455.1	p__Bipolaricaulota	o__RBG-16-55-9	d__Bacteria;p__Bipolaricaulota;c__Bipolaricaulia;o__RBG-16-55-9;f__RBG-16-55-9;g__S012-72;s__S012-72 sp015487455	background
GCA_021129875.1	p__Bipolaricaulota	o__UBA7950	d__Bacteria;p__Bipolaricaulota;c__Bipolaricaulia;o__UBA7950;f__UBA9294;g__JAJOKK01;s__JAJOKK01 sp021129875	background
GCA_023132545.1	p__Bipolaricaulota	o__UBA7950	d__Bacteria;p__Bipolaricaulota;c__Bipolaricaulia;o__UBA7950;f__UBA9294;g__SPBW01;s__SPBW01 sp023132545	background
GCA_026390345.1	p__Bipolaricaulota	o__UBA7950	d__Bacteria;p__Bipolaricaulota;c__Bipolaricaulia;o__UBA7950;f__UBA9294;g__JAPLGD01;s__JAPLGD01 sp026390345	background
GCA_029262795.1	p__Bipolaricaulota	o__RBG-16-55-9	d__Bacteria;p__Bipolaricaulota;c__Bipolaricaulia;o__RBG-16-55-9;f__JAJCYT01;g__JAJCYT01;s__JAJCYT01 sp029262795	background
GCA_036783095.1	p__Bipolaricaulota	o__RBG-16-55-9	d__Bacteria;p__Bipolaricaulota;c__Bipolaricaulia;o__RBG-16-55-9;f__DRXL01;g__JANXCC01;s__JANXCC01 sp036783095	background
GCA_041641035.1	p__Bipolaricaulota	o__RBG-16-55-9	d__Bacteria;p__Bipolaricaulota;c__Bipolaricaulia;o__RBG-16-55-9;f__DRXL01;g__JANXCC01;s__JANXCC01 sp041641035	background
GCA_025774205.1	p__Blakebacterota	o__Blakebacterales	d__Bacteria;p__Blakebacterota;c__Blakebacteria;o__Blakebacterales;f__Blakebacteraceae;g__Blakebacterum;s__Blakebacterum guaymanense	background
GCA_013152825.1	p__CAIJMQ01	o__JAADFP01	d__Bacteria;p__CAIJMQ01;c__CAIJMQ01;o__JAADFP01;f__JAADFP01;g__JAADFP01;s__JAADFP01 sp013152825	background
GCA_023135785.1	p__CAIJMQ01	o__CAIJMQ01	d__Bacteria;p__CAIJMQ01;c__CAIJMQ01;o__CAIJMQ01;f__CAIJMQ01;g__CAIJMQ01;s__CAIJMQ01 sp023135785	background
GCA_016784425.1	p__CAIWAD01	o__BS150m-G50	d__Bacteria;p__CAIWAD01;c__CAIWAD01;o__BS150m-G50;f__BS150m-G50;g__BS150m-G50;s__BS150m-G50 sp016784425	background
GCA_030685015.1	p__CAIWAD01	o__CAIWAD01	d__Bacteria;p__CAIWAD01;c__CAIWAD01;o__CAIWAD01;f__CAIWAD01;g__CAIWAD01;s__CAIWAD01 sp030685015	background
GCA_023265785.1	p__CAKKQC01	o__CAKKQC01	d__Bacteria;p__CAKKQC01;c__CAKKQC01;o__CAKKQC01;f__CAKKQC01;g__JAHFSL01;s__JAHFSL01 sp023265785	background
GCA_026415985.1	p__CALINM01	o__CALINM01	d__Bacteria;p__CALINM01;c__CALINM01;o__CALINM01;f__CALINM01;g__JAOAGA01;s__JAOAGA01 sp026415985	background
GCA_002779055.1	p__CG03	o__CG03	d__Bacteria;p__CG03;c__CG03;o__CG03;f__CG03;g__0-14-0-20-44-26;s__0-14-0-20-44-26 sp002779055	background
GCA_003558145.1	p__CG03	o__SLGR01	d__Bacteria;p__CG03;c__SLGR01;o__SLGR01;f__PWQF01;g__PWMP01;s__PWMP01 sp003558145	background
GCA_016934855.1	p__CG03	o__SLGR01	d__Bacteria;p__CG03;c__SLGR01;o__SLGR01;f__JAFGSA01;g__JAFGSA01;s__JAFGSA01 sp016934855	background
GCA_001873285.1	p__CG2-30-53-67	o__CG2-30-53-67	d__Bacteria;p__CG2-30-53-67;c__CG2-30-53-67;o__CG2-30-53-67;f__CG2-30-53-67;g__CG2-30-53-67;s__CG2-30-53-67 sp001873285	background
GCA_919901565.1	p__CG2-30-53-67	o__CG2-30-53-67	d__Bacteria;p__CG2-30-53-67;c__CG2-30-53-67;o__CG2-30-53-67;f__CG2-30-53-67;g__CG2-30-53-67;s__CG2-30-53-67 sp919901565	background
GCA_001873295.1	p__CG2-30-70-394	o__CG2-30-70-394	d__Bacteria;p__CG2-30-70-394;c__CG2-30-70-394;o__CG2-30-70-394;f__CG2-30-70-394;g__CG2-30-70-394;s__CG2-30-70-394 sp001873295	background
GCA_008501735.1	p__CLD3	o__CLD3	d__Bacteria;p__CLD3;c__CLD3;o__CLD3;f__CLD3;g__CLD3;s__CLD3 sp008501735	background
GCA_019695335.1	p__CLD3	o__SB21	d__Bacteria;p__CLD3;c__CLD3;o__SB21;f__SB21;g__JABWBZ01;s__JABWBZ01 sp019695335	background
GCA_003558985.1	p__CSSED10-310	o__CSSED10-310	d__Bacteria;p__CSSED10-310;c__CSSED10-310;o__CSSED10-310;f__CSSED10-310;g__CSSED10-310;s__CSSED10-310 sp003558985	background
GCA_016929305.1	p__CSSED10-310	o__CSSED10-310	d__Bacteria;p__CSSED10-310;c__CSSED10-310;o__CSSED10-310;f__JAFGJC01;g__JAFGJC01;s__JAFGJC01 sp016929305	background
GCA_001871575.1	p__Caldisericota	o__Caldisericales	d__Bacteria;p__Caldisericota;c__Caldisericia;o__Caldisericales;f__Caldisericaceae;g__CG2-30-36-11;s__CG2-30-36-11 sp001871575	background
GCA_017992555.1	p__Caldisericota	o__JAAYUI01	d__Bacteria;p__Caldisericota;c__Caldisericia;o__JAAYUI01;f__JAAYUI01;g__JAAYUI01;s__JAAYUI01 sp017992555	background
GCA_022710025.1	p__Caldisericota	o__Cryosericales	d__Bacteria;p__Caldisericota;c__Caldisericia;o__Cryosericales;f__Cryosericaceae;g__Cryosericum;s__Cryosericum sp022710025	background
GCA_027023025.1	p__Caldisericota	o__Caldisericales	d__Bacteria;p__Caldisericota;c__Caldisericia;o__Caldisericales;f__Caldisericaceae;g__S143-107;s__S143-107 sp027023025	background
GCA_034717215.1	p__Caldisericota	o__Caldisericales	d__Bacteria;p__Caldisericota;c__Caldisericia;o__Caldisericales;f__Caldisericaceae;g__UBA646;s__UBA646 sp034717215	background
GCA_040767255.1	p__Caldisericota	o__UBA6126	d__Bacteria;p__Caldisericota;c__Caldisericia;o__UBA6126;f__UBA6126;g__JAGLCW01;s__JAGLCW01 sp040767255	background
GCA_001771055.1	p__Calditrichota	o__RBG-13-44-9	d__Bacteria;p__Calditrichota;c__Calditrichia;o__RBG-13-44-9;f__RBG-13-44-9;g__RQOF01;s__RQOF01 sp001771055	background
GCA_013150955.1	p__Calditrichota	o__RBG-13-44-9	d__Bacteria;p__Calditrichota;c__Calditrichia;o__RBG-13-44-9;f__J042;g__JAADJD01;s__JAADJD01 sp013150955	background
GCA_020434205.1	p__Calditrichota	o__RBG-13-44-9	d__Bacteria;p__Calditrichota;c__Calditrichia;o__RBG-13-44-9;f__J075;g__JAGRBF01;s__JAGRBF01 sp020434205	background
GCA_024277055.1	p__Calditrichota	o__JAJRVZ01	d__Bacteria;p__Calditrichota;c__Calditrichia;o__JAJRVZ01;f__JAJRVZ01;g__JAJRVZ01;s__JAJRVZ01 sp024277055	background
GCA_027039625.1	p__Calditrichota	o__RBG-13-44-9	d__Bacteria;p__Calditrichota;c__Calditrichia;o__RBG-13-44-9;f__RBG-13-44-9;g__JALXCH01;s__JALXCH01 sp027039625	background
GCA_000494225.1	p__Calescibacteriota	o__Calescibacteriales	d__Bacteria;p__Calescibacteriota;c__Calescibacteriia;o__Calescibacteriales;f__Calescibacteriaceae;g__Calescibacterium;s__Calescibacterium nevadense	background
GCA_030550715.1	p__Calescibacteriota	o__Calescibacteriales	d__Bacteria;p__Calescibacteriota;c__Calescibacteriia;o__Calescibacteriales;f__Calescibacteriaceae;g__Calescibacterium;s__Calescibacterium sp030550715	background
GCA_000163995.1	p__Campylobacterota	o__Campylobacterales	d__Bacteria;p__Campylobacterota;c__Campylobacteria;o__Campylobacterales;f__Campylobacteraceae;g__Campylobacter_D;s__Campylobacter_D jejuni_A	background
GCA_002732645.1	p__Campylobacterota	o__Campylobacterales	d__Bacteria;p__Campylobacterota;c__Campylobacteria;o__Campylobacterales;f__Sulfurimonadaceae;g__Sulfurimonas;s__Sulfurimonas sp002732645	background
GCA_011390075.1	p__Campylobacterota	o__Campylobacterales	d__Bacteria;p__Campylobacterota;c__Campylobacteria;o__Campylobacterales;f__SZUA-545;g__JAABTA01;s__JAABTA01 sp011390075	background
GCA_014859655.1	p__Campylobacterota	o__Campylobacterales	d__Bacteria;p__Campylobacterota;c__Campylobacteria;o__Campylobacterales;f__Sulfurimonadaceae;g__GCA-2733885;s__GCA-2733885 sp014859655	background
GCA_016744115.1	p__Campylobacterota	o__Campylobacterales	d__Bacteria;p__Campylobacterota;c__Campylobacteria;o__Campylobacterales;f__Sulfurimonadaceae;g__Sulfurimonas;s__Sulfurimonas sp016744115	background
GCA_020721815.1	p__Campylobacterota	o__Campylobacterales	d__Bacteria;p__Campylobacterota;c__Campylobacteria;o__Campylobacterales;f__Sulfurovaceae;g__FS08-3;s__FS08-3 sp020721815	background
GCA_024277445.1	p__Campylobacterota	o__Campylobacterales	d__Bacteria;p__Campylobacterota;c__Campylobacteria;o__Campylobacterales;f__Sulfurimonadaceae;g__S145-25;s__S145-25 sp024277445	background
GCA_026988235.1	p__Campylobacterota	o__Campylobacterales	d__Bacteria;p__Campylobacterota;c__Campylobacteria;o__Campylobacterales;f__Sulfurimonadaceae;g__Sulfurimonas;s__Sulfurimonas sp026988235	background
GCA_027023805.1	p__Campylobacterota	o__Campylobacterales	d__Bacteria;p__Campylobacterota;c__Campylobacteria;o__Campylobacterales;f__Sulfurimonadaceae;g__CAITKP01;s__CAITKP01 sp027023805	background
GCA_027062365.1	p__Campylobacterota	o__Campylobacterales	d__Bacteria;p__Campylobacterota;c__Campylobacteria;o__Campylobacterales;f__Sulfurovaceae;g__Sulfurovum;s__Sulfurovum sp027062365	background
GCA_027072755.1	p__Campylobacterota	o__Campylobacterales	d__Bacteria;p__Campylobacterota;c__Campylobacteria;o__Campylobacterales;f__Hydrogenimonadaceae;g__Hydrogenimonas;s__Hydrogenimonas sp027072755	background
GCA_028690445.1	p__Campylobacterota	o__Campylobacterales	d__Bacteria;p__Campylobacterota;c__Campylobacteria;o__Campylobacterales;f__Arcobacteraceae;g__Aliarcobacter;s__Aliarcobacter sp028690445	background
GCA_030693335.1	p__Campylobacterota	o__Campylobacterales	d__Bacteria;p__Campylobacterota;c__Campylobacteria;o__Campylobacterales;f__Sulfurimonadaceae;g__Sulfuricurvum;s__Sulfuricurvum sp030693335	background
GCA_034006465.1	p__Campylobacterota	o__Campylobacterales	d__Bacteria;p__Campylobacterota;c__Campylobacteria;o__Campylobacterales;f__Sulfurimonadaceae;g__Sulfurimonas;s__Sulfurimonas sp034006465	background
GCA_037383585.1	p__Campylobacterota	o__Campylobacterales	d__Bacteria;p__Campylobacterota;c__Campylobacteria;o__Campylobacterales;f__Sulfurimonadaceae;g__JACXUG01;s__JACXUG01 sp037383585	background
GCA_041654255.1	p__Campylobacterota	o__Campylobacterales	d__Bacteria;p__Campylobacterota;c__Campylobacteria;o__Campylobacterales;f__Sulfurimonadaceae;g__Sulfurimonas;s__Sulfurimonas sp041654255	background
GCA_934728205.1	p__Campylobacterota	o__Campylobacterales	d__Bacteria;p__Campylobacterota;c__Campylobacteria;o__Campylobacterales;f__Helicobacteraceae;g__Helicobacter_F;s__Helicobacter_F sp934728205	background
GCA_963516335.1	p__Campylobacterota	o__Campylobacterales	d__Bacteria;p__Campylobacterota;c__Campylobacteria;o__Campylobacterales;f__Campylobacteraceae;g__Campylobacter_A;s__Campylobacter_A sp963516335	background
GCA_964022095.1	p__Campylobacterota	o__Campylobacterales	d__Bacteria;p__Campylobacterota;c__Campylobacteria;o__Campylobacterales;f__Arcobacteraceae;g__Malaciobacter_A;s__Malaciobacter_A sp964022095	background
GCF_000687535.1	p__Campylobacterota	o__Campylobacterales	d__Bacteria;p__Campylobacterota;c__Campylobacteria;o__Campylobacterales;f__Helicobacteraceae;g__Helicobacter_D;s__Helicobacter_D rodentium	background
GCF_001999985.1	p__Campylobacterota	o__Campylobacterales	d__Bacteria;p__Campylobacterota;c__Campylobacteria;o__Campylobacterales;f__Helicobacteraceae;g__Helicobacter_A;s__Helicobacter_A rappini	background
GCF_003048375.1	p__Campylobacterota	o__Campylobacterales	d__Bacteria;p__Campylobacterota;c__Campylobacteria;o__Campylobacterales;f__Campylobacteraceae;g__Campylobacter_A;s__Campylobacter_A concisus_T	background
GCF_003660105.1	p__Campylobacterota	o__Campylobacterales	d__Bacteria;p__Campylobacterota;c__Campylobacteria;o__Campylobacterales;f__Arcobacteraceae;g__Aliarcobacter;s__Aliarcobacter cryaerophilus	background
GCF_008693005.1	p__Campylobacterota	o__Campylobacterales	d__Bacteria;p__Campylobacterota;c__Campylobacteria;o__Campylobacterales;f__Helicobacteraceae;g__Helicobacter_B;s__Helicobacter_B canis	background
GCF_014859695.1	p__Campylobacterota	o__Campylobacterales	d__Bacteria;p__Campylobacterota;c__Campylobacteria;o__Campylobacterales;f__Sulfurimonadaceae;g__Sulfurimonas;s__Sulfurimonas sp014859695	background
GCF_020135845.1	p__Campylobacterota	o__Campylobacterales	d__Bacteria;p__Campylobacterota;c__Campylobacteria;o__Campylobacterales;f__Campylobacteraceae;g__Campylobacter_D;s__Campylobacter_D sp020135845	background
GCF_028694895.1	p__Campylobacterota	o__Campylobacterales	d__Bacteria;p__Campylobacterota;c__Campylobacteria;o__Campylobacterales;f__Sulfurimonadaceae;g__Sulfurimonas;s__Sulfurimonas sp028694895	background
GCF_039645995.1	p__Campylobacterota	o__Campylobacterales	d__Bacteria;p__Campylobacterota;c__Campylobacteria;o__Campylobacterales;f__Sulfurimonadaceae;g__JACXUG01;s__JACXUG01 sp039645995	background
GCF_902460875.1	p__Campylobacterota	o__Campylobacterales	d__Bacteria;p__Campylobacterota;c__Campylobacteria;o__Campylobacterales;f__Campylobacteraceae;g__Campylobacter_A;s__Campylobacter_A concisus_AA	background
GCF_938045595.1	p__Campylobacterota	o__Campylobacterales	d__Bacteria;p__Campylobacterota;c__Campylobacteria;o__Campylobacterales;f__Campylobacteraceae;g__Campylobacter_B;s__Campylobacter_B sp938045595	background
GCA_000756735.1	p__Chlamydiota	o__Chlamydiales	d__Bacteria;p__Chlamydiota;c__Chlamydiia;o__Chlamydiales;f__Parachlamydiaceae;g__Rubidus;s__Rubidus massiliensis	background
GCA_007132595.1	p__Chlamydiota	o__Chlamydiales	d__Bacteria;p__Chlamydiota;c__Chlamydiia;o__Chlamydiales;f__SLOH01;g__SLOH01;s__SLOH01 sp007132595	background
GCA_013285585.1	p__Chlamydiota	o__Chlamydiales	d__Bacteria;p__Chlamydiota;c__Chlamydiia;o__Chlamydiales;f__SM23-39;g__CAIPFQ01;s__CAIPFQ01 sp013285585	background
GCA_013288825.1	p__Chlamydiota	o__Chlamydiales	d__Bacteria;p__Chlamydiota;c__Chlamydiia;o__Chlamydiales;f__Parachlamydiaceae;g__JABDBC01;s__JABDBC01 sp013288825	background
GCA_016866545.1	p__Chlamydiota	o__Chlamydiales	d__Bacteria;p__Chlamydiota;c__Chlamydiia;o__Chlamydiales;f__2-12-FULL-49-11;g__VGMD01;s__VGMD01 sp016866545	background
GCA_018399075.1	p__Chlamydiota	o__Chlamydiales	d__Bacteria;p__Chlamydiota;c__Chlamydiia;o__Chlamydiales;f__Simkaniaceae;g__Neptunochlamydia;s__Neptunochlamydia sp018399075	background
GCA_021772165.1	p__Chlamydiota	o__Chlamydiales	d__Bacteria;p__Chlamydiota;c__Chlamydiia;o__Chlamydiales;f__SM23-39;g__JAKBAE01;s__JAKBAE01 sp021772165	background
GCA_021818045.1	p__Chlamydiota	o__Chlamydiales	d__Bacteria;p__Chlamydiota;c__Chlamydiia;o__Chlamydiales;f__SM23-39;g__JAKAFF01;s__JAKAFF01 sp021818045	background
GCA_024233395.1	p__Chlamydiota	o__Chlamydiales	d__Bacteria;p__Chlamydiota;c__Chlamydiia;o__Chlamydiales;f__Simkaniaceae;g__Neptunochlamydia;s__Neptunochlamydia sp024233395	background
GCA_028293095.1	p__Chlamydiota	o__Chlamydiales	d__Bacteria;p__Chlamydiota;c__Chlamydiia;o__Chlamydiales;f__FEN-1388;g__JAHFTM01;s__JAHFTM01 sp028293095	background
GCA_030916885.1	p__Chlamydiota	o__Chlamydiales	d__Bacteria;p__Chlamydiota;c__Chlamydiia;o__Chlamydiales;f__Rhabdochlamydiaceae;g__Rhabdochlamydia;s__Rhabdochlamydia sp030916885	background
GCA_037143085.1	p__Chlamydiota	o__Chlamydiales	d__Bacteria;p__Chlamydiota;c__Chlamydiia;o__Chlamydiales;f__Parachlamydiaceae;g__JBAWVE01;s__JBAWVE01 sp037143085	background
GCA_041487155.1	p__Chlamydiota	o__Chlamydiales	d__Bacteria;p__Chlamydiota;c__Chlamydiia;o__Chlamydiales;f__Rhabdochlamydiaceae;g__PALSA-1444;s__PALSA-1444 sp041487155	background
GCA_937899275.1	p__Chlamydiota	o__Chlamydiales	d__Bacteria;p__Chlamydiota;c__Chlamydiia;o__Chlamydiales;f__SM23-39;g__CALBPE01;s__CALBPE01 sp937899275	background
GCA_950054535.1	p__Chlamydiota	o__Chlamydiales	d__Bacteria;p__Chlamydiota;c__Chlamydiia;o__Chlamydiales;f__Parachlamydiaceae;g__CATLPS01;s__CATLPS01 sp950054535	background
GCF_002817655.1	p__Chlamydiota	o__Chlamydiales	d__Bacteria;p__Chlamydiota;c__Chlamydiia;o__Chlamydiales;f__Chlamydiaceae;g__Chlamydophila;s__Chlamydophila corallus	background
GCA_000018565.1	p__Chloroflexota	o__Chloroflexales	d__Bacteria;p__Chloroflexota;c__Chloroflexia;o__Chloroflexales;f__Herpetosiphonaceae;g__Herpetosiphon;s__Herpetosiphon aurantiacus	background
GCA_002343775.1	p__Chloroflexota	o__Anaerolineales	d__Bacteria;p__Chloroflexota;c__Anaerolineae;o__Anaerolineales;f__Villigracilaceae;g__Villigracilis;s__Villigracilis sp002343775	background
GCA_002702065.1	p__Chloroflexota	o__Aggregatilineales	d__Bacteria;p__Chloroflexota;c__Anaerolineae;o__Aggregatilineales;f__Phototrophicaceae;g__GCA-2702065;s__GCA-2702065 sp002702065	background
GCA_003135895.1	p__Chloroflexota	o__Aeolococcales	d__Bacteria;p__Chloroflexota;c__Dormibacteria;o__Aeolococcales;f__Aeolococcaceae;g__Palsa-851;s__Palsa-851 sp003135895	background
GCA_003552785.1	p__Chloroflexota	o__Dehalococcoidales	d__Bacteria;p__Chloroflexota;c__Dehalococcoidia;o__Dehalococcoidales;f__CSSed11-197;g__CSSed11-197;s__CSSed11-197 sp003552785	background
GCA_005880445.1	p__Chloroflexota	o__Aeolococcales	d__Bacteria;p__Chloroflexota;c__Dormibacteria;o__Aeolococcales;f__Aeolococcaceae;g__CF-75;s__CF-75 sp005880445	background
GCA_007125545.1	p__Chloroflexota	o__B4-G1	d__Bacteria;p__Chloroflexota;c__Anaerolineae;o__B4-G1;f__SLSP01;g__PWVB01;s__PWVB01 sp007125545	background
GCA_009838965.1	p__Chloroflexota	o__Australimonadales	d__Bacteria;p__Chloroflexota;c__Dehalococcoidia;o__Australimonadales;f__Australimonadaceae;g__Bin16;s__Bin16 sp009838965	background
GCA_011523545.1	p__Chloroflexota	o__Aggregatilineales	d__Bacteria;p__Chloroflexota;c__Anaerolineae;o__Aggregatilineales;f__Phototrophicaceae;g__UBA6055;s__UBA6055 sp011523545	background
GCA_013178015.1	p__Chloroflexota	o__DRVO01	d__Bacteria;p__Chloroflexota;c__Anaerolineae;o__DRVO01;f__DRVO01;g__Ch71;s__Ch71 sp013178015	background
GCA_014379235.1	p__Chloroflexota	o__Aggregatilineales	d__Bacteria;p__Chloroflexota;c__Anaerolineae;o__Aggregatilineales;f__Phototrophicaceae;g__JACMMD01;s__JACMMD01 sp014379235	background
GCA_016190695.1	p__Chloroflexota	o__Dehalococcoidales	d__Bacteria;p__Chloroflexota;c__Dehalococcoidia;o__Dehalococcoidales;f__RBG-16-60-22;g__JACPQC01;s__JACPQC01 sp016190695	background
GCA_016234595.1	p__Chloroflexota	o__Aggregatilineales	d__Bacteria;p__Chloroflexota;c__Anaerolineae;o__Aggregatilineales;f__J027;g__CFX10;s__CFX10 sp016234595	background
GCA_016865855.1	p__Chloroflexota	o__GIF9	d__Bacteria;p__Chloroflexota;c__Dehalococcoidia;o__GIF9;f__UBA5629;g__9FT-COMBO-48-23;s__9FT-COMBO-48-23 sp016865855	background
GCA_017303655.1	p__Chloroflexota	o__Anaerolineales	d__Bacteria;p__Chloroflexota;c__Anaerolineae;o__Anaerolineales;f__Villigracilaceae;g__Villigracilis;s__Villigracilis sp017303655	background
GCA_019136785.1	p__Chloroflexota	o__Promineifilales	d__Bacteria;p__Chloroflexota;c__Anaerolineae;o__Promineifilales;f__Promineifilaceae;g__JAGVTM01;s__JAGVTM01 sp019136785	background
GCA_020629055.1	p__Chloroflexota	o__Promineifilales	d__Bacteria;p__Chloroflexota;c__Anaerolineae;o__Promineifilales;f__Promineifilaceae;g__WTJY01;s__WTJY01 sp020629055	background
GCA_020851855.1	p__Chloroflexota	o__Aggregatilineales	d__Bacteria;p__Chloroflexota;c__Anaerolineae;o__Aggregatilineales;f__UBA2796;g__JADZBY01;s__JADZBY01 sp020851855	background
GCA_021801645.1	p__Chloroflexota	o__Aeolococcales	d__Bacteria;p__Chloroflexota;c__Dormibacteria;o__Aeolococcales;f__Bog-877;g__JAJYXT01;s__JAJYXT01 sp021801645	background
GCA_022574675.1	p__Chloroflexota	o__Lucifugimonadales	d__Bacteria;p__Chloroflexota;c__Dehalococcoidia;o__Lucifugimonadales;f__Lucifugimonadaceae;g__GCA-2730555;s__GCA-2730555 sp022574675	background
GCA_023271485.1	p__Chloroflexota	o__SZUA-161	d__Bacteria;p__Chloroflexota;c__Dehalococcoidia;o__SZUA-161;f__SpSt-899;g__BS503;s__BS503 sp023271485	background
GCA_025054635.1	p__Chloroflexota	o__J036	d__Bacteria;p__Chloroflexota;c__Anaerolineae;o__J036;f__Brachytrichaceae;g__DRWP01;s__DRWP01 sp025054635	background
GCA_026003995.1	p__Chloroflexota	o__Tepidiformales	d__Bacteria;p__Chloroflexota;c__Dehalococcoidia;o__Tepidiformales;f__Tepidiformaceae;g__Tepidiforma;s__Tepidiforma sp026003995	background
GCA_026985785.1	p__Chloroflexota	o__Anaerolineales	d__Bacteria;p__Chloroflexota;c__Anaerolineae;o__Anaerolineales;f__DRMV01;g__DRMV01;s__DRMV01 sp026985785	background
GCA_028276215.1	p__Chloroflexota	o__B4-G1	d__Bacteria;p__Chloroflexota;c__Anaerolineae;o__B4-G1;f__DUEL01;g__SpSt-77;s__SpSt-77 sp028276215	background
GCA_029782365.1	p__Chloroflexota	o__Anaerolineales	d__Bacteria;p__Chloroflexota;c__Anaerolineae;o__Anaerolineales;f__UBA4823;g__JAKOUW01;s__JAKOUW01 sp029782365	background
GCA_030599405.1	p__Chloroflexota	o__Promineifilales	d__Bacteria;p__Chloroflexota;c__Anaerolineae;o__Promineifilales;f__Promineifilaceae;g__UBA11865;s__UBA11865 sp030599405	background
GCA_030641585.1	p__Chloroflexota	o__Dehalococcoidales	d__Bacteria;p__Chloroflexota;c__Dehalococcoidia;o__Dehalococcoidales;f__ARS1013;g__ARS1013;s__ARS1013 sp030641585	background
GCA_030859715.1	p__Chloroflexota	o__Thermomicrobiales	d__Bacteria;p__Chloroflexota;c__Chloroflexia;o__Thermomicrobiales;f__UBA6265;g__JACCYK01;s__JACCYK01 sp030859715	background
GCA_034004515.1	p__Chloroflexota	o__Anaerolineales	d__Bacteria;p__Chloroflexota;c__Anaerolineae;o__Anaerolineales;f__Villigracilaceae;g__UBA8950;s__UBA8950 sp034004515	background
GCA_034422515.1	p__Chloroflexota	o__UBA12225	d__Bacteria;p__Chloroflexota;c__UBA2235;o__UBA12225;f__JAJDUF01;g__JAJDUF01;s__JAJDUF01 sp034422515	background
GCA_034430395.1	p__Chloroflexota	o__Anaerolineales	d__Bacteria;p__Chloroflexota;c__Anaerolineae;o__Anaerolineales;f__E44-bin32;g__E44-bin32;s__E44-bin32 sp034430395	background
GCA_034433775.1	p__Chloroflexota	o__GIF9	d__Bacteria;p__Chloroflexota;c__Dehalococcoidia;o__GIF9;f__UBA5629;g__CALJTV01;s__CALJTV01 sp034433775	background
GCA_034436095.1	p__Chloroflexota	o__Aggregatilineales	d__Bacteria;p__Chloroflexota;c__Anaerolineae;o__Aggregatilineales;f__Phototrophicaceae;g__Flexifilum;s__Flexifilum sp034436095	background
GCA_034717495.1	p__Chloroflexota	o__JAAEKA01	d__Bacteria;p__Chloroflexota;c__Anaerolineae;o__JAAEKA01;f__JAAEKA01;g__JAYELL01;s__JAYELL01 sp034717495	background
GCA_035309865.1	p__Chloroflexota	o__UBA6077	d__Bacteria;p__Chloroflexota;c__UBA6077;o__UBA6077;f__CF-72;g__CF-72;s__CF-72 sp035309865	background
GCA_035516425.1	p__Chloroflexota	o__Anaerolineales	d__Bacteria;p__Chloroflexota;c__Anaerolineae;o__Anaerolineales;f__Villigracilaceae;g__Fen-1038;s__Fen-1038 sp035516425	background
GCA_035574055.1	p__Chloroflexota	o__Caldilineales	d__Bacteria;p__Chloroflexota;c__Anaerolineae;o__Caldilineales;f__Caldilineaceae;g__QEUY01;s__QEUY01 sp035574055	background
GCA_035699665.1	p__Chloroflexota	o__QHBO01	d__Bacteria;p__Chloroflexota;c__Limnocylindria;o__QHBO01;f__QHBO01;g__JAICQM01;s__JAICQM01 sp035699665	background
GCA_036128515.1	p__Chloroflexota	o__Lucifugimonadales	d__Bacteria;p__Chloroflexota;c__Dehalococcoidia;o__Lucifugimonadales;f__Lucifugimonadaceae;g__GCA-002700125;s__GCA-002700125 sp036128515	background
GCA_036391775.1	p__Chloroflexota	o__UBA5177	d__Bacteria;p__Chloroflexota;c__UBA5177;o__UBA5177;f__UBA5177;g__DASVZE01;s__DASVZE01 sp036391775	background
GCA_036554825.1	p__Chloroflexota	o__Limnocylindrales	d__Bacteria;p__Chloroflexota;c__Limnocylindria;o__Limnocylindrales;f__CSP1-4;g__SPCO01;s__SPCO01 sp036554825	background
GCA_036787065.1	p__Chloroflexota	o__Anaerolineales	d__Bacteria;p__Chloroflexota;c__Anaerolineae;o__Anaerolineales;f__Anaerolineaceae;g__JAJYIW01;s__JAJYIW01 sp036787065	background
GCA_037721765.1	p__Chloroflexota	o__Thermomicrobiales	d__Bacteria;p__Chloroflexota;c__Chloroflexia;o__Thermomicrobiales;f__UBA6265;g__JACCVE01;s__JACCVE01 sp037721765	background
GCA_038248915.1	p__Chloroflexota	o__Limnocylindrales	d__Bacteria;p__Chloroflexota;c__Limnocylindria;o__Limnocylindrales;f__CSP1-4;g__SPCO01;s__SPCO01 sp038248915	background
GCA_039810005.1	p__Chloroflexota	o__Thermomicrobiales	d__Bacteria;p__Chloroflexota;c__Chloroflexia;o__Thermomicrobiales;f__CFX8;g__JAMLIA01;s__JAMLIA01 sp039810005	background
GCA_040754215.1	p__Chloroflexota	o__JACPPY01	d__Bacteria;p__Chloroflexota;c__Dehalococcoidia;o__JACPPY01;f__JACPPY01;g__JBFMDE01;s__JBFMDE01 sp040754215	background
GCA_041300405.1	p__Chloroflexota	o__Dehalococcoidales	d__Bacteria;p__Chloroflexota;c__Dehalococcoidia;o__Dehalococcoidales;f__RBG-16-60-22;g__Fen-1077;s__Fen-1077 sp041300405	background
GCA_041558875.1	p__Chloroflexota	o__Anaerolineales	d__Bacteria;p__Chloroflexota;c__Anaerolineae;o__Anaerolineales;f__UBA4823;g__PFL25;s__PFL25 sp041558875	background
GCA_903829085.1	p__Chloroflexota	o__Anaerolineales	d__Bacteria;p__Chloroflexota;c__Anaerolineae;o__Anaerolineales;f__Villigracilaceae;g__UBA877;s__UBA877 sp903829085	background
GCA_937129505.1	p__Chloroflexota	o__Anaerolineales	d__Bacteria;p__Chloroflexota;c__Anaerolineae;o__Anaerolineales;f__UBA4823;g__NAK19;s__NAK19 sp937129505	background
GCA_945861815.1	p__Chloroflexota	o__SHYB01	d__Bacteria;p__Chloroflexota;c__Dehalococcoidia;o__SHYB01;f__SHYB01;g__VGPF01;s__VGPF01 sp945861815	background
GCA_963555975.2	p__Chloroflexota	o__UBA2985	d__Bacteria;p__Chloroflexota;c__Dehalococcoidia;o__UBA2985;f__UBA2985;g__JAPPHY01;s__JAPPHY01 sp963555975	background
GCA_963666115.1	p__Chloroflexota	o__UBA6926	d__Bacteria;p__Chloroflexota;c__Dehalococcoidia;o__UBA6926;f__UBA6926;g__VXMO01;s__VXMO01 sp963666115	background
GCF_001192795.1	p__Chloroflexota	o__Anaerolineales	d__Bacteria;p__Chloroflexota;c__Anaerolineae;o__Anaerolineales;f__Anaerolineaceae;g__Flexilinea;s__Flexilinea flocculi	background
GCA_001603805.1	p__Chrysiogenota	o__Deferribacterales	d__Bacteria;p__Chrysiogenota;c__Deferribacteres;o__Deferribacterales;f__Geovibrionaceae;g__Geovibrio;s__Geovibrio sp001603805	background
GCA_020054865.1	p__Chrysiogenota	o__Deferribacterales	d__Bacteria;p__Chrysiogenota;c__Deferribacteres;o__Deferribacterales;f__Deferrivibrionaceae;g__Deferrivibrio;s__Deferrivibrio sp020054865	background
GCA_031556255.1	p__Chrysiogenota	o__Deferribacterales	d__Bacteria;p__Chrysiogenota;c__Deferribacteres;o__Deferribacterales;f__JAISNW01;g__JAIRQX01;s__JAIRQX01 sp031556255	background
GCA_944326705.1	p__Chrysiogenota	o__Deferribacterales	d__Bacteria;p__Chrysiogenota;c__Deferribacteres;o__Deferribacterales;f__Mucispirillaceae;g__Mucispirillum;s__Mucispirillum sp944326705	background
GCA_947313855.1	p__Chrysiogenota	o__CAMZNJ01	d__Bacteria;p__Chrysiogenota;c__Deferribacteres;o__CAMZNJ01;f__CAMZNJ01;g__CAMZNJ01;s__CAMZNJ01 sp947313855	background
GCF_000487995.2	p__Chrysiogenota	o__Deferribacterales	d__Bacteria;p__Chrysiogenota;c__Deferribacteres;o__Deferribacterales;f__Mucispirillaceae;g__Mucispirillum;s__Mucispirillum schaedleri	background
GCA_000404785.1	p__Cloacimonadota	o__JGIOTU-2	d__Bacteria;p__Cloacimonadota;c__Cloacimonadia;o__JGIOTU-2;f__JGIOTU-2;g__Celaenobacter;s__Celaenobacter polaris	background
GCA_002432865.1	p__Cloacimonadota	o__Cloacimonadales	d__Bacteria;p__Cloacimonadota;c__Cloacimonadia;o__Cloacimonadales;f__Cloacimonadaceae;g__Cloacimonas;s__Cloacimonas sp002432865	background
GCA_012522635.1	p__Cloacimonadota	o__Cloacimonadales	d__Bacteria;p__Cloacimonadota;c__Cloacimonadia;o__Cloacimonadales;f__Cloacimonadaceae;g__Syntrophosphaera;s__Syntrophosphaera sp012522635	background
GCA_017994635.1	p__Cloacimonadota	o__Cloacimonadales	d__Bacteria;p__Cloacimonadota;c__Cloacimonadia;o__Cloacimonadales;f__Cloacimonadaceae;g__UBA5456;s__UBA5456 sp017994635	background
GCA_021108055.1	p__Cloacimonadota	o__Cloacimonadales	d__Bacteria;p__Cloacimonadota;c__Cloacimonadia;o__Cloacimonadales;f__TCS61;g__JACNIV01;s__JACNIV01 sp021108055	background
GCA_023227825.1	p__Cloacimonadota	o__Cloacimonadales	d__Bacteria;p__Cloacimonadota;c__Cloacimonadia;o__Cloacimonadales;f__Cloacimonadaceae;g__Cloacimonas;s__Cloacimonas sp023227825	background
GCA_028703735.1	p__Cloacimonadota	o__Cloacimonadales	d__Bacteria;p__Cloacimonadota;c__Cloacimonadia;o__Cloacimonadales;f__Cloacimonadaceae;g__Cloacimonas;s__Cloacimonas sp028703735	background
GCA_030600585.1	p__Cloacimonadota	o__Cloacimonadales	d__Bacteria;p__Cloacimonadota;c__Cloacimonadia;o__Cloacimonadales;f__TCS61;g__Tenebribacter;s__Tenebribacter sp030600585	background
GCA_030765665.1	p__Cloacimonadota	o__Cloacimonadales	d__Bacteria;p__Cloacimonadota;c__Cloacimonadia;o__Cloacimonadales;f__TCS61;g__Tenebribacter;s__Tenebribacter mawsonii	background
GCA_036584515.1	p__Cloacimonadota	o__Cloacimonadales	d__Bacteria;p__Cloacimonadota;c__Cloacimonadia;o__Cloacimonadales;f__Cloacimonadaceae;g__PHBP01;s__PHBP01 sp036584515	background
GCA_963666875.1	p__Cloacimonadota	o__Cloacimonadales	d__Bacteria;p__Cloacimonadota;c__Cloacimonadia;o__Cloacimonadales;f__JAIOQZ01;g__G963662655;s__G963662655 sp963666875	background
GCA_003476705.1	p__Coprothermobacterota	o__Coprothermobacterales	d__Bacteria;p__Coprothermobacterota;c__Coprothermobacteria;o__Coprothermobacterales;f__Coprothermobacteraceae;g__Coprothermobacter;s__Coprothermobacter sp003476705	background
GCA_027063755.1	p__Coprothermobacterota	o__Coprothermobacterales	d__Bacteria;p__Coprothermobacterota;c__Coprothermobacteria;o__Coprothermobacterales;f__JAADFF01;g__JAADFF01;s__JAADFF01 sp027063755	background
GCA_000063505.1	p__Cyanobacteriota	o__PCC-6307	d__Bacteria;p__Cyanobacteriota;c__Cyanobacteriia;o__PCC-6307;f__Cyanobiaceae;g__Synechococcus_C;s__Synechococcus_C sp000063505	background
GCA_002026005.1	p__Cyanobacteriota	o__PCC-6307	d__Bacteria;p__Cyanobacteriota;c__Cyanobacteriia;o__PCC-6307;f__Cyanobiaceae;g__Prochlorococcus_A;s__Prochlorococcus_A sp002026005	background
GCA_003021505.1	p__Cyanobacteriota	o__Cyanobacteriales	d__Bacteria;p__Cyanobacteriota;c__Cyanobacteriia;o__Cyanobacteriales;f__Rubidibacteraceae;g__QS-4-48-99;s__QS-4-48-99 sp003021505	background
GCA_003212195.1	p__Cyanobacteriota	o__PCC-6307	d__Bacteria;p__Cyanobacteriota;c__Cyanobacteriia;o__PCC-6307;f__Cyanobiaceae;g__Prochlorococcus_A;s__Prochlorococcus_A sp003212195	background
GCA_003216465.1	p__Cyanobacteriota	o__PCC-6307	d__Bacteria;p__Cyanobacteriota;c__Cyanobacteriia;o__PCC-6307;f__Cyanobiaceae;g__Prochlorococcus_A;s__Prochlorococcus_A sp003216465	background
GCA_003279445.1	p__Cyanobacteriota	o__PCC-6307	d__Bacteria;p__Cyanobacteriota;c__Cyanobacteriia;o__PCC-6307;f__Cyanobiaceae;g__Prochlorococcus_E;s__Prochlorococcus_E sp003279445	background
GCA_003282425.1	p__Cyanobacteriota	o__PCC-6307	d__Bacteria;p__Cyanobacteriota;c__Cyanobacteriia;o__PCC-6307;f__Cyanobiaceae;g__Prochlorococcus_A;s__Prochlorococcus_A sp003282425	background
GCA_009993045.1	p__Cyanobacteriota	o__Cyanobacteriales	d__Bacteria;p__Cyanobacteriota;c__Cyanobacteriia;o__Cyanobacteriales;f__Cyanobacteriaceae;g__Geminocystis;s__Geminocystis sp009993045	background
GCA_012034795.1	p__Cyanobacteriota	o__Elainellales	d__Bacteria;p__Cyanobacteriota;c__Cyanobacteriia;o__Elainellales;f__Elainellaceae;g__Drouetiella;s__Drouetiella sp012034795	background
GCA_015295835.1	p__Cyanobacteriota	o__Cyanobacteriales	d__Bacteria;p__Cyanobacteriota;c__Cyanobacteriia;o__Cyanobacteriales;f__Oscillatoriaceae;g__DVEG01;s__DVEG01 sp015295835	background
GCA_017470815.1	p__Cyanobacteriota	o__Gastranaerophilales	d__Bacteria;p__Cyanobacteriota;c__Vampirovibrionia;o__Gastranaerophilales;f__Gastranaerophilaceae;g__UBA2813;s__UBA2813 sp017470815	background
GCA_019358855.1	p__Cyanobacteriota	o__Elainellales	d__Bacteria;p__Cyanobacteriota;c__Cyanobacteriia;o__Elainellales;f__Elainellaceae;g__Timaviella;s__Timaviella obliquedivisa	background
GCA_020404895.1	p__Cyanobacteriota	o__Pseudanabaenales	d__Bacteria;p__Cyanobacteriota;c__Cyanobacteriia;o__Pseudanabaenales;f__Pseudanabaenaceae;g__Pseudanabaena;s__Pseudanabaena sp020404895	background
GCA_023421795.1	p__Cyanobacteriota	o__Gastranaerophilales	d__Bacteria;p__Cyanobacteriota;c__Vampirovibrionia;o__Gastranaerophilales;f__Gastranaerophilaceae;g__JAEZOG01;s__JAEZOG01 sp023421795	background
GCA_027371815.1	p__Cyanobacteriota	o__Obscuribacterales	d__Bacteria;p__Cyanobacteriota;c__Vampirovibrionia;o__Obscuribacterales;f__JAKAZS01;g__JAKAZS01;s__JAKAZS01 sp027371815	background
GCA_030066295.1	p__Cyanobacteriota	o__Cyanobacteriales	d__Bacteria;p__Cyanobacteriota;c__Cyanobacteriia;o__Cyanobacteriales;f__Microcystaceae;g__Crocosphaera;s__Crocosphaera sp030066295	background
GCA_031976315.1	p__Cyanobacteriota	o__Cyanobacteriales	d__Bacteria;p__Cyanobacteriota;c__Cyanobacteriia;o__Cyanobacteriales;f__Coleofasciculaceae;g__Limnofasciculus;s__Limnofasciculus sp003511885	background
GCA_035285905.1	p__Cyanobacteriota	o__PCC-6307	d__Bacteria;p__Cyanobacteriota;c__Cyanobacteriia;o__PCC-6307;f__Cyanobiaceae;g__Cyanobium;s__Cyanobium sp035285905	background
GCA_036703275.1	p__Cyanobacteriota	o__Cyanobacteriales	d__Bacteria;p__Cyanobacteriota;c__Cyanobacteriia;o__Cyanobacteriales;f__Xenococcaceae;g__Waterburya;s__Waterburya sp036703275	background
GCA_038226175.1	p__Cyanobacteriota	o__Gloeobacterales	d__Bacteria;p__Cyanobacteriota;c__Cyanobacteriia;o__Gloeobacterales;f__LV9;g__JBBRQP01;s__JBBRQP01 sp038226175	background
GCA_039178155.1	p__Cyanobacteriota	o__Phormidesmidales	d__Bacteria;p__Cyanobacteriota;c__Cyanobacteriia;o__Phormidesmidales;f__Phormidesmidaceae;g__Leptothoe;s__Leptothoe sp039178155	background
GCA_040375715.1	p__Cyanobacteriota	o__PCC-6307	d__Bacteria;p__Cyanobacteriota;c__Cyanobacteriia;o__PCC-6307;f__Cyanobiaceae;g__Cyanobium;s__Cyanobium sp040375715	background
GCA_041752855.1	p__Cyanobacteriota	o__Thermosynechococcales	d__Bacteria;p__Cyanobacteriota;c__Cyanobacteriia;o__Thermosynechococcales;f__Thermosynechococcaceae;g__JAAURS01;s__JAAURS01 sp041752855	background
GCA_902537275.1	p__Cyanobacteriota	o__PCC-6307	d__Bacteria;p__Cyanobacteriota;c__Cyanobacteriia;o__PCC-6307;f__Cyanobiaceae;g__Prochlorococcus_A;s__Prochlorococcus_A sp902537275	background
GCA_902624105.1	p__Cyanobacteriota	o__PCC-6307	d__Bacteria;p__Cyanobacteriota;c__Cyanobacteriia;o__PCC-6307;f__Cyanobiaceae;g__Prochlorococcus_A;s__Prochlorococcus_A sp902624105	background
GCA_903856805.1	p__Cyanobacteriota	o__PCC-6307	d__Bacteria;p__Cyanobacteriota;c__Cyanobacteriia;o__PCC-6307;f__Cyanobiaceae;g__Cyanobium;s__Cyanobium sp903856805	background
GCA_913063055.1	p__Cyanobacteriota	o__Obscuribacterales	d__Bacteria;p__Cyanobacteriota;c__Vampirovibrionia;o__Obscuribacterales;f__Obscuribacteraceae;g__Ga0077546;s__Ga0077546 sp913063055	background
GCA_937922745.1	p__Cyanobacteriota	o__Vampirovibrionales	d__Bacteria;p__Cyanobacteriota;c__Vampirovibrionia;o__Vampirovibrionales;f__JAGQHJ01;g__CALAJO01;s__CALAJO01 sp937922745	background
GCA_944323285.1	p__Cyanobacteriota	o__Gastranaerophilales	d__Bacteria;p__Cyanobacteriota;c__Vampirovibrionia;o__Gastranaerophilales;f__Gastranaerophilaceae;g__Avigastranaerophilus;s__Avigastranaerophilus sp944323285	background
GCA_944324865.1	p__Cyanobacteriota	o__Gastranaerophilales	d__Bacteria;p__Cyanobacteriota;c__Vampirovibrionia;o__Gastranaerophilales;f__Gastranaerophilaceae;g__Galligastranaerophilus;s__Galligastranaerophilus sp944324865	background
GCA_944326565.1	p__Cyanobacteriota	o__Gastranaerophilales	d__Bacteria;p__Cyanobacteriota;c__Vampirovibrionia;o__Gastranaerophilales;f__Gastranaerophilaceae;g__Scatenecus;s__Scatenecus sp944326565	background
GCA_947488815.1	p__Cyanobacteriota	o__PCC-6307	d__Bacteria;p__Cyanobacteriota;c__Cyanobacteriia;o__PCC-6307;f__Cyanobiaceae;g__CAIQIA01;s__CAIQIA01 sp945861105	background
GCA_949128025.1	p__Cyanobacteriota	o__Cyanobacteriales	d__Bacteria;p__Cyanobacteriota;c__Cyanobacteriia;o__Cyanobacteriales;f__Aerosakkonemataceae;g__Argonema;s__Argonema sp949128025	background
GCA_963990675.1	p__Cyanobacteriota	o__PCC-6307	d__Bacteria;p__Cyanobacteriota;c__Cyanobacteriia;o__PCC-6307;f__Cyanobiaceae;g__Parasynechococcus;s__Parasynechococcus sp963990675	background
GCF_000317045.1	p__Cyanobacteriota	o__PCC-7407	d__Bacteria;p__Cyanobacteriota;c__Cyanobacteriia;o__PCC-7407;f__PCC-7407;g__PCC-7407;s__PCC-7407 sp000317045	background
GCF_000760095.1	p__Cyanobacteriota	o__PCC-6307	d__Bacteria;p__Cyanobacteriota;c__Cyanobacteriia;o__PCC-6307;f__Cyanobiaceae;g__Prochlorococcus_A;s__Prochlorococcus_A marinus_I	background
GCF_002282935.1	p__Cyanobacteriota	o__Cyanobacteriales	d__Bacteria;p__Cyanobacteriota;c__Cyanobacteriia;o__Cyanobacteriales;f__Microcystaceae;g__Microcystis;s__Microcystis sp002282935	background
GCF_010672585.1	p__Cyanobacteriota	o__Cyanobacteriales	d__Bacteria;p__Cyanobacteriota;c__Cyanobacteriia;o__Cyanobacteriales;f__Microcoleaceae;g__Okeania;s__Okeania sp010672585	background
GCF_014696345.1	p__Cyanobacteriota	o__Pseudanabaenales	d__Bacteria;p__Cyanobacteriota;c__Cyanobacteriia;o__Pseudanabaenales;f__Pseudanabaenaceae;g__Pseudanabaena;s__Pseudanabaena cinerea	background
GCF_015207665.1	p__Cyanobacteriota	o__Cyanobacteriales	d__Bacteria;p__Cyanobacteriota;c__Cyanobacteriia;o__Cyanobacteriales;f__Nostocaceae;g__Rivularia;s__Rivularia radiosa_A	background
GCF_020091585.1	p__Cyanobacteriota	o__Leptolyngbyales	d__Bacteria;p__Cyanobacteriota;c__Cyanobacteriia;o__Leptolyngbyales;f__Leptolyngbyaceae;g__Kovacikia;s__Kovacikia minuta	background
GCF_025370775.1	p__Cyanobacteriota	o__Cyanobacteriales	d__Bacteria;p__Cyanobacteriota;c__Cyanobacteriia;o__Cyanobacteriales;f__Oscillatoriaceae;g__Ancylothrix;s__Ancylothrix sp025370775	background
GCF_034092465.1	p__Cyanobacteriota	o__PCC-6307	d__Bacteria;p__Cyanobacteriota;c__Cyanobacteriia;o__PCC-6307;f__Cyanobiaceae;g__AG-402-N21;s__AG-402-N21 sp034092465	background
GCF_036917515.1	p__Cyanobacteriota	o__Cyanobacteriales	d__Bacteria;p__Cyanobacteriota;c__Cyanobacteriia;o__Cyanobacteriales;f__Nostocaceae;g__Nostoc;s__Nostoc sp036917515	background
GCA_035353495.1	p__DAOPZR01	o__DAOPZR01	d__Bacteria;p__DAOPZR01;c__DAOPZR01;o__DAOPZR01;f__DAOPZR01;g__DAOPZR01;s__DAOPZR01 sp035353495	background
GCA_036381125.1	p__DASVDK01	o__DASVDK01	d__Bacteria;p__DASVDK01;c__DASVDK01;o__DASVDK01;f__DASVDK01;g__DASVDK01;s__DASVDK01 sp036381125	background
GCA_025057615.1	p__DRYD01	o__DRYD01	d__Bacteria;p__DRYD01;c__DRYD01;o__DRYD01;f__DRYD01;g__DRYD01;s__DRYD01 sp025057615	background
GCA_028276365.1	p__DRYD01	o__DRYD01	d__Bacteria;p__DRYD01;c__DRYD01;o__DRYD01;f__DRYD01;g__CAKZQG01;s__CAKZQG01 sp028276365	background
GCA_012839925.1	p__DUMJ01	o__DUMJ01	d__Bacteria;p__DUMJ01;c__DUMJ01;o__DUMJ01;f__DUMJ01;g__DUMJ01;s__DUMJ01 sp012839925	background
GCA_020722945.1	p__DYJV01	o__DYJV01	d__Bacteria;p__DYJV01;c__DYJV01;o__DYJV01;f__DYJV01;g__DYJV01;s__DYJV01 sp020722945	background
GCA_001311585.1	p__Deinococcota	o__Deinococcales	d__Bacteria;p__Deinococcota;c__Deinococci;o__Deinococcales;f__Thermaceae;g__Thermus;s__Thermus sp001311585	background
GCA_014378225.1	p__Deinococcota	o__Deinococcales	d__Bacteria;p__Deinococcota;c__Deinococci;o__Deinococcales;f__Deinococcaceae;g__JACMOA01;s__JACMOA01 sp014378225	background
GCA_025359505.1	p__Deinococcota	o__Deinococcales	d__Bacteria;p__Deinococcota;c__Deinococci;o__Deinococcales;f__JAAFIG01;g__JANYHH01;s__JANYHH01 sp025359505	background
GCA_031388325.1	p__Deinococcota	o__Deinococcales	d__Bacteria;p__Deinococcota;c__Deinococci;o__Deinococcales;f__JAAFIG01;g__JAAFIG01;s__JAAFIG01 sp031388325	background
GCA_037386005.1	p__Deinococcota	o__Deinococcales	d__Bacteria;p__Deinococcota;c__Deinococci;o__Deinococcales;f__Trueperaceae;g__JASBRS01;s__JASBRS01 sp037386005	background
GCA_913057165.1	p__Deinococcota	o__Deinococcales	d__Bacteria;p__Deinococcota;c__Deinococci;o__Deinococcales;f__Trueperaceae;g__SLSQ01;s__SLSQ01 sp913057165	background
GCF_000092125.1	p__Deinococcota	o__Deinococcales	d__Bacteria;p__Deinococcota;c__Deinococci;o__Deinococcales;f__Thermaceae;g__Allomeiothermus;s__Allomeiothermus silvanus	background
GCF_000482765.1	p__Deinococcota	o__Deinococcales	d__Bacteria;p__Deinococcota;c__Deinococci;o__Deinococcales;f__Thermaceae;g__Meiothermus;s__Meiothermus taiwanensis	background
GCF_002017875.1	p__Deinococcota	o__Deinococcales	d__Bacteria;p__Deinococcota;c__Deinococci;o__Deinococcales;f__Deinococcaceae;g__Deinococcus;s__Deinococcus sp002017875	background
GCF_004634215.1	p__Deinococcota	o__Deinococcales	d__Bacteria;p__Deinococcota;c__Deinococci;o__Deinococcales;f__Deinococcaceae;g__Deinococcus;s__Deinococcus fonticola	background
GCF_014647055.1	p__Deinococcota	o__Deinococcales	d__Bacteria;p__Deinococcota;c__Deinococci;o__Deinococcales;f__Deinococcaceae;g__Deinococcus;s__Deinococcus aerolatus	background
GCF_021462405.1	p__Deinococcota	o__Deinococcales	d__Bacteria;p__Deinococcota;c__Deinococci;o__Deinococcales;f__Thermaceae;g__Thermus;s__Thermus tengchongensis	background
GCF_030523985.1	p__Deinococcota	o__Deinococcales	d__Bacteria;p__Deinococcota;c__Deinococci;o__Deinococcales;f__Deinococcaceae;g__Deinococcus;s__Deinococcus sp030523985	background
GCA_001871015.1	p__Desantisbacteria	o__UBA1551	d__Bacteria;p__Desantisbacteria;c__UBA1551;o__UBA1551;f__UBA1559;g__UBA1559;s__UBA1559 sp001871015	background
GCA_000179315.1	p__Desulfobacterota	o__Desulfatiglandales	d__Bacteria;p__Desulfobacterota;c__DSM-4660;o__Desulfatiglandales;f__Desulfatiglandaceae;g__NaphS2;s__NaphS2 sp000179315	background
GCA_001914235.1	p__Desulfobacterota	o__Desulfobulbales	d__Bacteria;p__Desulfobacterota;c__Desulfobulbia;o__Desulfobulbales;f__SURF-16;g__DB1;s__DB1 sp001914235	background
GCA_002419025.1	p__Desulfobacterota	o__Dissulfuribacterales	d__Bacteria;p__Desulfobacterota;c__Dissulfuribacteria;o__Dissulfuribacterales;f__UBA5754;g__UBA5754;s__UBA5754 sp002419025	background
GCA_002868905.1	p__Desulfobacterota	o__Desulfuromonadales	d__Bacteria;p__Desulfobacterota;c__Desulfuromonadia;o__Desulfuromonadales;f__Geothermobacteraceae;g__BM304;s__BM304 sp002868905	background
GCA_003604995.1	p__Desulfobacterota	o__Desulfobulbales	d__Bacteria;p__Desulfobacterota;c__Desulfobulbia;o__Desulfobulbales;f__Desulfobulbaceae;g__UBA10518;s__UBA10518 sp003604995	background
GCA_009778955.1	p__Desulfobacterota	o__Desulfobulbales	d__Bacteria;p__Desulfobacterota;c__Desulfobulbia;o__Desulfobulbales;f__Desulfobulbaceae;g__Desulfobulbus;s__Desulfobulbus sp009778955	background
GCA_011390755.1	p__Desulfobacterota	o__Desulfobacterales	d__Bacteria;p__Desulfobacterota;c__Desulfobacteria;o__Desulfobacterales;f__Desulfococcaceae;g__JAABRU01;s__JAABRU01 sp011390755	background
GCA_013336525.1	p__Desulfobacterota	o__Geobacterales	d__Bacteria;p__Desulfobacterota;c__Desulfuromonadia;o__Geobacterales;f__Pseudopelobacteraceae;g__JACRCG01;s__JACRCG01 sp013336525	background
GCA_015231515.1	p__Desulfobacterota	o__Desulfobulbales	d__Bacteria;p__Desulfobacterota;c__Desulfobulbia;o__Desulfobulbales;f__VMSU01;g__JADGBM01;s__JADGBM01 sp015231515	background
GCA_016209105.1	p__Desulfobacterota	o__Syntrophales	d__Bacteria;p__Desulfobacterota;c__Syntrophia;o__Syntrophales;f__JACQWR01;g__JACQWR01;s__JACQWR01 sp016209105	background
GCA_016874915.1	p__Desulfobacterota	o__Desulfobaccales	d__Bacteria;p__Desulfobacterota;c__Desulfobaccia;o__Desulfobaccales;f__0-14-0-80-60-11;g__VGSO01;s__VGSO01 sp016874915	background
GCA_018053185.1	p__Desulfobacterota	o__Syntrophobacterales	d__Bacteria;p__Desulfobacterota;c__Syntrophobacteria;o__Syntrophobacterales;f__Syntrophobacteraceae;g__JAGPLX01;s__JAGPLX01 sp018053185	background
GCA_018830135.1	p__Desulfobacterota	o__Adiutricales	d__Bacteria;p__Desulfobacterota;c__Desulfarculia;o__Adiutricales;f__JAHJTB01;g__JAHJTB01;s__JAHJTB01 sp018830135	background
GCA_019310825.1	p__Desulfobacterota	o__Dissulfuribacterales	d__Bacteria;p__Desulfobacterota;c__Dissulfuribacteria;o__Dissulfuribacterales;f__UBA3076;g__UBA3076;s__UBA3076 sp019310825	background
GCA_020353355.1	p__Desulfobacterota	o__Desulfobacterales	d__Bacteria;p__Desulfobacterota;c__Desulfobacteria;o__Desulfobacterales;f__JAHEIW01;g__G020353355;s__G020353355 sp020353355	background
GCA_021286935.1	p__Desulfobacterota	o__Geobacterales	d__Bacteria;p__Desulfobacterota;c__Desulfuromonadia;o__Geobacterales;f__Pseudopelobacteraceae;g__Trichlorobacter;s__Trichlorobacter sp021286935	background
GCA_021822005.1	p__Desulfobacterota	o__Desulfobulbales	d__Bacteria;p__Desulfobacterota;c__Desulfobulbia;o__Desulfobulbales;f__Desulfurivibrionaceae;g__Thiovibrio;s__Thiovibrio sp021822005	background
GCA_024226935.1	p__Desulfobacterota	o__Desulfobacterales	d__Bacteria;p__Desulfobacterota;c__Desulfobacteria;o__Desulfobacterales;f__Desulfobacteraceae;g__NBML01;s__NBML01 sp024226935	background
GCA_025060015.1	p__Desulfobacterota	o__Thermodesulfobacteriales	d__Bacteria;p__Desulfobacterota;c__Thermodesulfobacteria;o__Thermodesulfobacteriales;f__Thermodesulfobacteriaceae;g__Caldimicrobium;s__Caldimicrobium sp025060015	background
GCA_026988015.1	p__Desulfobacterota	o__Desulfobulbales	d__Bacteria;p__Desulfobacterota;c__Desulfobulbia;o__Desulfobulbales;f__Desulfocapsaceae;g__Desulfocapsa;s__Desulfocapsa sp026988015	background
GCA_027858815.1	p__Desulfobacterota	o__Desulfobacterales	d__Bacteria;p__Desulfobacterota;c__Desulfobacteria;o__Desulfobacterales;f__Desulfosalsimonadaceae;g__SURF-3;s__SURF-3 sp027858815	background
GCA_029289015.1	p__Desulfobacterota	o__JARFUL01	d__Bacteria;p__Desulfobacterota;c__Syntrophobacteria;o__JARFUL01;f__JARFUL01;g__JARFUL01;s__JARFUL01 sp029289015	background
GCA_030018675.1	p__Desulfobacterota	o__Syntrophales	d__Bacteria;p__Desulfobacterota;c__Syntrophia;o__Syntrophales;f__Smithellaceae;g__Smithella;s__Smithella sp030018675	background
GCA_030590745.1	p__Desulfobacterota	o__Desulfuromonadales	d__Bacteria;p__Desulfobacterota;c__Desulfuromonadia;o__Desulfuromonadales;f__Geopsychrobacteraceae;g__Desulfuromusa;s__Desulfuromusa sp030590745	background
GCA_030621455.1	p__Desulfobacterota	o__UBA8473	d__Bacteria;p__Desulfobacterota;c__UBA8473;o__UBA8473;f__UBA8473;g__JAUXHQ01;s__JAUXHQ01 sp030621455	background
GCA_030672485.1	p__Desulfobacterota	o__Desulfatiglandales	d__Bacteria;p__Desulfobacterota;c__DSM-4660;o__Desulfatiglandales;f__B25-G16;g__B33-G16;s__B33-G16 sp030672485	background
GCA_031288745.1	p__Desulfobacterota	o__Adiutricales	d__Bacteria;p__Desulfobacterota;c__Desulfarculia;o__Adiutricales;f__Adiutricaceae;g__JAITQT01;s__JAITQT01 sp031288745	background
GCA_034007105.1	p__Desulfobacterota	o__Geobacterales	d__Bacteria;p__Desulfobacterota;c__Desulfuromonadia;o__Geobacterales;f__Pseudopelobacteraceae;g__Trichlorobacter;s__Trichlorobacter sp034007105	background
GCA_035281865.1	p__Desulfobacterota	o__Geobacterales	d__Bacteria;p__Desulfobacterota;c__Desulfuromonadia;o__Geobacterales;f__Geobacteraceae;g__CAIWTU01;s__CAIWTU01 sp035281865	background
GCA_036446375.1	p__Desulfobacterota	o__Desulfobacterales	d__Bacteria;p__Desulfobacterota;c__Desulfobacteria;o__Desulfobacterales;f__JAZFSW01;g__JAZFSW01;s__JAZFSW01 sp036446375	background
GCA_037442625.1	p__Desulfobacterota	o__Desulfobacterales	d__Bacteria;p__Desulfobacterota;c__Desulfobacteria;o__Desulfobacterales;f__Desulfatirhabdiaceae;g__RAAP-1;s__RAAP-1 sp037442625	background
GCA_040754555.1	p__Desulfobacterota	o__Desulfomonilales	d__Bacteria;p__Desulfobacterota;c__Desulfomonilia;o__Desulfomonilales;f__Desulfomonilaceae;g__VGSG01;s__VGSG01 sp040754555	background
GCA_041562955.1	p__Desulfobacterota	o__Desulfobulbales	d__Bacteria;p__Desulfobacterota;c__Desulfobulbia;o__Desulfobulbales;f__SURF-16;g__JAJRUT01;s__JAJRUT01 sp041562955	background
GCA_903839535.1	p__Desulfobacterota	o__Desulfobacterales	d__Bacteria;p__Desulfobacterota;c__Desulfobacteria;o__Desulfobacterales;f__Desulfatirhabdiaceae;g__RAAP-1;s__RAAP-1 sp903839535	background
GCA_937886325.1	p__Desulfobacterota	o__Geobacterales	d__Bacteria;p__Desulfobacterota;c__Desulfuromonadia;o__Geobacterales;f__Geobacteraceae;g__RPRC01;s__RPRC01 sp937886325	background
GCA_963663685.1	p__Desulfobacterota	o__Syntrophobacterales	d__Bacteria;p__Desulfobacterota;c__Syntrophobacteria;o__Syntrophobacterales;f__Syntrophobacteraceae;g__Syntrophobacter;s__Syntrophobacter sp963663685	background
GCA_963677215.1	p__Desulfobacterota	o__Desulfuromonadales	d__Bacteria;p__Desulfobacterota;c__Desulfuromonadia;o__Desulfuromonadales;f__Geopsychrobacteraceae;g__G963676795;s__G963676795 sp963677215	background
GCF_000621145.1	p__Desulfobacterota	o__Desulfobulbales	d__Bacteria;p__Desulfobacterota;c__Desulfobulbia;o__Desulfobulbales;f__Desulfobulbaceae;g__Desulfobulbus;s__Desulfobulbus elongatus	background
GCF_013389365.1	p__Desulfobacterota	o__Desulfobacterales	d__Bacteria;p__Desulfobacterota;c__Desulfobacteria;o__Desulfobacterales;f__Desulfobacteraceae;g__Desulfobacter;s__Desulfobacter latus	background
GCF_029210385.1	p__Desulfobacterota	o__Desulfobulbales	d__Bacteria;p__Desulfobacterota;c__Desulfobulbia;o__Desulfobulbales;f__Desulfurivibrionaceae;g__Desulfurivibrio;s__Desulfurivibrio alkaliphilus_B	background
GCA_001798455.1	p__Desulfobacterota_B	o__UBA9968	d__Bacteria;p__Desulfobacterota_B;c__Binatia;o__UBA9968;f__UBA9968;g__2-12-FULL-57-22;s__2-12-FULL-57-22 sp001798455	background
GCA_005879585.1	p__Desulfobacterota_B	o__DP-6	d__Bacteria;p__Desulfobacterota_B;c__Binatia;o__DP-6;f__DP-6;g__DP-3;s__DP-3 sp005879585	background
GCA_016184235.1	p__Desulfobacterota_B	o__UBA9968	d__Bacteria;p__Desulfobacterota_B;c__Binatia;o__UBA9968;f__UBA9968;g__UBA9968;s__UBA9968 sp016184235	background
GCA_019637795.1	p__Desulfobacterota_B	o__HRBIN30	d__Bacteria;p__Desulfobacterota_B;c__Binatia;o__HRBIN30;f__CADEER01;g__JAHBUY01;s__JAHBUY01 sp019637795	background
GCA_021786815.1	p__Desulfobacterota_B	o__Binatales	d__Bacteria;p__Desulfobacterota_B;c__Binatia;o__Binatales;f__Binataceae;g__DTIX01;s__DTIX01 sp021786815	background
GCA_024281015.1	p__Desulfobacterota_B	o__Binatales	d__Bacteria;p__Desulfobacterota_B;c__Binatia;o__Binatales;f__Binataceae;g__JAMXLL01;s__JAMXLL01 sp024281015	background
GCA_029262355.1	p__Desulfobacterota_B	o__UBA12015	d__Bacteria;p__Desulfobacterota_B;c__Binatia;o__UBA12015;f__UBA12015;g__VGTG01;s__VGTG01 sp029262355	background
GCA_035294265.1	p__Desulfobacterota_B	o__Binatales	d__Bacteria;p__Desulfobacterota_B;c__Binatia;o__Binatales;f__Binataceae;g__DATGLK01;s__DATGLK01 sp035294265	background
GCA_035531675.1	p__Desulfobacterota_B	o__Binatales	d__Bacteria;p__Desulfobacterota_B;c__Binatia;o__Binatales;f__Binataceae;g__JAJPIG01;s__JAJPIG01 sp035531675	background
GCA_035626675.1	p__Desulfobacterota_B	o__UBA1149	d__Bacteria;p__Desulfobacterota_B;c__Binatia;o__UBA1149;f__CAITLU01;g__DASPNH01;s__DASPNH01 sp035626675	background
GCA_036398075.1	p__Desulfobacterota_B	o__UBA9968	d__Bacteria;p__Desulfobacterota_B;c__Binatia;o__UBA9968;f__UBA9968;g__DP-20;s__DP-20 sp036398075	background
GCA_036794995.1	p__Desulfobacterota_B	o__UBA9968	d__Bacteria;p__Desulfobacterota_B;c__Binatia;o__UBA9968;f__UBA9968;g__DAIRFP01;s__DAIRFP01 sp036794995	background
GCA_041487675.1	p__Desulfobacterota_B	o__Binatales	d__Bacteria;p__Desulfobacterota_B;c__Binatia;o__Binatales;f__Binataceae;g__Binatus;s__Binatus sp041487675	background
GCA_945889495.1	p__Desulfobacterota_B	o__UBA9968	d__Bacteria;p__Desulfobacterota_B;c__Binatia;o__UBA9968;f__UBA9968;g__DP-20;s__DP-20 sp945889495	background
GCA_002869005.1	p__Desulfobacterota_C	o__Deferrisomatales	d__Bacteria;p__Desulfobacterota_C;c__Deferrisomatia;o__Deferrisomatales;f__BM512;g__BM512;s__BM512 sp002869005	background
GCA_016214985.1	p__Desulfobacterota_C	o__Deferrisomatales	d__Bacteria;p__Desulfobacterota_C;c__Deferrisomatia;o__Deferrisomatales;f__JACRMM01;g__JACRMM01;s__JACRMM01 sp016214985	background
GCA_033551855.1	p__Desulfobacterota_C	o__Deferrisomatales	d__Bacteria;p__Desulfobacterota_C;c__Deferrisomatia;o__Deferrisomatales;f__JACRMM01;g__JBFLZB01;s__JBFLZB01 sp033551855	background
GCA_001443445.1	p__Desulfobacterota_D	o__UBA2774	d__Bacteria;p__Desulfobacterota_D;c__UBA1144;o__UBA2774;f__CSP1-2;g__CSP1-2;s__CSP1-2 sp001443445	background
GCA_002715585.2	p__Desulfobacterota_D	o__UBA1144	d__Bacteria;p__Desulfobacterota_D;c__UBA1144;o__UBA1144;f__UBA1144;g__GCA-002715585;s__GCA-002715585 sp002715585	background
GCA_016187835.1	p__Desulfobacterota_D	o__UBA2774	d__Bacteria;p__Desulfobacterota_D;c__UBA1144;o__UBA2774;f__CSP1-2;g__JACPIY01;s__JACPIY01 sp016187835	background
GCA_022827275.1	p__Desulfobacterota_D	o__Nemesobacterales	d__Bacteria;p__Desulfobacterota_D;c__UBA1144;o__Nemesobacterales;f__Nemesobacteraceae;g__Nemesobacter;s__Nemesobacter sp022827275	background
GCA_029262275.1	p__Desulfobacterota_D	o__UBA2774	d__Bacteria;p__Desulfobacterota_D;c__UBA1144;o__UBA2774;f__UBA2774;g__CR02bin9;s__CR02bin9 sp029262275	background
GCA_036397855.1	p__Desulfobacterota_D	o__UBA2774	d__Bacteria;p__Desulfobacterota_D;c__UBA1144;o__UBA2774;f__CSP1-2;g__DASWID01;s__DASWID01 sp036397855	background
GCA_902609885.1	p__Desulfobacterota_D	o__UBA1144	d__Bacteria;p__Desulfobacterota_D;c__UBA1144;o__UBA1144;f__UBA1144;g__GCA-002715585;s__GCA-002715585 sp902609885	background
GCA_001443455.1	p__Desulfobacterota_E	o__Deferrimicrobiales	d__Bacteria;p__Desulfobacterota_E;c__Deferrimicrobia;o__Deferrimicrobiales;f__Deferrimicrobiaceae;g__CSP1-8;s__CSP1-8 sp001443455	background
GCA_003696505.1	p__Desulfobacterota_E	o__J040	d__Bacteria;p__Desulfobacterota_E;c__Deferrimicrobia;o__J040;f__J040;g__J040;s__J040 sp003696505	background
GCA_016844415.1	p__Desulfobacterota_E	o__Deferrimicrobiales	d__Bacteria;p__Desulfobacterota_E;c__Deferrimicrobia;o__Deferrimicrobiales;f__Deferrimicrobiaceae;g__JAENIX01;s__JAENIX01 sp016844415	background
GCA_021812885.1	p__Desulfobacterota_E	o__Deferrimicrobiales	d__Bacteria;p__Desulfobacterota_E;c__Deferrimicrobia;o__Deferrimicrobiales;f__Deferrimicrobiaceae;g__Deferrimicrobium;s__Deferrimicrobium sp021812885	background
GCA_035256765.1	p__Desulfobacterota_E	o__Deferrimicrobiales	d__Bacteria;p__Desulfobacterota_E;c__Deferrimicrobia;o__Deferrimicrobiales;f__Deferrimicrobiaceae;g__CSP1-8;s__CSP1-8 sp035256765	background
GCA_041492035.1	p__Desulfobacterota_E	o__Deferrimicrobiales	d__Bacteria;p__Desulfobacterota_E;c__Deferrimicrobia;o__Deferrimicrobiales;f__Deferrimicrobiaceae;g__Deferrimicrobium;s__Deferrimicrobium sp041492035	background
GCA_001603955.1	p__Desulfobacterota_G	o__Syntrophorhabdales	d__Bacteria;p__Desulfobacterota_G;c__Syntrophorhabdia;o__Syntrophorhabdales;f__Syntrophorhabdaceae;g__Delta-02;s__Delta-02 sp001603955	background
GCA_002328485.1	p__Desulfobacterota_G	o__Syntrophorhabdales	d__Bacteria;p__Desulfobacterota_G;c__Syntrophorhabdia;o__Syntrophorhabdales;f__WCHB1-27;g__WCHB1-27;s__WCHB1-27 sp002328485	background
GCA_012719415.1	p__Desulfobacterota_G	o__Syntrophorhabdales	d__Bacteria;p__Desulfobacterota_G;c__Syntrophorhabdia;o__Syntrophorhabdales;f__Syntrophorhabdaceae;g__Delta-02;s__Delta-02 sp012719415	background
GCA_026388245.1	p__Desulfobacterota_G	o__Syntrophorhabdales	d__Bacteria;p__Desulfobacterota_G;c__Syntrophorhabdia;o__Syntrophorhabdales;f__Syntrophorhabdaceae;g__MWEV01;s__MWEV01 sp026388245	background
GCA_029553295.1	p__Desulfobacterota_G	o__Syntrophorhabdales	d__Bacteria;p__Desulfobacterota_G;c__Syntrophorhabdia;o__Syntrophorhabdales;f__Syntrophorhabdaceae;g__DTOV01;s__DTOV01 sp029553295	background
GCA_036504895.1	p__Desulfobacterota_G	o__Syntrophorhabdales	d__Bacteria;p__Desulfobacterota_G;c__Syntrophorhabdia;o__Syntrophorhabdales;f__Syntrophorhabdaceae;g__PNOM01;s__PNOM01 sp036504895	background
GCA_000226255.2	p__Desulfobacterota_I	o__Desulfovibrionales	d__Bacteria;p__Desulfobacterota_I;c__Desulfovibrionia;o__Desulfovibrionales;f__Desulfovibrionaceae;g__Cupidesulfovibrio;s__Cupidesulfovibrio sp000226255	background
GCA_003558575.1	p__Desulfobacterota_I	o__Desulfovibrionales	d__Bacteria;p__Desulfobacterota_I;c__Desulfovibrionia;o__Desulfovibrionales;f__Desulfonatronovibrionaceae;g__Desulfonatronovibrio;s__Desulfonatronovibrio sp003558575	background
GCA_015709205.1	p__Desulfobacterota_I	o__Desulfovibrionales	d__Bacteria;p__Desulfobacterota_I;c__Desulfovibrionia;o__Desulfovibrionales;f__Desulfovibrionaceae;g__JACCQO01;s__JACCQO01 sp015709205	background
GCA_018817515.1	p__Desulfobacterota_I	o__Desulfovibrionales	d__Bacteria;p__Desulfobacterota_I;c__Desulfovibrionia;o__Desulfovibrionales;f__Desulfovibrionaceae;g__Humidesulfovibrio;s__Humidesulfovibrio sp018817515	background
GCA_022839785.1	p__Desulfobacterota_I	o__Desulfovibrionales	d__Bacteria;p__Desulfobacterota_I;c__Desulfovibrionia;o__Desulfovibrionales;f__Desulfovibrionaceae;g__Alkalidesulfovibrio;s__Alkalidesulfovibrio sp022839785	background
GCA_028689675.1	p__Desulfobacterota_I	o__Desulfovibrionales	d__Bacteria;p__Desulfobacterota_I;c__Desulfovibrionia;o__Desulfovibrionales;f__Desulfovibrionaceae;g__JAQVCS01;s__JAQVCS01 sp028689675	background
GCA_031271265.1	p__Desulfobacterota_I	o__Desulfovibrionales	d__Bacteria;p__Desulfobacterota_I;c__Desulfovibrionia;o__Desulfovibrionales;f__Desulfovibrionaceae;g__Frigididesulfovibrio;s__Frigididesulfovibrio sp031271265	background
GCA_031549405.1	p__Desulfobacterota_I	o__Desulfovibrionales	d__Bacteria;p__Desulfobacterota_I;c__Desulfovibrionia;o__Desulfovibrionales;f__Desulfovibrionaceae;g__Frigididesulfovibrio;s__Frigididesulfovibrio sp031549405	background
GCA_040307025.1	p__Desulfobacterota_I	o__Desulfovibrionales	d__Bacteria;p__Desulfobacterota_I;c__Desulfovibrionia;o__Desulfovibrionales;f__Desulfovibrionaceae;g__Solidesulfovibrio;s__Solidesulfovibrio sp040307025	background
GCA_910579055.1	p__Desulfobacterota_I	o__Desulfovibrionales	d__Bacteria;p__Desulfobacterota_I;c__Desulfovibrionia;o__Desulfovibrionales;f__Desulfovibrionaceae;g__Mailhella;s__Mailhella sp910579055	background
GCA_945871415.1	p__Desulfobacterota_I	o__Desulfovibrionales	d__Bacteria;p__Desulfobacterota_I;c__Desulfovibrionia;o__Desulfovibrionales;f__Desulfovibrionaceae;g__Desulfovibrio;s__Desulfovibrio sp945871415	background
GCA_963667575.1	p__Desulfobacterota_I	o__Desulfovibrionales	d__Bacteria;p__Desulfobacterota_I;c__Desulfovibrionia;o__Desulfovibrionales;f__Desulfovibrionaceae;g__G963665495;s__G963665495 sp963667575	background
GCF_000420465.1	p__Desulfobacterota_I	o__Desulfovibrionales	d__Bacteria;p__Desulfobacterota_I;c__Desulfovibrionia;o__Desulfovibrionales;f__Desulfovibrionaceae;g__Desulfovibrio;s__Desulfovibrio desulfuricans	background
GCF_000934755.1	p__Desulfobacterota_I	o__Desulfovibrionales	d__Bacteria;p__Desulfobacterota_I;c__Desulfovibrionia;o__Desulfovibrionales;f__Desulfonatronovibrionaceae;g__Desulfonatronovibrio;s__Desulfonatronovibrio magnus	background
GCF_009712225.1	p__Desulfobacterota_I	o__Desulfovibrionales	d__Bacteria;p__Desulfobacterota_I;c__Desulfovibrionia;o__Desulfovibrionales;f__Desulfovibrionaceae;g__Desulfovibrio;s__Desulfovibrio sp009712225	background
GCF_018379785.1	p__Desulfobacterota_I	o__Desulfovibrionales	d__Bacteria;p__Desulfobacterota_I;c__Desulfovibrionia;o__Desulfovibrionales;f__Desulfovibrionaceae;g__Desulfovibrio;s__Desulfovibrio sp018379785	background
GCF_030282845.1	p__Desulfobacterota_I	o__Desulfovibrionales	d__Bacteria;p__Desulfobacterota_I;c__Desulfovibrionia;o__Desulfovibrionales;f__Desulfovibrionaceae;g__Pseudodesulfovibrio;s__Pseudodesulfovibrio pelocollis	background
GCF_900217235.1	p__Desulfobacterota_I	o__Desulfovibrionales	d__Bacteria;p__Desulfobacterota_I;c__Desulfovibrionia;o__Desulfovibrionales;f__Desulfovibrionaceae;g__Pseudodesulfovibrio;s__Pseudodesulfovibrio profundus	background
GCA_002878375.1	p__Dictyoglomota	o__Dictyoglomales	d__Bacteria;p__Dictyoglomota;c__Dictyoglomia;o__Dictyoglomales;f__Dictyoglomaceae;g__NZ13-RE01;s__NZ13-RE01 sp002878375	background
GCA_938034905.1	p__Dictyoglomota	o__Dictyoglomales	d__Bacteria;p__Dictyoglomota;c__Dictyoglomia;o__Dictyoglomales;f__Dictyoglomaceae;g__NZ13-RE01;s__NZ13-RE01 sp938034905	background
GCA_002254415.1	p__EX4484-52	o__EX4484-52	d__Archaea;p__EX4484-52;c__EX4484-52;o__EX4484-52;f__EX4484-52;g__EX4484-52;s__EX4484-52 sp002254415	background
GCA_015520895.1	p__EX4484-52	o__EX4484-52	d__Archaea;p__EX4484-52;c__EX4484-52;o__EX4484-52;f__JAADEF01;g__JAADEF01;s__JAADEF01 sp015520895	background
GCA_023142905.1	p__EX4484-52	o__EX4484-52	d__Archaea;p__EX4484-52;c__EX4484-52;o__EX4484-52;f__B79-G9;g__GLR112;s__GLR112 sp023142905	background
GCA_030630425.1	p__EX4484-52	o__EX4484-52	d__Archaea;p__EX4484-52;c__EX4484-52;o__EX4484-52;f__B79-G9;g__GLR112;s__GLR112 sp030630425	background
GCA_001777915.1	p__Edwardsbacteria	o__AC1	d__Bacteria;p__Edwardsbacteria;c__AC1;o__AC1;f__EtOH8;g__UBA2226;s__UBA2226 sp001777915	background
GCA_016235665.1	p__Edwardsbacteria	o__AC1	d__Bacteria;p__Edwardsbacteria;c__AC1;o__AC1;f__EtOH8;g__UBA5202;s__UBA5202 sp016235665	background
GCA_031082425.1	p__Edwardsbacteria	o__AC1	d__Bacteria;p__Edwardsbacteria;c__AC1;o__AC1;f__EtOH8;g__UBA2226;s__UBA2226 sp031082425	background
GCA_001780165.1	p__Eisenbacteria	o__RBG-16-71-46	d__Bacteria;p__Eisenbacteria;c__RBG-16-71-46;o__RBG-16-71-46;f__RBG-16-71-46;g__RBG-16-71-46;s__RBG-16-71-46 sp001780165	background
GCA_014729815.1	p__Eisenbacteria	o__CAIMUX01	d__Bacteria;p__Eisenbacteria;c__RBG-16-71-46;o__CAIMUX01;f__WJJG01;g__WJJG01;s__WJJG01 sp014729815	background
GCA_018831195.1	p__Eisenbacteria	o__CAIMUX01	d__Bacteria;p__Eisenbacteria;c__RBG-16-71-46;o__CAIMUX01;f__JAHJDP01;g__JAHJDP01;s__JAHJDP01 sp018831195	background
GCA_025360715.1	p__Eisenbacteria	o__RBG-16-71-46	d__Bacteria;p__Eisenbacteria;c__RBG-16-71-46;o__RBG-16-71-46;f__RBG-16-71-46;g__CAIXRL01;s__CAIXRL01 sp025360715	background
GCA_031370785.1	p__Eisenbacteria	o__RBG-16-71-46	d__Bacteria;p__Eisenbacteria;c__RBG-16-71-46;o__RBG-16-71-46;f__RBG-16-71-46;g__DATJGS01;s__DATJGS01 sp031370785	background
GCA_035275545.1	p__Eisenbacteria	o__RBG-16-71-46	d__Bacteria;p__Eisenbacteria;c__RBG-16-71-46;o__RBG-16-71-46;f__RBG-16-71-46;g__WS-11;s__WS-11 sp035275545	background
GCA_035631035.1	p__Eisenbacteria	o__SZUA-252	d__Bacteria;p__Eisenbacteria;c__RBG-16-71-46;o__SZUA-252;f__SZUA-252;g__DASQJL01;s__DASQJL01 sp035631035	background
GCA_036380835.1	p__Eisenbacteria	o__SZUA-252	d__Bacteria;p__Eisenbacteria;c__RBG-16-71-46;o__SZUA-252;f__SZUA-252;g__DASQJL01;s__DASQJL01 sp036380835	background
GCA_040005445.1	p__Eisenbacteria	o__RBG-16-71-46	d__Bacteria;p__Eisenbacteria;c__RBG-16-71-46;o__RBG-16-71-46;f__DASYSL01;g__JANPEF01;s__JANPEF01 sp040005445	background
GCA_002127415.1	p__Electryoneota	o__Hatepunaeales	d__Bacteria;p__Electryoneota;c__AABM5-125-24;o__Hatepunaeales;f__Hatepunaeaceae;g__AABM5-125-24;s__AABM5-125-24 sp002127415	background
GCA_016702305.1	p__Electryoneota	o__RPQS01	d__Bacteria;p__Electryoneota;c__RPQS01;o__RPQS01;f__RPQS01;g__JABWCQ01;s__JABWCQ01 sp016702305	background
GCA_018814465.1	p__Electryoneota	o__RPQS01	d__Bacteria;p__Electryoneota;c__RPQS01;o__RPQS01;f__RPQS01;g__JAHIZR01;s__JAHIZR01 sp018814465	background
GCA_020846695.1	p__Electryoneota	o__RPQS01	d__Bacteria;p__Electryoneota;c__RPQS01;o__RPQS01;f__RPQS01;g__JADLDM01;s__JADLDM01 sp020846695	background
GCA_030622545.1	p__Electryoneota	o__RPQS01	d__Bacteria;p__Electryoneota;c__RPQS01;o__RPQS01;f__DYHQ01;g__JAUXGA01;s__JAUXGA01 sp030622545	background
GCA_001799565.1	p__Elusimicrobiota	o__Elusimicrobiales	d__Bacteria;p__Elusimicrobiota;c__Elusimicrobia;o__Elusimicrobiales;f__UBA9959;g__UBA9634;s__UBA9634 sp001799565	background
GCA_001800355.1	p__Elusimicrobiota	o__Endomicrobiales	d__Bacteria;p__Elusimicrobiota;c__Endomicrobiia;o__Endomicrobiales;f__XYA2-FULL-47-53;g__XYB2-FULL-50-12;s__XYB2-FULL-50-12 sp001800355	background
GCA_003452935.1	p__Elusimicrobiota	o__UBA1565	d__Bacteria;p__Elusimicrobiota;c__Elusimicrobia;o__UBA1565;f__UBA9628;g__UBA9628;s__UBA9628 sp003452935	background
GCA_016196755.1	p__Elusimicrobiota	o__UBA1565	d__Bacteria;p__Elusimicrobiota;c__Elusimicrobia;o__UBA1565;f__UBA1565;g__SCTT01;s__SCTT01 sp016196755	background
GCA_016218545.1	p__Elusimicrobiota	o__UBA1565	d__Bacteria;p__Elusimicrobiota;c__Elusimicrobia;o__UBA1565;f__UBA9628;g__JACQWX01;s__JACQWX01 sp016218545	background
GCA_017528425.1	p__Elusimicrobiota	o__Endomicrobiales	d__Bacteria;p__Elusimicrobiota;c__Endomicrobiia;o__Endomicrobiales;f__Endomicrobiaceae;g__Ruminimicrobiellum;s__Ruminimicrobiellum sp017528425	background
GCA_020723765.1	p__Elusimicrobiota	o__Elusimicrobiales	d__Bacteria;p__Elusimicrobiota;c__Elusimicrobia;o__Elusimicrobiales;f__UBA9959;g__JAAYVG01;s__JAAYVG01 sp020723765	background
GCA_023249645.1	p__Elusimicrobiota	o__UBA1565	d__Bacteria;p__Elusimicrobiota;c__Elusimicrobia;o__UBA1565;f__UBA9628;g__UBA9628;s__UBA9628 sp023249645	background
GCA_027371715.1	p__Elusimicrobiota	o__UBA1565	d__Bacteria;p__Elusimicrobiota;c__Elusimicrobia;o__UBA1565;f__UBA9628;g__JAKAQV01;s__JAKAQV01 sp027371715	background
GCA_030651035.1	p__Elusimicrobiota	o__Elusimicrobiales	d__Bacteria;p__Elusimicrobiota;c__Elusimicrobia;o__Elusimicrobiales;f__UBA9959;g__UBA9959;s__UBA9959 sp030651035	background
GCA_031269735.1	p__Elusimicrobiota	o__Endomicrobiales	d__Bacteria;p__Elusimicrobiota;c__Endomicrobiia;o__Endomicrobiales;f__Endomicrobiaceae;g__Endomicrobiellum;s__Endomicrobiellum cubanum	background
GCA_031287855.1	p__Elusimicrobiota	o__Endomicrobiales	d__Bacteria;p__Elusimicrobiota;c__Endomicrobiia;o__Endomicrobiales;f__Endomicrobiaceae;g__Endomicrobiellum;s__Endomicrobiellum roisinitermitis	background
GCA_036676805.1	p__Elusimicrobiota	o__UBA1565	d__Bacteria;p__Elusimicrobiota;c__Elusimicrobia;o__UBA1565;f__UBA9628;g__GWA2-66-18;s__GWA2-66-18 sp036676805	background
GCA_041665305.1	p__Elusimicrobiota	o__Elusimicrobiales	d__Bacteria;p__Elusimicrobiota;c__Elusimicrobia;o__Elusimicrobiales;f__UBA9959;g__YA12-FULL-51-18;s__YA12-FULL-51-18 sp041665305	background
GCA_902794895.1	p__Elusimicrobiota	o__Elusimicrobiales	d__Bacteria;p__Elusimicrobiota;c__Elusimicrobia;o__Elusimicrobiales;f__Elusimicrobiaceae;g__Avelusimicrobium;s__Avelusimicrobium sp902794895	background
GCA_937936785.1	p__Elusimicrobiota	o__DTEH01	d__Bacteria;p__Elusimicrobiota;c__Endomicrobiia;o__DTEH01;f__DTEH01;g__CALDDQ01;s__CALDDQ01 sp937936785	background
GCA_945483375.1	p__Elusimicrobiota	o__Elusimicrobiales	d__Bacteria;p__Elusimicrobiota;c__Elusimicrobia;o__Elusimicrobiales;f__Elusimicrobiaceae;g__Avelusimicrobium;s__Avelusimicrobium sp945483375	background
GCA_003136635.1	p__FCPU426	o__Palsa-1180	d__Bacteria;p__FCPU426;c__Palsa-1180;o__Palsa-1180;f__Palsa-1180;g__Bog-1183;s__Bog-1183 sp003136635	background
GCA_023249615.1	p__FCPU426	o__Palsa-1180	d__Bacteria;p__FCPU426;c__Palsa-1180;o__Palsa-1180;f__Palsa-1180;g__PALSA-1180;s__PALSA-1180 sp023249615	background
GCA_030038835.1	p__FCPU426	o__Palsa-1180	d__Bacteria;p__FCPU426;c__Palsa-1180;o__Palsa-1180;f__Palsa-1180;g__JAJPJW01;s__JAJPJW01 sp030038835	background
GCA_001618615.1	p__Fermentibacterota	o__Fermentibacterales	d__Bacteria;p__Fermentibacterota;c__Fermentibacteria;o__Fermentibacterales;f__Fermentibacteraceae;g__Fermentibacter;s__Fermentibacter daniensis	background
GCA_013138965.1	p__Fermentibacterota	o__Fermentibacterales	d__Bacteria;p__Fermentibacterota;c__Fermentibacteria;o__Fermentibacterales;f__Fermentibacteraceae;g__Aegiribacteria;s__Aegiribacteria sp013138965	background
GCA_021108435.1	p__Fermentibacterota	o__Fermentibacterales	d__Bacteria;p__Fermentibacterota;c__Fermentibacteria;o__Fermentibacterales;f__Fermentibacteraceae;g__Aegiribacteria;s__Aegiribacteria sp021108435	background
GCA_029571005.1	p__Fermentibacterota	o__Fermentibacterales	d__Bacteria;p__Fermentibacterota;c__Fermentibacteria;o__Fermentibacterales;f__Fermentibacteraceae;g__UBA6080;s__UBA6080 sp029571005	background
GCA_030594645.1	p__Fermentibacterota	o__Fermentibacterales	d__Bacteria;p__Fermentibacterota;c__Fermentibacteria;o__Fermentibacterales;f__Fermentibacteraceae;g__Aegiribacteria;s__Aegiribacteria sp030594645	background
GCA_030620115.1	p__Fermentibacterota	o__JAFGKV01	d__Bacteria;p__Fermentibacterota;c__JAFGKV01;o__JAFGKV01;f__JAFGKV01;g__JAUXFG01;s__JAUXFG01 sp030620115	background
GCA_001045525.1	p__Fibrobacterota	o__Chitinivibrionales	d__Bacteria;p__Fibrobacterota;c__Chitinivibrionia;o__Chitinivibrionales;f__Chitinispirillaceae;g__Chitinispirillum;s__Chitinispirillum alkaliphilum	background
GCA_009784115.1	p__Fibrobacterota	o__Chitinivibrionales	d__Bacteria;p__Fibrobacterota;c__Chitinivibrionia;o__Chitinivibrionales;f__Chitinispirillaceae;g__WRCH01;s__WRCH01 sp009784115	background
GCA_014728295.1	p__Fibrobacterota	o__Chitinivibrionales	d__Bacteria;p__Fibrobacterota;c__Chitinivibrionia;o__Chitinivibrionales;f__WJKA01;g__WJLW01;s__WJLW01 sp014728295	background
GCA_017615055.1	p__Fibrobacterota	o__Fibrobacterales	d__Bacteria;p__Fibrobacterota;c__Fibrobacteria;o__Fibrobacterales;f__Fibrobacteraceae;g__Fibrobacter;s__Fibrobacter sp017615055	background
GCA_023436145.1	p__Fibrobacterota	o__Chitinivibrionales	d__Bacteria;p__Fibrobacterota;c__Chitinivibrionia;o__Chitinivibrionales;f__Chitinispirillaceae;g__JAAYPC01;s__JAAYPC01 sp023436145	background
GCA_028287465.1	p__Fibrobacterota	o__UBA11236	d__Bacteria;p__Fibrobacterota;c__Fibrobacteria;o__UBA11236;f__UBA11236;g__Chersky-265;s__Chersky-265 sp028287465	background
GCA_031283085.1	p__Fibrobacterota	o__Chitinivibrionales	d__Bacteria;p__Fibrobacterota;c__Chitinivibrionia;o__Chitinivibrionales;f__Chitinispirillaceae;g__GUT77;s__GUT77 sp031283085	background
GCA_038315885.1	p__Fibrobacterota	o__UBA11236	d__Bacteria;p__Fibrobacterota;c__Fibrobacteria;o__UBA11236;f__JBBQAD01;g__JBBQAD01;s__JBBQAD01 sp038315885	background
GCA_902779055.1	p__Fibrobacterota	o__Fibrobacterales	d__Bacteria;p__Fibrobacterota;c__Fibrobacteria;o__Fibrobacterales;f__Fibrobacteraceae;g__Fibrobacter;s__Fibrobacter succinogenes_K	background
GCA_946402415.1	p__Fibrobacterota	o__Fibrobacterales	d__Bacteria;p__Fibrobacterota;c__Fibrobacteria;o__Fibrobacterales;f__Fibrobacteraceae;g__Fibrobacter;s__Fibrobacter sp946402415	background
GCA_963660275.1	p__Fibrobacterota	o__Fibrobacterales	d__Bacteria;p__Fibrobacterota;c__Fibrobacteria;o__Fibrobacterales;f__Fibrobacteraceae;g__Hallerella;s__Hallerella sp963660275	background
GCF_900141705.1	p__Fibrobacterota	o__Fibrobacterales	d__Bacteria;p__Fibrobacterota;c__Fibrobacteria;o__Fibrobacterales;f__Fibrobacteraceae;g__Fibrobacter;s__Fibrobacter sp900141705	background
GCA_001778355.1	p__Firestonebacteria	o__D2-FULL-39-29	d__Bacteria;p__Firestonebacteria;c__D2-FULL-39-29;o__D2-FULL-39-29;f__D2-FULL-39-29;g__D2-FULL-39-29;s__D2-FULL-39-29 sp001778355	background
GCA_903861835.1	p__Firestonebacteria	o__D2-FULL-39-29	d__Bacteria;p__Firestonebacteria;c__D2-FULL-39-29;o__D2-FULL-39-29;f__CAIOVX01;g__CAIOVX01;s__CAIOVX01 sp903861835	background
GCA_000182945.1	p__Fusobacteriota	o__Fusobacteriales	d__Bacteria;p__Fusobacteriota;c__Fusobacteriia;o__Fusobacteriales;f__Fusobacteriaceae;g__Fusobacterium;s__Fusobacterium vincentii	background
GCA_019410665.1	p__Fusobacteriota	o__Fusobacteriales	d__Bacteria;p__Fusobacteriota;c__Fusobacteriia;o__Fusobacteriales;f__Fusobacteriaceae;g__Fusobacterium_A;s__Fusobacterium_A sp019410665	background
GCA_030673965.1	p__Fusobacteriota	o__Fusobacteriales	d__Bacteria;p__Fusobacteriota;c__Fusobacteriia;o__Fusobacteriales;f__Fusobacteriaceae;g__Fusobacterium_B;s__Fusobacterium_B sp030673965	background
GCA_900766645.1	p__Fusobacteriota	o__Fusobacteriales	d__Bacteria;p__Fusobacteriota;c__Fusobacteriia;o__Fusobacteriales;f__Fusobacteriaceae;g__Cetobacterium_A;s__Cetobacterium_A sp900766645	background
GCA_963663915.1	p__Fusobacteriota	o__Fusobacteriales	d__Bacteria;p__Fusobacteriota;c__Fusobacteriia;o__Fusobacteriales;f__Fusobacteriaceae;g__Ilyobacter;s__Ilyobacter sp963663915	background
GCF_000482505.1	p__Fusobacteriota	o__Fusobacteriales	d__Bacteria;p__Fusobacteriota;c__Fusobacteriia;o__Fusobacteriales;f__Leptotrichiaceae;g__Leptotrichia;s__Leptotrichia trevisanii	background
GCF_003019675.1	p__Fusobacteriota	o__Fusobacteriales	d__Bacteria;p__Fusobacteriota;c__Fusobacteriia;o__Fusobacteriales;f__Fusobacteriaceae;g__Fusobacterium_A;s__Fusobacterium_A ulcerans	background
GCF_014250675.1	p__Fusobacteriota	o__Fusobacteriales	d__Bacteria;p__Fusobacteriota;c__Fusobacteriia;o__Fusobacteriales;f__Fusobacteriaceae;g__Cetobacterium_A;s__Cetobacterium_A sp014250675	background
GCF_030295325.1	p__Fusobacteriota	o__Fusobacteriales	d__Bacteria;p__Fusobacteriota;c__Fusobacteriia;o__Fusobacteriales;f__Haliovirgaceae;g__Haliovirga;s__Haliovirga abyssi	background
GCF_900543175.1	p__Fusobacteriota	o__Fusobacteriales	d__Bacteria;p__Fusobacteriota;c__Fusobacteriia;o__Fusobacteriales;f__Fusobacteriaceae;g__Fusobacterium_A;s__Fusobacterium_A sp900543175	background
GCA_001730085.1	p__GCA-001730085	o__GCA-001730085	d__Bacteria;p__GCA-001730085;c__GCA-001730085;o__GCA-001730085;f__GCA-001730085;g__GCA-001730085;s__GCA-001730085 sp001730085	background
GCA_002686955.1	p__GCA-2686955	o__GCA-2686955	d__Bacteria;p__GCA-2686955;c__GCA-2686955;o__GCA-2686955;f__GCA-2686955;g__GCA-2686955;s__GCA-2686955 sp002686955	background
GCA_001724275.1	p__Gemmatimonadota	o__Gemmatimonadales	d__Bacteria;p__Gemmatimonadota;c__Gemmatimonadetes;o__Gemmatimonadales;f__Gemmatimonadaceae;g__SCN-70-22;s__SCN-70-22 sp001724275	background
GCA_003221805.1	p__Gemmatimonadota	o__Gemmatimonadales	d__Bacteria;p__Gemmatimonadota;c__Gemmatimonadetes;o__Gemmatimonadales;f__Gemmatimonadaceae;g__UBA4720;s__UBA4720 sp003221805	background
GCA_007692605.1	p__Gemmatimonadota	o__Longimicrobiales	d__Bacteria;p__Gemmatimonadota;c__Gemmatimonadetes;o__Longimicrobiales;f__UBA6960;g__SLBA01;s__SLBA01 sp007692605	background
GCA_013812695.1	p__Gemmatimonadota	o__Gemmatimonadales	d__Bacteria;p__Gemmatimonadota;c__Gemmatimonadetes;o__Gemmatimonadales;f__GWC2-71-9;g__JACDDX01;s__JACDDX01 sp013812695	background
GCA_016713785.1	p__Gemmatimonadota	o__Gemmatimonadales	d__Bacteria;p__Gemmatimonadota;c__Gemmatimonadetes;o__Gemmatimonadales;f__GWC2-71-9;g__JADJOM01;s__JADJOM01 sp016713785	background
GCA_019973575.1	p__Gemmatimonadota	o__Gemmatimonadales	d__Bacteria;p__Gemmatimonadota;c__Gemmatimonadetes;o__Gemmatimonadales;f__Gemmatimonadaceae;g__BPUI01;s__BPUI01 sp019973575	background
GCA_022820995.1	p__Gemmatimonadota	o__Palauibacterales	d__Bacteria;p__Gemmatimonadota;c__Gemmatimonadetes;o__Palauibacterales;f__Palauibacteraceae;g__Palauibacter;s__Palauibacter sp022820995	background
GCA_025362095.1	p__Gemmatimonadota	o__Gemmatimonadales	d__Bacteria;p__Gemmatimonadota;c__Gemmatimonadetes;o__Gemmatimonadales;f__Gemmatimonadaceae;g__Fen-1231;s__Fen-1231 sp025362095	background
GCA_028280525.1	p__Gemmatimonadota	o__Longimicrobiales	d__Bacteria;p__Gemmatimonadota;c__Gemmatimonadetes;o__Longimicrobiales;f__UBA6960;g__IDS-52;s__IDS-52 sp028280525	background
GCA_030550695.1	p__Gemmatimonadota	o__Longimicrobiales	d__Bacteria;p__Gemmatimonadota;c__Gemmatimonadetes;o__Longimicrobiales;f__UBA6960;g__JAUQOX01;s__JAUQOX01 sp030550695	background
GCA_031365555.1	p__Gemmatimonadota	o__Gemmatimonadales	d__Bacteria;p__Gemmatimonadota;c__Gemmatimonadetes;o__Gemmatimonadales;f__Gemmatimonadaceae;g__UBA4720;s__UBA4720 sp031365555	background
GCA_031431925.1	p__Gemmatimonadota	o__Gemmatimonadales	d__Bacteria;p__Gemmatimonadota;c__Gemmatimonadetes;o__Gemmatimonadales;f__GWC2-71-9;g__SHZU01;s__SHZU01 sp031431925	background
GCA_035274025.1	p__Gemmatimonadota	o__Gemmatimonadales	d__Bacteria;p__Gemmatimonadota;c__Gemmatimonadetes;o__Gemmatimonadales;f__GWC2-71-9;g__SZUA-320;s__SZUA-320 sp035274025	background
GCA_035464715.1	p__Gemmatimonadota	o__Longimicrobiales	d__Bacteria;p__Gemmatimonadota;c__Gemmatimonadetes;o__Longimicrobiales;f__UBA6960;g__IDS-52;s__IDS-52 sp035464715	background
GCA_035538515.1	p__Gemmatimonadota	o__Gemmatimonadales	d__Bacteria;p__Gemmatimonadota;c__Gemmatimonadetes;o__Gemmatimonadales;f__GWC2-71-9;g__AG41;s__AG41 sp035538515	background
GCA_035623055.1	p__Gemmatimonadota	o__Gemmatimonadales	d__Bacteria;p__Gemmatimonadota;c__Gemmatimonadetes;o__Gemmatimonadales;f__GWC2-71-9;g__JADJOM01;s__JADJOM01 sp035623055	background
GCA_035699205.1	p__Gemmatimonadota	o__Gemmatimonadales	d__Bacteria;p__Gemmatimonadota;c__Gemmatimonadetes;o__Gemmatimonadales;f__GWC2-71-9;g__JACDDX01;s__JACDDX01 sp035699205	background
GCA_035765135.1	p__Gemmatimonadota	o__Gemmatimonadales	d__Bacteria;p__Gemmatimonadota;c__Gemmatimonadetes;o__Gemmatimonadales;f__Gemmatimonadaceae;g__JAICNG01;s__JAICNG01 sp035765135	background
GCA_036270315.1	p__Gemmatimonadota	o__Gemmatimonadales	d__Bacteria;p__Gemmatimonadota;c__Gemmatimonadetes;o__Gemmatimonadales;f__GWC2-71-9;g__AG41;s__AG41 sp036270315	background
GCA_036390195.1	p__Gemmatimonadota	o__Gemmatimonadales	d__Bacteria;p__Gemmatimonadota;c__Gemmatimonadetes;o__Gemmatimonadales;f__Gemmatimonadaceae;g__UBA4720;s__UBA4720 sp036390195	background
GCA_036506035.1	p__Gemmatimonadota	o__Gemmatimonadales	d__Bacteria;p__Gemmatimonadota;c__Gemmatimonadetes;o__Gemmatimonadales;f__Gemmatimonadaceae;g__UBA4720;s__UBA4720 sp036506035	background
GCA_036679605.1	p__Gemmatimonadota	o__Gemmatimonadales	d__Bacteria;p__Gemmatimonadota;c__Gemmatimonadetes;o__Gemmatimonadales;f__GWC2-71-9;g__JAZDCZ01;s__JAZDCZ01 sp036679605	background
GCA_038208205.1	p__Gemmatimonadota	o__Gemmatimonadales	d__Bacteria;p__Gemmatimonadota;c__Gemmatimonadetes;o__Gemmatimonadales;f__Gemmatimonadaceae;g__AG11;s__AG11 sp038208205	background
GCA_038322455.1	p__Gemmatimonadota	o__Gemmatimonadales	d__Bacteria;p__Gemmatimonadota;c__Gemmatimonadetes;o__Gemmatimonadales;f__Gemmatimonadaceae;g__UBA4720;s__UBA4720 sp038322455	background
GCA_039588075.1	p__Gemmatimonadota	o__Palauibacterales	d__Bacteria;p__Gemmatimonadota;c__Gemmatimonadetes;o__Palauibacterales;f__KS3-K002;g__JBDHAL01;s__JBDHAL01 sp039588075	background
GCA_039656555.1	p__Gemmatimonadota	o__Gemmatimonadales	d__Bacteria;p__Gemmatimonadota;c__Gemmatimonadetes;o__Gemmatimonadales;f__GWC2-71-9;g__CAMYLY01;s__CAMYLY01 sp039656555	background
GCA_040002695.1	p__Gemmatimonadota	o__Gemmatimonadales	d__Bacteria;p__Gemmatimonadota;c__Gemmatimonadetes;o__Gemmatimonadales;f__GWC2-71-9;g__JBDUEA01;s__JBDUEA01 sp040002695	background
GCA_040904885.1	p__Gemmatimonadota	o__Longimicrobiales	d__Bacteria;p__Gemmatimonadota;c__Gemmatimonadetes;o__Longimicrobiales;f__UBA6960;g__JAWLHJ01;s__JAWLHJ01 sp040904885	background
GCA_041579355.1	p__Gemmatimonadota	o__Longimicrobiales	d__Bacteria;p__Gemmatimonadota;c__Gemmatimonadetes;o__Longimicrobiales;f__UBA6960;g__UBA2982;s__UBA2982 sp041579355	background
GCA_937871775.1	p__Gemmatimonadota	o__Gemmatimonadales	d__Bacteria;p__Gemmatimonadota;c__Gemmatimonadetes;o__Gemmatimonadales;f__GWC2-71-9;g__JADJOM01;s__JADJOM01 sp937871775	background
GCA_958296005.1	p__Gemmatimonadota	o__Longimicrobiales	d__Bacteria;p__Gemmatimonadota;c__Gemmatimonadetes;o__Longimicrobiales;f__UBA6960;g__CATQHQ01;s__CATQHQ01 sp958296005	background
GCA_002839855.1	p__Goldbacteria	o__PGYV01	d__Bacteria;p__Goldbacteria;c__PGYV01;o__PGYV01;f__PGYV01;g__PGYV01;s__PGYV01 sp002839855	background
GCA_018000835.1	p__Goldbacteria	o__PGYV01	d__Bacteria;p__Goldbacteria;c__PGYV01;o__PGYV01;f__DSYL01;g__DSYL01;s__DSYL01 sp018000835	background
GCA_029565735.1	p__Goldbacteria	o__PGYV01	d__Bacteria;p__Goldbacteria;c__PGYV01;o__PGYV01;f__PGYV01;g__PGYV01;s__PGYV01 sp029565735	background
GCA_001515185.1	p__Hadarchaeota	o__Hadarchaeales	d__Archaea;p__Hadarchaeota;c__Hadarchaeia;o__Hadarchaeales;f__Hadarchaeaceae;g__DG-33;s__DG-33 sp001515185	background
GCA_014361095.1	p__Hadarchaeota	o__Hadarchaeales	d__Archaea;p__Hadarchaeota;c__Hadarchaeia;o__Hadarchaeales;f__Hadarchaeaceae;g__Hadarchaeum;s__Hadarchaeum sp014361095	background
GCA_030016755.1	p__Hadarchaeota	o__Hadarchaeales	d__Archaea;p__Hadarchaeota;c__Hadarchaeia;o__Hadarchaeales;f__Hadarchaeaceae;g__JASEJC01;s__JASEJC01 sp030016755	background
GCA_030672285.1	p__Hadarchaeota	o__Hadarchaeales	d__Archaea;p__Hadarchaeota;c__Hadarchaeia;o__Hadarchaeales;f__Hadarchaeaceae;g__DG-33;s__DG-33 sp030672285	background
GCA_038851755.1	p__Hadarchaeota	o__Hadarchaeales	d__Archaea;p__Hadarchaeota;c__Hadarchaeia;o__Hadarchaeales;f__WYZ-LMO6;g__WYZ-LMO6;s__WYZ-LMO6 sp038851755	background
GCA_000224475.1	p__Halobacteriota	o__Halobacteriales	d__Archaea;p__Halobacteriota;c__Halobacteria;o__Halobacteriales;f__Haloferacaceae;g__Halolamina;s__Halolamina sp000224475	background
GCA_002503845.1	p__Halobacteriota	o__Halobacteriales	d__Archaea;p__Halobacteriota;c__Halobacteria;o__Halobacteriales;f__UBA12382;g__UBA12382;s__UBA12382 sp002503845	background
GCA_003023185.1	p__Halobacteriota	o__Halobacteriales	d__Archaea;p__Halobacteriota;c__Halobacteria;o__Halobacteriales;f__Haloarculaceae;g__Halosegnis;s__Halosegnis sp003023185	background
GCA_005239175.1	p__Halobacteriota	o__Halobacteriales	d__Archaea;p__Halobacteriota;c__Halobacteria;o__Halobacteriales;f__Haloferacaceae;g__Halalkalirubrum;s__Halalkalirubrum sp005239175	background
GCA_015523665.1	p__Halobacteriota	o__Archaeoglobales	d__Archaea;p__Halobacteriota;c__Archaeoglobi;o__Archaeoglobales;f__Archaeoglobaceae;g__WAJX01;s__WAJX01 sp015523665	background
GCA_025464275.1	p__Halobacteriota	o__Alkanophagales	d__Archaea;p__Halobacteriota;c__Syntropharchaeia;o__Alkanophagales;f__Methanospirareceae;g__G60ANME1;s__G60ANME1 sp025464275	background
GCA_028679495.1	p__Halobacteriota	o__Bog-38	d__Archaea;p__Halobacteriota;c__Bog-38;o__Bog-38;f__Bog-38;g__Bog-38;s__Bog-38 sp028679495	background
GCA_030643285.1	p__Halobacteriota	o__DAOWMC01	d__Archaea;p__Halobacteriota;c__Syntropharchaeia;o__DAOWMC01;f__DAOWMC01;g__DAOWMC01;s__DAOWMC01 sp030643285	background
GCA_036626375.1	p__Halobacteriota	o__Halobacteriales	d__Archaea;p__Halobacteriota;c__Halobacteria;o__Halobacteriales;f__Haloferacaceae;g__A07HB70;s__A07HB70 sp036626375	background
GCA_964012925.1	p__Halobacteriota	o__Halobacteriales	d__Archaea;p__Halobacteriota;c__Halobacteria;o__Halobacteriales;f__UBA12382;g__UBA12382;s__UBA12382 sp964012925	background
GCF_000336815.1	p__Halobacteriota	o__Halobacteriales	d__Archaea;p__Halobacteriota;c__Halobacteria;o__Halobacteriales;f__Haloferacaceae;g__Haloferax;s__Haloferax prahovense	background
GCF_000376445.1	p__Halobacteriota	o__Halobacteriales	d__Archaea;p__Halobacteriota;c__Halobacteria;o__Halobacteriales;f__Haladaptataceae;g__Haladaptatus;s__Haladaptatus paucihalophilus	background
GCF_001469865.1	p__Halobacteriota	o__Halobacteriales	d__Archaea;p__Halobacteriota;c__Halobacteria;o__Halobacteriales;f__Haloferacaceae;g__Haloferax;s__Haloferax profundi	background
GCF_003287355.1	p__Halobacteriota	o__Halobacteriales	d__Archaea;p__Halobacteriota;c__Halobacteria;o__Halobacteriales;f__Haloferacaceae;g__Halorubrum;s__Halorubrum sp003287355	background
GCF_004681185.1	p__Halobacteriota	o__Halobacteriales	d__Archaea;p__Halobacteriota;c__Halobacteria;o__Halobacteriales;f__Haloarculaceae;g__Haloarcula;s__Haloarcula amylovorans	background
GCF_008831545.1	p__Halobacteriota	o__Halobacteriales	d__Archaea;p__Halobacteriota;c__Halobacteria;o__Halobacteriales;f__Haladaptataceae;g__Halorussus;s__Halorussus halophilus	background
GCF_013402815.2	p__Halobacteriota	o__Halobacteriales	d__Archaea;p__Halobacteriota;c__Halobacteria;o__Halobacteriales;f__Natrialbaceae;g__Natrinema;s__Natrinema halophilum	background
GCF_019823105.1	p__Halobacteriota	o__Halobacteriales	d__Archaea;p__Halobacteriota;c__Halobacteria;o__Halobacteriales;f__Haloferacaceae;g__Halobaculum;s__Halobaculum magnesiiphilum	background
GCF_023115355.1	p__Halobacteriota	o__Halobacteriales	d__Archaea;p__Halobacteriota;c__Halobacteria;o__Halobacteriales;f__Haloarculaceae;g__Halocatena;s__Halocatena salina	background
GCF_024298865.1	p__Halobacteriota	o__Halobacteriales	d__Archaea;p__Halobacteriota;c__Halobacteria;o__Halobacteriales;f__Haloarculaceae;g__Halorarius;s__Halorarius halobius	background
GCF_026248685.1	p__Halobacteriota	o__Halobacteriales	d__Archaea;p__Halobacteriota;c__Halobacteria;o__Halobacteriales;f__Haladaptataceae;g__Haladaptatus;s__Haladaptatus caseinilyticus	background
GCF_029854155.1	p__Halobacteriota	o__Methanonatronarchaeales	d__Archaea;p__Halobacteriota;c__Methanonatronarchaeia;o__Methanonatronarchaeales;f__Methanonatronarchaeaceae;g__Methanonatronarchaeum;s__Methanonatronarchaeum sp029854155	background
GCF_036626355.1	p__Halobacteriota	o__Halobacteriales	d__Archaea;p__Halobacteriota;c__Halobacteria;o__Halobacteriales;f__Haloferacaceae;g__Halolamina;s__Halolamina sp036626355	background
GCF_900102375.1	p__Halobacteriota	o__Halobacteriales	d__Archaea;p__Halobacteriota;c__Halobacteria;o__Halobacteriales;f__Haloferacaceae;g__Halorubrum;s__Halorubrum xinjiangense	background
GCA_001567115.1	p__Hinthialibacterota	o__OLB16	d__Bacteria;p__Hinthialibacterota;c__Hinthialibacteria;o__OLB16;f__OLB16;g__OLB16;s__OLB16 sp001567115	background
GCA_020632575.1	p__Hinthialibacterota	o__OLB16	d__Bacteria;p__Hinthialibacterota;c__Hinthialibacteria;o__OLB16;f__OLB16;g__JACKFH01;s__JACKFH01 sp020632575	background
GCA_030765645.1	p__Hinthialibacterota	o__Hinthialibacterales	d__Bacteria;p__Hinthialibacterota;c__Hinthialibacteria;o__Hinthialibacterales;f__Hinthialibacteraceae;g__Hinthialibacter;s__Hinthialibacter antarcticus	background
GCA_002790315.1	p__Huberarchaeota	o__Huberarchaeales	d__Archaea;p__Huberarchaeota;c__Huberarchaeia;o__Huberarchaeales;f__Huberarchaeaceae;g__Huberarchaeum;s__Huberarchaeum crystalense	background
GCA_000493945.1	p__Hydrogenedentota	o__Hydrogenedentales	d__Bacteria;p__Hydrogenedentota;c__Hydrogenedentia;o__Hydrogenedentales;f__Hydrogenedentaceae;g__Hydrogenedens;s__Hydrogenedens terephthalaticus	background
GCA_007124105.1	p__Hydrogenedentota	o__Hydrogenedentales	d__Bacteria;p__Hydrogenedentota;c__Hydrogenedentia;o__Hydrogenedentales;f__CAITNO01;g__SLFT01;s__SLFT01 sp007124105	background
GCA_016125095.1	p__Hydrogenedentota	o__Hydrogenedentales	d__Bacteria;p__Hydrogenedentota;c__Hydrogenedentia;o__Hydrogenedentales;f__JAEUWI01;g__WGMK01;s__WGMK01 sp016125095	background
GCA_020847495.1	p__Hydrogenedentota	o__Hydrogenedentales	d__Bacteria;p__Hydrogenedentota;c__Hydrogenedentia;o__Hydrogenedentales;f__SLHB01;g__JAHDWY01;s__JAHDWY01 sp020847495	background
GCA_029552745.1	p__Hydrogenedentota	o__Hydrogenedentales	d__Bacteria;p__Hydrogenedentota;c__Hydrogenedentia;o__Hydrogenedentales;f__SLHB01;g__JAKPDK01;s__JAKPDK01 sp029552745	background
GCA_034669905.1	p__Hydrogenedentota	o__Hydrogenedentales	d__Bacteria;p__Hydrogenedentota;c__Hydrogenedentia;o__Hydrogenedentales;f__JAEUWI01;g__JAEUWI01;s__JAEUWI01 sp034669905	background
GCA_041662805.1	p__Hydrogenedentota	o__Hydrogenedentales	d__Bacteria;p__Hydrogenedentota;c__Hydrogenedentia;o__Hydrogenedentales;f__SLHB01;g__JAIBAQ01;s__JAIBAQ01 sp041662805	background
GCA_937124615.1	p__Hydrogenedentota	o__Hydrogenedentales	d__Bacteria;p__Hydrogenedentota;c__Hydrogenedentia;o__Hydrogenedentales;f__Hydrogenedentaceae;g__Hydrogenedens;s__Hydrogenedens sp937124615	background
GCA_002010065.2	p__Hydrothermarchaeota	o__Hydrothermarchaeales	d__Archaea;p__Hydrothermarchaeota;c__Hydrothermarchaeia;o__Hydrothermarchaeales;f__BMS3B;g__Pyrohabitans;s__Pyrohabitans jungbluthii	background
GCA_003695745.1	p__Hydrothermarchaeota	o__Hydrothermarchaeales	d__Archaea;p__Hydrothermarchaeota;c__Hydrothermarchaeia;o__Hydrothermarchaeales;f__SZUA-236;g__J060;s__J060 sp003695745	background
GCA_015521945.1	p__Hydrothermarchaeota	o__Hydrothermarchaeales	d__Archaea;p__Hydrothermarchaeota;c__Hydrothermarchaeia;o__Hydrothermarchaeales;f__BMS3B;g__JAADFH01;s__JAADFH01 sp015521945	background
GCA_027051265.1	p__Hydrothermarchaeota	o__JALTZZ01	d__Archaea;p__Hydrothermarchaeota;c__Hydrothermarchaeia;o__JALTZZ01;f__JALUTC01;g__JALUTC01;s__JALUTC01 sp027051265	background
GCA_000402355.1	p__Iainarchaeota	o__Iainarchaeales	d__Archaea;p__Iainarchaeota;c__Iainarchaeia;o__Iainarchaeales;f__Iainarchaeaceae;g__Iainarchaeum;s__Iainarchaeum andersonii	background
GCA_013154145.1	p__Iainarchaeota	o__JAADDC01	d__Archaea;p__Iainarchaeota;c__Iainarchaeia;o__JAADDC01;f__JAADDC01;g__JAADDC01;s__JAADDC01 sp013154145	background
GCA_016931555.1	p__Iainarchaeota	o__Iainarchaeales	d__Archaea;p__Iainarchaeota;c__Iainarchaeia;o__Iainarchaeales;f__GCA-2688035;g__JAFGEM01;s__JAFGEM01 sp016931555	background
GCA_017610335.1	p__Iainarchaeota	o__Iainarchaeales	d__Archaea;p__Iainarchaeota;c__Iainarchaeia;o__Iainarchaeales;f__GCA-2688035;g__JAFCCL01;s__JAFCCL01 sp017610335	background
GCA_024277355.1	p__Iainarchaeota	o__Iainarchaeales	d__Archaea;p__Iainarchaeota;c__Iainarchaeia;o__Iainarchaeales;f__1-14-0-10-31-34;g__1-14-0-10-31-34;s__1-14-0-10-31-34 sp024277355	background
GCA_028279805.1	p__Iainarchaeota	o__Iainarchaeales	d__Archaea;p__Iainarchaeota;c__Iainarchaeia;o__Iainarchaeales;f__JANQMZ01;g__JANQMZ01;s__JANQMZ01 sp028279805	background
GCA_030634785.1	p__Iainarchaeota	o__Iainarchaeales	d__Archaea;p__Iainarchaeota;c__Iainarchaeia;o__Iainarchaeales;f__GCA-2688035;g__JAFCCL01;s__JAFCCL01 sp030634785	background
GCA_035400625.1	p__Iainarchaeota	o__CSSED10-239	d__Archaea;p__Iainarchaeota;c__Iainarchaeia;o__CSSED10-239;f__CSSED10-239;g__JAKQTP01;s__JAKQTP01 sp035400625	background
GCA_038895675.1	p__Iainarchaeota	o__Iainarchaeales	d__Archaea;p__Iainarchaeota;c__Iainarchaeia;o__Iainarchaeales;f__Iainarchaeaceae;g__UBA10205;s__UBA10205 sp038895675	background
GCA_003695505.1	p__J088	o__J088	d__Bacteria;p__J088;c__J088;o__J088;f__J088;g__J088;s__J088 sp003695505	background
GCA_009835325.1	p__JAAXHH01	o__JAAXHH01	d__Bacteria;p__JAAXHH01;c__JAAXHH01;o__JAAXHH01;f__JAAXHH01;g__JAAXHH01;s__JAAXHH01 sp009835325	background
GCA_016867335.1	p__JAAXHH01	o__JAAXHH01	d__Bacteria;p__JAAXHH01;c__JAAXHH01;o__JAAXHH01;f__JAAXHH01;g__VGJU01;s__VGJU01 sp016867335	background
GCA_026705925.1	p__JAAXHH01	o__JAAXHH01	d__Bacteria;p__JAAXHH01;c__JAAXHH01;o__JAAXHH01;f__JAAXHH01;g__JAAXHH01;s__JAAXHH01 sp026705925	background
GCA_013335425.1	p__JAAXVQ01	o__JAAXVQ01	d__Bacteria;p__JAAXVQ01;c__JAAXVQ01;o__JAAXVQ01;f__JAAXVQ01;g__JAAXVQ01;s__JAAXVQ01 sp013335425	background
GCA_030591525.1	p__JAAXVQ01	o__JAAXVQ01	d__Bacteria;p__JAAXVQ01;c__JAAXVQ01;o__JAAXVQ01;f__JAAXVQ01;g__JAUVAV01;s__JAUVAV01 sp030591525	background
GCA_013203085.1	p__JABMQX01	o__JABMQX01	d__Bacteria;p__JABMQX01;c__JABMQX01;o__JABMQX01;f__JABMQX01;g__JABMQX01;s__JABMQX01 sp013203085	background
GCA_016183025.1	p__JACPFL01	o__JACPFL01	d__Bacteria;p__JACPFL01;c__JACPFL01;o__JACPFL01;f__JACPFL01;g__JACPFL01;s__JACPFL01 sp016183025	background
GCA_016180645.1	p__JACPQY01	o__JACPQY01	d__Bacteria;p__JACPQY01;c__JACPQY01;o__JACPQY01;f__JACPQY01;g__JACPAV01;s__JACPAV01 sp016180645	background
GCA_016193065.1	p__JACPSX01	o__JACPSX01	d__Bacteria;p__JACPSX01;c__JACPSX01;o__JACPSX01;f__JACPSX01;g__JACPSX01;s__JACPSX01 sp016193065	background
GCA_016192455.1	p__JACPUC01	o__JACPUC01	d__Bacteria;p__JACPUC01;c__JACPUC01;o__JACPUC01;f__JACPUC01;g__JACPUC01;s__JACPUC01 sp016192455	background
GCA_016178055.1	p__JACPWU01	o__JACPWU01	d__Bacteria;p__JACPWU01;c__JACPWU01;o__JACPWU01;f__JACPWU01;g__JACOUC01;s__JACOUC01 sp016178055	background
GCA_016202395.1	p__JACQOV01	o__JACQOV01	d__Bacteria;p__JACQOV01;c__JACQOV01;o__JACQOV01;f__JACQOV01;g__JACQOV01;s__JACQOV01 sp016202395	background
GCA_024860865.1	p__JACRDV01	o__JACRDV01	d__Archaea;p__JACRDV01;c__JACRDV01;o__JACRDV01;f__JACRDV01;g__JACRDV01;s__JACRDV01 sp024860865	background
GCA_016209155.1	p__JACRDZ01	o__JACRDZ01	d__Bacteria;p__JACRDZ01;c__JACRDZ01;o__JACRDZ01;f__JACRDZ01;g__JACQWU01;s__JACQWU01 sp016209155	background
GCA_022562795.1	p__JADFOP01	o__JADFOP01	d__Bacteria;p__JADFOP01;c__JADFOP01;o__JADFOP01;f__JADFOP01;g__JADFOP01;s__JADFOP01 sp022562795	background
GCA_016713535.1	p__JADJOY01	o__JADJOY01	d__Bacteria;p__JADJOY01;c__JADJOY01;o__JADJOY01;f__JADJOY01;g__JADJOY01;s__JADJOY01 sp016713535	background
GCA_016929035.1	p__JAFGBW01	o__JAFGJP01	d__Bacteria;p__JAFGBW01;c__JAFGBW01;o__JAFGJP01;f__JAFGJP01;g__JAFGJP01;s__JAFGJP01 sp016929035	background
GCA_016927185.1	p__JAFGND01	o__JAFGND01	d__Bacteria;p__JAFGND01;c__JAFGND01;o__JAFGND01;f__JAFGND01;g__JAFGND01;s__JAFGND01 sp016927185	background
GCA_016926495.1	p__JAFGOL01	o__JAFGOL01	d__Bacteria;p__JAFGOL01;c__JAFGOL01;o__JAFGOL01;f__JAFGOL01;g__JAFGOL01;s__JAFGOL01 sp016926495	background
GCA_026390535.1	p__JAFGOL01	o__JAFGOL01	d__Bacteria;p__JAFGOL01;c__JAFGOL01;o__JAFGOL01;f__JAFGOL01;g__JAPLFT01;s__JAPLFT01 sp026390535	background
GCA_017999075.1	p__JAGOBX01	o__JAGOBX01	d__Bacteria;p__JAGOBX01;c__JAGOBX01;o__JAGOBX01;f__JAGOBX01;g__JAGOBX01;s__JAGOBX01 sp017999075	background
GCA_017997825.1	p__JAGOEH01	o__JAGOEH01	d__Bacteria;p__JAGOEH01;c__JAGOEH01;o__JAGOEH01;f__JAGOEH01;g__JAGOEH01;s__JAGOEH01 sp017997825	background
GCA_020434085.1	p__JAGRBM01	o__JAGRBM01	d__Bacteria;p__JAGRBM01;c__JAGRBM01;o__JAGRBM01;f__JAGRBM01;g__JAGRBM01;s__JAGRBM01 sp020434085	background
GCA_018812485.1	p__JAHJDO01	o__JAHJDO01	d__Bacteria;p__JAHJDO01;c__JAHJDO01;o__JAHJDO01;f__JAHJDO01;g__JAHJDO01;s__JAHJDO01 sp018812485	background
GCA_030631525.1	p__JAHJDO01	o__JAHJDO01	d__Bacteria;p__JAHJDO01;c__JAHJDO01;o__JAHJDO01;f__JAHJDO01;g__JAHJDO01;s__JAHJDO01 sp030631525	background
GCA_024275095.1	p__JAJRZV01	o__JAJRZV01	d__Bacteria;p__JAJRZV01;c__JAJRZV01;o__JAJRZV01;f__JAJRZV01;g__JAJRZV01;s__JAJRZV01 sp024275095	background
GCA_021157815.1	p__JAJVIF01	o__JAGGVT01	d__Bacteria;p__JAJVIF01;c__JAJVIF01;o__JAGGVT01;f__JAGGVT01;g__JAGGVT01;s__JAGGVT01 sp021157815	background
GCA_030614715.1	p__JAJVIF01	o__JAPKYR01	d__Bacteria;p__JAJVIF01;c__JAJVIF01;o__JAPKYR01;f__JAPKYR01;g__JAUWTM01;s__JAUWTM01 sp030614715	background
GCA_021790555.1	p__JAJYCY01	o__JAJYGY01	d__Bacteria;p__JAJYCY01;c__JAJYCY01;o__JAJYGY01;f__JAJYGY01;g__JAJYGY01;s__JAJYGY01 sp021790555	background
GCA_022711655.1	p__JAKLEM01	o__Ancaeobacterales	d__Bacteria;p__JAKLEM01;c__Ancaeobacteria;o__Ancaeobacterales;f__Ancaeobacteraceae;g__JAKLEM01;s__JAKLEM01 sp022711655	background
GCA_026985515.1	p__JALSQH01	o__JALSQH01	d__Bacteria;p__JALSQH01;c__JALSQH01;o__JALSQH01;f__JALSQH01;g__JALSQH01;s__JALSQH01 sp026985515	background
GCA_021787655.1	p__JAMCPX01	o__JAMCPX01	d__Bacteria;p__JAMCPX01;c__JAMCPX01;o__JAMCPX01;f__JAMCPX01;g__JAJYLM01;s__JAJYLM01 sp021787655	background
GCA_021815065.1	p__JAMCPX01	o__JAMCPX01	d__Bacteria;p__JAMCPX01;c__JAMCPX01;o__JAMCPX01;f__JAMCPX01;g__JAJYLM01;s__JAJYLM01 sp021815065	background
GCA_027063545.1	p__JAMORN01	o__JAMORN01	d__Bacteria;p__JAMORN01;c__JAMORN01;o__JAMORN01;f__JAMORN01;g__JAMORN01;s__JAMORN01 sp027063545	background
GCA_027062325.1	p__JAMOTN01	o__JAMOTN01	d__Bacteria;p__JAMOTN01;c__JAMOTN01;o__JAMOTN01;f__JAMOTN01;g__JAMOTN01;s__JAMOTN01 sp027062325	background
GCA_024655865.1	p__JANLFM01	o__JANLFM01	d__Bacteria;p__JANLFM01;c__JANLFM01;o__JANLFM01;f__JANLFM01;g__JANLFM01;s__JANLFM01 sp024655865	background
GCA_026389425.1	p__JANLFM01	o__JANLFM01	d__Bacteria;p__JANLFM01;c__JANLFM01;o__JANLFM01;f__JANLFM01;g__JAPLHV01;s__JAPLHV01 sp026389425	background
GCA_026388615.1	p__JAPLJL01	o__JAPLJL01	d__Bacteria;p__JAPLJL01;c__JAPLJL01;o__JAPLJL01;f__JAPLJL01;g__JAPLJL01;s__JAPLJL01 sp026388615	background
GCA_030609125.1	p__JAUVQV01	o__JAUVQV01	d__Bacteria;p__JAUVQV01;c__JAUVQV01;o__JAUVQV01;f__JAUVQV01;g__JAUWCW01;s__JAUWCW01 sp030609125	background
GCA_030621225.1	p__JAUXIB01	o__JAUXIB01	d__Bacteria;p__JAUXIB01;c__JAUXIB01;o__JAUXIB01;f__JAUXIB01;g__JAUXIB01;s__JAUXIB01 sp030621225	background
GCA_030620925.1	p__JAUXIQ01	o__JAUXIQ01	d__Bacteria;p__JAUXIQ01;c__JAUXIQ01;o__JAUXIQ01;f__JAUXIQ01;g__JAUXIQ01;s__JAUXIQ01 sp030620925	background
GCA_030698575.1	p__JAUYMQ01	o__JAUYMQ01	d__Bacteria;p__JAUYMQ01;c__JAUYMQ01;o__JAUYMQ01;f__JAUYMQ01;g__JAUYMQ01;s__JAUYMQ01 sp030698575	background
GCA_041687475.1	p__JAWLBW01	o__JAWLBW01	d__Bacteria;p__JAWLBW01;c__JAWLBW01;o__JAWLBW01;f__JAWLBW01;g__JAWLBW01;s__JAWLBW01 sp041687475	background
GCA_036446955.1	p__JAZFTZ01	o__JAZFTZ01	d__Bacteria;p__JAZFTZ01;c__JAZFTZ01;o__JAZFTZ01;f__JAZFTZ01;g__JAZFTZ01;s__JAZFTZ01 sp036446955	background
GCA_037439705.1	p__JBBIVP01	o__JBBIVP01	d__Bacteria;p__JBBIVP01;c__JBBIVP01;o__JBBIVP01;f__JBBIVP01;g__JBBIVP01;s__JBBIVP01 sp037439705	background
GCA_040752395.1	p__JBFMHD01	o__JBFMHD01	d__Bacteria;p__JBFMHD01;c__JBFMHD01;o__JBFMHD01;f__JBFMHD01;g__JBFMHD01;s__JBFMHD01 sp040752395	background
GCA_014728125.1	p__Joyebacterota	o__Joyebacterales	d__Bacteria;p__Joyebacterota;c__Joyebacteria;o__Joyebacterales;f__Joyebacteraceae;g__WJMD01;s__WJMD01 sp014728125	background
GCA_025774935.1	p__Joyebacterota	o__Joyebacterales	d__Bacteria;p__Joyebacterota;c__Joyebacteria;o__Joyebacterales;f__Joyebacteraceae;g__JALGVN01;s__JALGVN01 sp025774935	background
GCA_030609605.1	p__Joyebacterota	o__Joyebacterales	d__Bacteria;p__Joyebacterota;c__Joyebacteria;o__Joyebacterales;f__Joyebacteraceae;g__Joyebacterum;s__Joyebacterum sp030609605	background
GCA_003344655.1	p__Korarchaeota	o__Korarchaeales	d__Archaea;p__Korarchaeota;c__Korarchaeia;o__Korarchaeales;f__Korarchaeaceae;g__Korarchaeum;s__Korarchaeum sp003344655	background
GCA_021158805.1	p__Korarchaeota	o__Korarchaeales	d__Archaea;p__Korarchaeota;c__Korarchaeia;o__Korarchaeales;f__Korarchaeaceae;g__WALU01;s__WALU01 sp021158805	background
GCA_027491435.1	p__Korarchaeota	o__Korarchaeales	d__Archaea;p__Korarchaeota;c__Korarchaeia;o__Korarchaeales;f__Korarchaeaceae;g__JAOZFG01;s__JAOZFG01 sp027491435	background
GCA_027492035.1	p__Korarchaeota	o__JAOZGF01	d__Archaea;p__Korarchaeota;c__JAOZGF01;o__JAOZGF01;f__JAOZFZ01;g__JAOZFT01;s__JAOZFT01 sp027492035	background
GCA_037917635.1	p__Korarchaeota	o__Korarchaeales	d__Archaea;p__Korarchaeota;c__Korarchaeia;o__Korarchaeales;f__QMVU01;g__QMVU01;s__QMVU01 sp037917635	background
GCA_002085285.1	p__Krumholzibacteriota	o__Krumholzibacteriales	d__Bacteria;p__Krumholzibacteriota;c__Krumholzibacteriia;o__Krumholzibacteriales;f__Krumholzibacteriaceae;g__4484-7;s__4484-7 sp002085285	background
GCA_016703265.1	p__Krumholzibacteriota	o__LZORAL124-64-63	d__Bacteria;p__Krumholzibacteriota;c__Krumholzibacteriia;o__LZORAL124-64-63;f__LZORAL124-64-63;g__CAINDZ01;s__CAINDZ01 sp016703265	background
GCA_018652925.1	p__Krumholzibacteriota	o__LZORAL124-64-63	d__Bacteria;p__Krumholzibacteriota;c__Krumholzibacteriia;o__LZORAL124-64-63;f__LZORAL124-64-63;g__JABIBH01;s__JABIBH01 sp018652925	background
GCA_020718045.1	p__Krumholzibacteriota	o__LZORAL124-64-63	d__Bacteria;p__Krumholzibacteriota;c__Krumholzibacteriia;o__LZORAL124-64-63;f__LZORAL124-64-63;g__PNOJ01;s__PNOJ01 sp020718045	background
GCA_024762975.1	p__Krumholzibacteriota	o__LZORAL124-64-63	d__Bacteria;p__Krumholzibacteriota;c__Krumholzibacteriia;o__LZORAL124-64-63;f__LZORAL124-64-63;g__JANTGJ01;s__JANTGJ01 sp024762975	background
GCA_029935695.1	p__Krumholzibacteriota	o__LZORAL124-64-63	d__Bacteria;p__Krumholzibacteriota;c__Krumholzibacteriia;o__LZORAL124-64-63;f__LZORAL124-64-63;g__LZORAL124-64-63;s__LZORAL124-64-63 sp029935695	background
GCA_030658975.1	p__Krumholzibacteriota	o__LZORAL124-64-63	d__Bacteria;p__Krumholzibacteriota;c__Krumholzibacteriia;o__LZORAL124-64-63;f__LZORAL124-64-63;g__PNOJ01;s__PNOJ01 sp030658975	background
GCA_035605755.1	p__Krumholzibacteriota	o__WVZY01	d__Bacteria;p__Krumholzibacteriota;c__Krumholzibacteriia;o__WVZY01;f__JAKEHA01;g__JAKEHA01;s__JAKEHA01 sp035605755	background
GCA_041309565.1	p__Krumholzibacteriota	o__Krumholzibacteriales	d__Bacteria;p__Krumholzibacteriota;c__Krumholzibacteriia;o__Krumholzibacteriales;f__Krumholzibacteriaceae;g__SSS58A;s__SSS58A sp041309565	background
GCA_000403035.1	p__Latescibacterota	o__Latescibacterales	d__Bacteria;p__Latescibacterota;c__Latescibacteria;o__Latescibacterales;f__Latescibacteraceae;g__Latescibacter;s__Latescibacter anaerobius	background
GCA_003645885.1	p__Latescibacterota	o__B68-G9	d__Bacteria;p__Latescibacterota;c__4484-107;o__B68-G9;f__B68-G9;g__B68-G9;s__B68-G9 sp003645885	background
GCA_016187725.1	p__Latescibacterota	o__UBA8231	d__Bacteria;p__Latescibacterota;c__UBA2968;o__UBA8231;f__UBA8231;g__SICG01;s__SICG01 sp016187725	background
GCA_022820485.1	p__Latescibacterota	o__UBA8231	d__Bacteria;p__Latescibacterota;c__UBA2968;o__UBA8231;f__UBA8231;g__GCA-2724215;s__GCA-2724215 sp022820485	background
GCA_027593305.1	p__Latescibacterota	o__UBA8231	d__Bacteria;p__Latescibacterota;c__UBA2968;o__UBA8231;f__UBA8231;g__UBA8231;s__UBA8231 sp027593305	background
GCA_030629295.1	p__Latescibacterota	o__MVCY01	d__Bacteria;p__Latescibacterota;c__MVCY01;o__MVCY01;f__MVCY01;g__MVCY01;s__MVCY01 sp030629295	background
GCA_038279365.1	p__Latescibacterota	o__UBA2968	d__Bacteria;p__Latescibacterota;c__UBA2968;o__UBA2968;f__UBA2968;g__JABIFK01;s__JABIFK01 sp038279365	background
GCA_958295495.1	p__Latescibacterota	o__UBA8231	d__Bacteria;p__Latescibacterota;c__UBA2968;o__UBA8231;f__UBA8231;g__GCA-2724215;s__GCA-2724215 sp958295495	background
GCA_003170555.1	p__Lernaellota	o__Lernaellales	d__Bacteria;p__Lernaellota;c__Lernaellaia;o__Lernaellales;f__Lernaellaceae;g__FEN-1099;s__FEN-1099 sp003170555	background
GCA_030765525.1	p__Lernaellota	o__Lernaellales	d__Bacteria;p__Lernaellota;c__Lernaellaia;o__Lernaellales;f__Lernaellaceae;g__Lernaella;s__Lernaella stagnicola	background
GCA_001784175.1	p__Lindowbacteria	o__2-12-FULL-62-27	d__Bacteria;p__Lindowbacteria;c__2-12-FULL-62-27;o__2-12-FULL-62-27;f__2-12-FULL-62-27;g__2-12-FULL-62-27;s__2-12-FULL-62-27 sp001784175	background
GCA_018725125.1	p__Lithacetigenota	o__HKB111	d__Bacteria;p__Lithacetigenota;c__HKB111;o__HKB111;f__HKB111;g__Lithacetigena;s__Lithacetigena formicireducens	background
GCA_001771365.1	p__Margulisbacteria	o__O2-12-FULL-45-9	d__Bacteria;p__Margulisbacteria;c__WOR-1;o__O2-12-FULL-45-9;f__O2-12-FULL-45-9;g__O2-12-FULL-45-9-A;s__O2-12-FULL-45-9-A sp001771365	background
GCA_002716485.1	p__Margulisbacteria	o__GCA-2716485	d__Bacteria;p__Margulisbacteria;c__Marinamargulisbacteria;o__GCA-2716485;f__GCA-2716485;g__GCA-2716485;s__GCA-2716485 sp002716485	background
GCA_010028705.1	p__Margulisbacteria	o__SXXA01	d__Bacteria;p__Margulisbacteria;c__Marinamargulisbacteria;o__SXXA01;f__SXXA01;g__RHAI01;s__RHAI01 sp010028705	background
GCA_018700055.1	p__Margulisbacteria	o__UBA817	d__Bacteria;p__Margulisbacteria;c__Marinamargulisbacteria;o__UBA817;f__JABISL01;g__JABISL01;s__JABISL01 sp018700055	background
GCA_024225875.1	p__Margulisbacteria	o__JAAEMD01	d__Bacteria;p__Margulisbacteria;c__Marinamargulisbacteria;o__JAAEMD01;f__JAAEMD01;g__JAAEMD01;s__JAAEMD01 sp024225875	background
GCA_031267055.1	p__Margulisbacteria	o__Termititenacales	d__Bacteria;p__Margulisbacteria;c__Termititenacia;o__Termititenacales;f__Termititenacaceae;g__Termititenax;s__Termititenax sp031267055	background
GCA_041649975.1	p__Margulisbacteria	o__O2-12-FULL-45-9	d__Bacteria;p__Margulisbacteria;c__WOR-1;o__O2-12-FULL-45-9;f__XYB2-FULL-48-7;g__XYB2-FULL-45-9;s__XYB2-FULL-45-9 sp041649975	background
GCA_903910705.1	p__Margulisbacteria	o__GWF2-35-9	d__Bacteria;p__Margulisbacteria;c__Riflemargulisbacteria;o__GWF2-35-9;f__GWF2-35-9;g__CAIWAN01;s__CAIWAN01 sp903910705	background
GCA_000402655.1	p__Marinisomatota	o__Marinisomatales	d__Bacteria;p__Marinisomatota;c__Marinisomatia;o__Marinisomatales;f__Marinisomataceae;g__Marinisoma;s__Marinisoma sp000402655	background
GCA_002329125.1	p__Marinisomatota	o__Marinisomatales	d__Bacteria;p__Marinisomatota;c__Marinisomatia;o__Marinisomatales;f__S15-B10;g__UBA2125;s__UBA2125 sp002329125	background
GCA_002701785.1	p__Marinisomatota	o__Marinisomatales	d__Bacteria;p__Marinisomatota;c__Marinisomatia;o__Marinisomatales;f__TCS55;g__GCA-002701945;s__GCA-002701945 sp002701785	background
GCA_002718585.1	p__Marinisomatota	o__SCGC-AAA003-L08	d__Bacteria;p__Marinisomatota;c__Marinisomatia;o__SCGC-AAA003-L08;f__GCA-002707645;g__GCA-2717625;s__GCA-2717625 sp002718585	background
GCA_004321745.1	p__Marinisomatota	o__Marinisomatales	d__Bacteria;p__Marinisomatota;c__Marinisomatia;o__Marinisomatales;f__UBA1611;g__TMED80;s__TMED80 sp002170405	background
GCA_014239435.1	p__Marinisomatota	o__Marinisomatales	d__Bacteria;p__Marinisomatota;c__Marinisomatia;o__Marinisomatales;f__TCS55;g__JAAZYX01;s__JAAZYX01 sp014239435	background
GCA_016934035.1	p__Marinisomatota	o__UBA2242	d__Bacteria;p__Marinisomatota;c__UBA2242;o__UBA2242;f__JAFGTP01;g__JAFGTP01;s__JAFGTP01 sp016934035	background
GCA_018674655.1	p__Marinisomatota	o__Marinisomatales	d__Bacteria;p__Marinisomatota;c__Marinisomatia;o__Marinisomatales;f__TCS55;g__TCS55;s__TCS55 sp018674655	background
GCA_022560655.1	p__Marinisomatota	o__SCGC-AAA003-L08	d__Bacteria;p__Marinisomatota;c__Marinisomatia;o__SCGC-AAA003-L08;f__TS1B11;g__JADFSS01;s__JADFSS01 sp022560655	background
GCA_028699915.1	p__Marinisomatota	o__AB16	d__Bacteria;p__Marinisomatota;c__AB16;o__AB16;f__46-47;g__M50B103;s__M50B103 sp028699915	background
GCA_030629925.1	p__Marinisomatota	o__AB16	d__Bacteria;p__Marinisomatota;c__AB16;o__AB16;f__46-47;g__M50B103;s__M50B103 sp030629925	background
GCA_036163755.1	p__Marinisomatota	o__Marinisomatales	d__Bacteria;p__Marinisomatota;c__Marinisomatia;o__Marinisomatales;f__TCS55;g__GCA-002713455;s__GCA-002713455 sp036163755	background
GCA_902542445.1	p__Marinisomatota	o__Marinisomatales	d__Bacteria;p__Marinisomatota;c__Marinisomatia;o__Marinisomatales;f__TCS55;g__TMED144;s__TMED144 sp902542445	background
GCA_913043235.1	p__Marinisomatota	o__Marinisomatales	d__Bacteria;p__Marinisomatota;c__Marinisomatia;o__Marinisomatales;f__UBA1611;g__UBA2134;s__UBA2134 sp913043235	background
GCA_008086245.1	p__Mcinerneyibacteriota	o__Mcinerneyibacteriales	d__Bacteria;p__Mcinerneyibacteriota;c__Mcinerneyibacteria;o__Mcinerneyibacteriales;f__Mcinerneyibacteriaceae;g__Mcinerneyibacterium;s__Mcinerneyibacterium aminivorans	background
GCA_002009975.1	p__Methanobacteriota_B	o__Thermococcales	d__Archaea;p__Methanobacteriota_B;c__Thermococci;o__Thermococcales;f__Thermococcaceae;g__Thermococcus_C;s__Thermococcus_C sp002009975	background
GCA_021160985.1	p__Methanobacteriota_B	o__Thermococcales	d__Archaea;p__Methanobacteriota_B;c__Thermococci;o__Thermococcales;f__Thermococcaceae;g__Thermococcus;s__Thermococcus sp021160985	background
GCF_000009965.1	p__Methanobacteriota_B	o__Thermococcales	d__Archaea;p__Methanobacteriota_B;c__Thermococci;o__Thermococcales;f__Thermococcaceae;g__Thermococcus;s__Thermococcus kodakarensis	background
GCF_000258515.1	p__Methanobacteriota_B	o__Thermococcales	d__Archaea;p__Methanobacteriota_B;c__Thermococci;o__Thermococcales;f__Thermococcaceae;g__Thermococcus;s__Thermococcus zilligii	background
GCF_001577775.1	p__Methanobacteriota_B	o__Thermococcales	d__Archaea;p__Methanobacteriota_B;c__Thermococci;o__Thermococcales;f__Thermococcaceae;g__Pyrococcus;s__Pyrococcus kukulkanii	background
GCF_002214585.1	p__Methanobacteriota_B	o__Thermococcales	d__Archaea;p__Methanobacteriota_B;c__Thermococci;o__Thermococcales;f__Thermococcaceae;g__Thermococcus;s__Thermococcus profundus	background
GCF_012027635.1	p__Methanobacteriota_B	o__Thermococcales	d__Archaea;p__Methanobacteriota_B;c__Thermococci;o__Thermococcales;f__Thermococcaceae;g__Thermococcus;s__Thermococcus sp012027635	background
GCF_026991495.1	p__Methanobacteriota_B	o__Thermococcales	d__Archaea;p__Methanobacteriota_B;c__Thermococci;o__Thermococcales;f__Thermococcaceae;g__Thermococcus;s__Thermococcus sp026991495	background
GCA_000091165.1	p__Methylomirabilota	o__Methylomirabilales	d__Bacteria;p__Methylomirabilota;c__Methylomirabilia;o__Methylomirabilales;f__Methylomirabilaceae;g__Methylomirabilis;s__Methylomirabilis oxygeniifera	background
GCA_003220195.1	p__Methylomirabilota	o__Rokubacteriales	d__Bacteria;p__Methylomirabilota;c__Methylomirabilia;o__Rokubacteriales;f__CSP1-6;g__AR8;s__AR8 sp003220195	background
GCA_003221515.1	p__Methylomirabilota	o__Rokubacteriales	d__Bacteria;p__Methylomirabilota;c__Methylomirabilia;o__Rokubacteriales;f__CSP1-6;g__AR31;s__AR31 sp003221515	background
GCA_016184305.1	p__Methylomirabilota	o__Rokubacteriales	d__Bacteria;p__Methylomirabilota;c__Methylomirabilia;o__Rokubacteriales;f__CSP1-6;g__UBA12499;s__UBA12499 sp016184305	background
GCA_016209425.1	p__Methylomirabilota	o__Rokubacteriales	d__Bacteria;p__Methylomirabilota;c__Methylomirabilia;o__Rokubacteriales;f__CSP1-6;g__JACQWA01;s__JACQWA01 sp016209425	background
GCA_026387775.1	p__Methylomirabilota	o__Methylomirabilales	d__Bacteria;p__Methylomirabilota;c__Methylomirabilia;o__Methylomirabilales;f__2-02-FULL-66-22;g__2-02-FULL-66-22;s__2-02-FULL-66-22 sp026387775	background
GCA_035311385.1	p__Methylomirabilota	o__Rokubacteriales	d__Bacteria;p__Methylomirabilota;c__Methylomirabilia;o__Rokubacteriales;f__CSP1-6;g__AR37;s__AR37 sp035311385	background
GCA_035569855.1	p__Methylomirabilota	o__Rokubacteriales	d__Bacteria;p__Methylomirabilota;c__Methylomirabilia;o__Rokubacteriales;f__CSP1-6;g__CAMLFJ01;s__CAMLFJ01 sp035569855	background
GCA_035764725.1	p__Methylomirabilota	o__Rokubacteriales	d__Bacteria;p__Methylomirabilota;c__Methylomirabilia;o__Rokubacteriales;f__CSP1-6;g__DASRWT01;s__DASRWT01 sp035764725	background
GCA_036556905.1	p__Methylomirabilota	o__Rokubacteriales	d__Bacteria;p__Methylomirabilota;c__Methylomirabilia;o__Rokubacteriales;f__CSP1-6;g__40CM-4-69-5;s__40CM-4-69-5 sp036556905	background
GCA_041492755.1	p__Methylomirabilota	o__Rokubacteriales	d__Bacteria;p__Methylomirabilota;c__Methylomirabilia;o__Rokubacteriales;f__CSP1-6;g__JBGPXN01;s__JBGPXN01 sp041492755	background
GCA_001871475.1	p__Micrarchaeota	o__Anstonellales	d__Archaea;p__Micrarchaeota;c__Micrarchaeia;o__Anstonellales;f__CG1-02-47-40;g__CG1-02-47-40;s__CG1-02-47-40 sp001871475	background
GCA_013426015.1	p__Micrarchaeota	o__Fermentimicrarchaeales	d__Archaea;p__Micrarchaeota;c__Micrarchaeia;o__Fermentimicrarchaeales;f__Fermentimicrarchaeaceae;g__Fermentimicrarchaeum;s__Fermentimicrarchaeum limneticum	background
GCA_016932815.1	p__Micrarchaeota	o__Anstonellales	d__Archaea;p__Micrarchaeota;c__Micrarchaeia;o__Anstonellales;f__Bilamarchaeaceae;g__CAIKOA01;s__CAIKOA01 sp016932815	background
GCA_021654395.1	p__Micrarchaeota	o__Micrarchaeales	d__Archaea;p__Micrarchaeota;c__Micrarchaeia;o__Micrarchaeales;f__Micrarchaeaceae;g__ARM-1;s__ARM-1 sp021654395	background
GCA_021797575.1	p__Micrarchaeota	o__Micrarchaeales	d__Archaea;p__Micrarchaeota;c__Micrarchaeia;o__Micrarchaeales;f__Micrarchaeaceae;g__JAMCYB01;s__JAMCYB01 sp021797575	background
GCA_021807115.1	p__Micrarchaeota	o__Micrarchaeales	d__Archaea;p__Micrarchaeota;c__Micrarchaeia;o__Micrarchaeales;f__Micrarchaeaceae;g__JAJZYD01;s__JAJZYD01 sp021807115	background
GCA_021818925.1	p__Micrarchaeota	o__Micrarchaeales	d__Archaea;p__Micrarchaeota;c__Micrarchaeia;o__Micrarchaeales;f__CABMGC01;g__JAJYVH01;s__JAJYVH01 sp021818925	background
GCA_021850625.1	p__Micrarchaeota	o__Micrarchaeales	d__Archaea;p__Micrarchaeota;c__Micrarchaeia;o__Micrarchaeales;f__CABMGC01;g__JAJZOD01;s__JAJZOD01 sp021850625	background
GCA_023474155.1	p__Micrarchaeota	o__Micrarchaeales	d__Archaea;p__Micrarchaeota;c__Micrarchaeia;o__Micrarchaeales;f__Micrarchaeaceae;g__JAJZMY01;s__JAJZMY01 sp023474155	background
GCA_026413965.1	p__Micrarchaeota	o__Anstonellales	d__Archaea;p__Micrarchaeota;c__Micrarchaeia;o__Anstonellales;f__Anstonellaceae;g__SKW29;s__SKW29 sp026413965	background
GCA_027344745.1	p__Micrarchaeota	o__Micrarchaeales	d__Archaea;p__Micrarchaeota;c__Micrarchaeia;o__Micrarchaeales;f__Micrarchaeaceae;g__JAMCYW01;s__JAMCYW01 sp027344745	background
GCA_028866935.1	p__Micrarchaeota	o__Micrarchaeales	d__Archaea;p__Micrarchaeota;c__Micrarchaeia;o__Micrarchaeales;f__CABMGC01;g__JAJZNA01;s__JAJZNA01 sp028866935	background
GCA_030666035.1	p__Micrarchaeota	o__Anstonellales	d__Archaea;p__Micrarchaeota;c__Micrarchaeia;o__Anstonellales;f__Bilamarchaeaceae;g__CAIKOA01;s__CAIKOA01 sp030666035	background
GCA_038729265.1	p__Micrarchaeota	o__Micrarchaeales	d__Archaea;p__Micrarchaeota;c__Micrarchaeia;o__Micrarchaeales;f__Micrarchaeaceae;g__Micrarchaeum_A;s__Micrarchaeum_A sp038729265	background
GCA_038881595.1	p__Micrarchaeota	o__CABMEP01	d__Archaea;p__Micrarchaeota;c__Micrarchaeia;o__CABMEP01;f__CABMEP01;g__DTQF01;s__DTQF01 sp038881595	background
GCA_041305425.1	p__Micrarchaeota	o__Anstonellales	d__Archaea;p__Micrarchaeota;c__Micrarchaeia;o__Anstonellales;f__Bilamarchaeaceae;g__CAILMQ01;s__CAILMQ01 sp041305425	background
GCA_902384585.1	p__Micrarchaeota	o__Anstonellales	d__Archaea;p__Micrarchaeota;c__Micrarchaeia;o__Anstonellales;f__Anstonellaceae;g__Anstonella;s__Anstonella stagnisolia	background
GCA_000739515.1	p__Moduliflexota	o__Moduliflexales	d__Bacteria;p__Moduliflexota;c__Moduliflexia;o__Moduliflexales;f__Moduliflexaceae;g__Moduliflexus;s__Moduliflexus flocculans	background
GCA_030550175.1	p__Moduliflexota	o__Moduliflexales	d__Bacteria;p__Moduliflexota;c__Moduliflexia;o__Moduliflexales;f__JAUQPW01;g__JAUQPW01;s__JAUQPW01 sp030550175	background
GCA_001787855.1	p__Muiribacteriota	o__Ozemobacterales	d__Bacteria;p__Muiribacteriota;c__Ozemobacteria;o__Ozemobacterales;f__Ozemobacteraceae;g__Rifleibacterium;s__Rifleibacterium sp001787855	background
GCA_002839445.1	p__Muiribacteriota	o__Ozemobacterales	d__Bacteria;p__Muiribacteriota;c__Ozemobacteria;o__Ozemobacterales;f__Ozemobacteraceae;g__Rifleibacterium;s__Rifleibacterium sp002839445	background
GCA_015233565.1	p__Muiribacteriota	o__Ozemobacterales	d__Bacteria;p__Muiribacteriota;c__Ozemobacteria;o__Ozemobacterales;f__Ozemobacteraceae;g__JADFXM01;s__JADFXM01 sp015233565	background
GCA_020722725.1	p__Muiribacteriota	o__Ozemobacterales	d__Bacteria;p__Muiribacteriota;c__Ozemobacteria;o__Ozemobacterales;f__Ozemobacteraceae;g__DYKG01;s__DYKG01 sp020722725	background
GCA_028711905.1	p__Muiribacteriota	o__JAQTZZ01	d__Bacteria;p__Muiribacteriota;c__JAQTZZ01;o__JAQTZZ01;f__JAQTZZ01;g__JAQTRI01;s__JAQTRI01 sp028711905	background
GCA_036339875.1	p__Muiribacteriota	o__UBA6191	d__Bacteria;p__Muiribacteriota;c__UBA6191;o__UBA6191;f__UBA6191;g__JAYZAC01;s__JAYZAC01 sp036339875	background
GCA_001303415.1	p__Myxococcota	o__Polyangiales	d__Bacteria;p__Myxococcota;c__Polyangia;o__Polyangiales;f__SG8-38;g__SG8-38;s__SG8-38 sp001303415	background
GCA_003157775.1	p__Myxococcota	o__Fen-1088	d__Bacteria;p__Myxococcota;c__Polyangia;o__Fen-1088;f__Fen-1088;g__Fen-1137;s__Fen-1137 sp003157775	background
GCA_005879535.1	p__Myxococcota	o__Myxococcales	d__Bacteria;p__Myxococcota;c__Myxococcia;o__Myxococcales;f__40CM-4-68-19;g__40CM-4-68-19;s__40CM-4-68-19 sp005879535	background
GCA_011526585.1	p__Myxococcota	o__PHBI01	d__Bacteria;p__Myxococcota;c__UBA9042;o__PHBI01;f__PHBI01;g__WYBB01;s__WYBB01 sp011526585	background
GCA_016191815.1	p__Myxococcota	o__Myxococcales	d__Bacteria;p__Myxococcota;c__Myxococcia;o__Myxococcales;f__Myxococcaceae;g__JACPVI01;s__JACPVI01 sp016191815	background
GCA_016719945.1	p__Myxococcota	o__Polyangiales	d__Bacteria;p__Myxococcota;c__Polyangia;o__Polyangiales;f__Polyangiaceae;g__CAITIQ01;s__CAITIQ01 sp016719945	background
GCA_016935665.1	p__Myxococcota	o__JAAYKL01	d__Bacteria;p__Myxococcota;c__Polyangia;o__JAAYKL01;f__JAAYKL01;g__JAFGXQ01;s__JAFGXQ01 sp016935665	background
GCA_019313915.1	p__Myxococcota	o__Polyangiales	d__Bacteria;p__Myxococcota;c__Polyangia;o__Polyangiales;f__SG8-38;g__SG8-38;s__SG8-38 sp019313915	background
GCA_020632925.1	p__Myxococcota	o__UBA796	d__Bacteria;p__Myxococcota;c__UBA796;o__UBA796;f__GCA-2862545;g__JACKER01;s__JACKER01 sp020632925	background
GCA_021784515.1	p__Myxococcota	o__Palsa-1104	d__Bacteria;p__Myxococcota;c__Polyangia;o__Palsa-1104;f__SHYY01;g__SHYY01;s__SHYY01 sp021784515	background
GCA_023248955.1	p__Myxococcota	o__Myxococcales	d__Bacteria;p__Myxococcota;c__Myxococcia;o__Myxococcales;f__JAHFDP01;g__JAHFDP01;s__JAHFDP01 sp023248955	background
GCA_025350815.1	p__Myxococcota	o__Fen-1088	d__Bacteria;p__Myxococcota;c__Polyangia;o__Fen-1088;f__Fen-1088;g__JANXXE01;s__JANXXE01 sp025350815	background
GCA_028287085.1	p__Myxococcota	o__Polyangiales	d__Bacteria;p__Myxococcota;c__Polyangia;o__Polyangiales;f__Ga0077539;g__SCUS01;s__SCUS01 sp028287085	background
GCA_030429545.1	p__Myxococcota	o__Nannocystales	d__Bacteria;p__Myxococcota;c__Polyangia;o__Nannocystales;f__Nannocystaceae;g__JACKDW01;s__JACKDW01 sp030429545	background
GCA_031415295.1	p__Myxococcota	o__Polyangiales	d__Bacteria;p__Myxococcota;c__Polyangia;o__Polyangiales;f__Polyangiaceae;g__Polyangium;s__Polyangium sp031415295	background
GCA_035345735.1	p__Myxococcota	o__Palsa-1104	d__Bacteria;p__Myxococcota;c__Polyangia;o__Palsa-1104;f__JAEUJZ01;g__JAEUJZ01;s__JAEUJZ01 sp035345735	background
GCA_035546175.1	p__Myxococcota	o__Fen-1088	d__Bacteria;p__Myxococcota;c__Polyangia;o__Fen-1088;f__Fen-1088;g__DASZFV01;s__DASZFV01 sp035546175	background
GCA_035702105.1	p__Myxococcota	o__Myxococcales	d__Bacteria;p__Myxococcota;c__Myxococcia;o__Myxococcales;f__40CM-4-68-19;g__40CM-4-68-19;s__40CM-4-68-19 sp035702105	background
GCA_036274215.1	p__Myxococcota	o__Polyangiales	d__Bacteria;p__Myxococcota;c__Polyangia;o__Polyangiales;f__Polyangiaceae;g__PMG-095;s__PMG-095 sp036274215	background
GCA_036501935.1	p__Myxococcota	o__Polyangiales	d__Bacteria;p__Myxococcota;c__Polyangia;o__Polyangiales;f__Polyangiaceae;g__Palsa-1150;s__Palsa-1150 sp036501935	background
GCA_038206395.1	p__Myxococcota	o__Myxococcales	d__Bacteria;p__Myxococcota;c__Myxococcia;o__Myxococcales;f__Myxococcaceae;g__JAGSPQ01;s__JAGSPQ01 sp038206395	background
GCA_039201085.1	p__Myxococcota	o__Polyangiales	d__Bacteria;p__Myxococcota;c__Polyangia;o__Polyangiales;f__SG8-38;g__JBCCRV01;s__JBCCRV01 sp039201085	background
GCA_040394315.1	p__Myxococcota	o__Bradymonadales	d__Bacteria;p__Myxococcota;c__Bradymonadia;o__Bradymonadales;f__Bradymonadaceae;g__JACCWM01;s__JACCWM01 sp040394315	background
GCA_041656175.1	p__Myxococcota	o__UBA4248	d__Bacteria;p__Myxococcota;c__Bradymonadia;o__UBA4248;f__UBA4248;g__JBBAEA01;s__JBBAEA01 sp041656175	background
GCA_903911145.1	p__Myxococcota	o__Myxococcales	d__Bacteria;p__Myxococcota;c__Myxococcia;o__Myxococcales;f__40CM-4-68-19;g__CAIWCD01;s__CAIWCD01 sp903911145	background
GCA_937910285.1	p__Myxococcota	o__Myxococcales	d__Bacteria;p__Myxococcota;c__Myxococcia;o__Myxococcales;f__UBA5297;g__UBA10939;s__UBA10939 sp002408385	background
GCA_947473045.1	p__Myxococcota	o__Polyangiales	d__Bacteria;p__Myxococcota;c__Polyangia;o__Polyangiales;f__Polyangiaceae;g__JANYHY01;s__JANYHY01 sp947473045	background
GCA_964202365.1	p__Myxococcota	o__UBA796	d__Bacteria;p__Myxococcota;c__UBA796;o__UBA796;f__SXON01;g__CAJBVW01;s__CAJBVW01 sp964202365	background
GCF_003611695.1	p__Myxococcota	o__Myxococcales	d__Bacteria;p__Myxococcota;c__Myxococcia;o__Myxococcales;f__Myxococcaceae;g__Corallococcus;s__Corallococcus carmarthensis	background
GCF_021631985.1	p__Myxococcota	o__Polyangiales	d__Bacteria;p__Myxococcota;c__Polyangia;o__Polyangiales;f__Sandaracinaceae;g__Sandaracinus;s__Sandaracinus amylolyticus_A	background
GCA_002170485.2	p__Myxococcota_A	o__UBA9160	d__Bacteria;p__Myxococcota_A;c__UBA9160;o__UBA9160;f__UBA4427;g__MED660;s__MED660 sp002691025	background
GCA_012959665.1	p__Myxococcota_A	o__UBA9160	d__Bacteria;p__Myxococcota_A;c__UBA9160;o__UBA9160;f__UBA4427;g__JAZXM01;s__JAZXM01 sp012959665	background
GCA_019310965.1	p__Myxococcota_A	o__UBA9160	d__Bacteria;p__Myxococcota_A;c__UBA9160;o__UBA9160;f__SMWR01;g__GCA-2729515;s__GCA-2729515 sp019310965	background
GCA_022571825.1	p__Myxococcota_A	o__UBA9160	d__Bacteria;p__Myxococcota_A;c__UBA9160;o__UBA9160;f__SMWR01;g__JACZXC01;s__JACZXC01 sp022571825	background
GCA_028285625.1	p__Myxococcota_A	o__UBA9160	d__Bacteria;p__Myxococcota_A;c__UBA9160;o__UBA9160;f__UBA6930;g__JASJCN01;s__JASJCN01 sp028285625	background
GCA_029941235.1	p__Myxococcota_A	o__UBA9160	d__Bacteria;p__Myxococcota_A;c__UBA9160;o__UBA9160;f__UBA4427;g__JAZXM01;s__JAZXM01 sp012959865	background
GCA_031400655.1	p__Myxococcota_A	o__UBA9160	d__Bacteria;p__Myxococcota_A;c__UBA9160;o__UBA9160;f__UBA4427;g__UBA4427;s__UBA4427 sp031400655	background
GCA_035499075.1	p__Myxococcota_A	o__SZUA-336	d__Bacteria;p__Myxococcota_A;c__UBA9160;o__SZUA-336;f__SZUA-336;g__VGRW01;s__VGRW01 sp035499075	background
GCA_036560185.1	p__Myxococcota_A	o__UBA9160	d__Bacteria;p__Myxococcota_A;c__UBA9160;o__UBA9160;f__UBA6930;g__VGRF01;s__VGRF01 sp036560185	background
GCA_041605395.1	p__Myxococcota_A	o__UBA9160	d__Bacteria;p__Myxococcota_A;c__UBA9160;o__UBA9160;f__UBA6930;g__JBFIYM01;s__JBFIYM01 sp041605395	background
GCA_003574845.1	p__NPL-UPA2	o__NPL-UPA2	d__Bacteria;p__NPL-UPA2;c__NPL-UPA2;o__NPL-UPA2;f__NPL-UPA2;g__NPL-UPA2;s__NPL-UPA2 sp003574845	background
GCA_030596585.1	p__NPL-UPA2	o__JAUVJM01	d__Bacteria;p__NPL-UPA2;c__JAUVJM01;o__JAUVJM01;f__JAUVJM01;g__JAUVJM01;s__JAUVJM01 sp030596585	background
GCA_000008085.1	p__Nanobdellota	o__Nanobdellales	d__Archaea;p__Nanobdellota;c__Nanobdellia;o__Nanobdellales;f__Nanoarchaeaceae;g__Nanoarchaeum;s__Nanoarchaeum equitans	background
GCA_002688015.1	p__Nanobdellota	o__Pacearchaeales	d__Archaea;p__Nanobdellota;c__Nanobdellia;o__Pacearchaeales;f__GW2011-AR1;g__ARS1309;s__ARS1309 sp002688015	background
GCA_003554465.1	p__Nanobdellota	o__Pacearchaeales	d__Archaea;p__Nanobdellota;c__Nanobdellia;o__Pacearchaeales;f__GW2011-AR1;g__PWGL01;s__PWGL01 sp003554465	background
GCA_011372335.1	p__Nanobdellota	o__Woesearchaeales	d__Archaea;p__Nanobdellota;c__Nanobdellia;o__Woesearchaeales;f__SM23-78;g__SM23-78;s__SM23-78 sp011372335	background
GCA_014729505.1	p__Nanobdellota	o__Woesearchaeales	d__Archaea;p__Nanobdellota;c__Nanobdellia;o__Woesearchaeales;f__ARS49;g__WJJS01;s__WJJS01 sp014729505	background
GCA_016181905.1	p__Nanobdellota	o__Pacearchaeales	d__Archaea;p__Nanobdellota;c__Nanobdellia;o__Pacearchaeales;f__GW2011-AR1;g__JACOYM01;s__JACOYM01 sp016181905	background
GCA_016188825.1	p__Nanobdellota	o__Pacearchaeales	d__Archaea;p__Nanobdellota;c__Nanobdellia;o__Pacearchaeales;f__GW2011-AR1;g__JACPHA01;s__JACPHA01 sp016188825	background
GCA_016215305.1	p__Nanobdellota	o__Woesearchaeales	d__Archaea;p__Nanobdellota;c__Nanobdellia;o__Woesearchaeales;f__DSVV01;g__JACRPI01;s__JACRPI01 sp016215305	background
GCA_016935095.1	p__Nanobdellota	o__Woesearchaeales	d__Archaea;p__Nanobdellota;c__Nanobdellia;o__Woesearchaeales;f__GW2011-AR15;g__JAFGRO01;s__JAFGRO01 sp016935095	background
GCA_017609845.1	p__Nanobdellota	o__SCGC-AAA011-G17	d__Archaea;p__Nanobdellota;c__Nanobdellia;o__SCGC-AAA011-G17;f__JACPNG01;g__JAFCDD01;s__JAFCDD01 sp017609845	background
GCA_018302725.1	p__Nanobdellota	o__SCGC-AAA011-G17	d__Archaea;p__Nanobdellota;c__Nanobdellia;o__SCGC-AAA011-G17;f__GW2011-AR20;g__JAGVZJ01;s__JAGVZJ01 sp018302725	background
GCA_018303755.1	p__Nanobdellota	o__Pacearchaeales	d__Archaea;p__Nanobdellota;c__Nanobdellia;o__Pacearchaeales;f__GW2011-AR1;g__JAGVXO01;s__JAGVXO01 sp018303755	background
GCA_018657475.1	p__Nanobdellota	o__Woesearchaeales	d__Archaea;p__Nanobdellota;c__Nanobdellia;o__Woesearchaeales;f__GW2011-AR9;g__JABHXC01;s__JABHXC01 sp018657475	background
GCA_018817005.1	p__Nanobdellota	o__Woesearchaeales	d__Archaea;p__Nanobdellota;c__Nanobdellia;o__Woesearchaeales;f__GCA-2686295;g__JAHIUF01;s__JAHIUF01 sp018817005	background
GCA_019322545.1	p__Nanobdellota	o__Woesearchaeales	d__Archaea;p__Nanobdellota;c__Nanobdellia;o__Woesearchaeales;f__JAHWIL01;g__JAHWIL01;s__JAHWIL01 sp019322545	background
GCA_020697515.1	p__Nanobdellota	o__Nanobdellales	d__Archaea;p__Nanobdellota;c__Nanobdellia;o__Nanobdellales;f__Nanobdellaceae;g__JAIXNB01;s__JAIXNB01 sp020697515	background
GCA_022563455.1	p__Nanobdellota	o__Pacearchaeales	d__Archaea;p__Nanobdellota;c__Nanobdellia;o__Pacearchaeales;f__GW2011-AR1;g__JAGVXH01;s__JAGVXH01 sp022563455	background
GCA_023267795.1	p__Nanobdellota	o__Woesearchaeales	d__Archaea;p__Nanobdellota;c__Nanobdellia;o__Woesearchaeales;f__DSVV01;g__JACRPI01;s__JACRPI01 sp023267795	background
GCA_027318675.1	p__Nanobdellota	o__Pacearchaeales	d__Archaea;p__Nanobdellota;c__Nanobdellia;o__Pacearchaeales;f__GW2011-AR1;g__MWBV01;s__MWBV01 sp027318675	background
GCA_030018575.1	p__Nanobdellota	o__SCGC-AAA011-G17	d__Archaea;p__Nanobdellota;c__Nanobdellia;o__SCGC-AAA011-G17;f__GW2011-AR17;g__UBA9640;s__UBA9640 sp030018575	background
GCA_030690755.1	p__Nanobdellota	o__Woesearchaeales	d__Archaea;p__Nanobdellota;c__Nanobdellia;o__Woesearchaeales;f__JAUYGA01;g__JAUYGA01;s__JAUYGA01 sp030690755	background
GCA_035289105.1	p__Nanobdellota	o__Woesearchaeales	d__Archaea;p__Nanobdellota;c__Nanobdellia;o__Woesearchaeales;f__JACQSR01;g__JACQSR01;s__JACQSR01 sp035289105	background
GCA_036481345.1	p__Nanobdellota	o__Woesearchaeales	d__Archaea;p__Nanobdellota;c__Nanobdellia;o__Woesearchaeales;f__WJKL01;g__JAAOYC01;s__JAAOYC01 sp036481345	background
GCA_038045385.1	p__Nanobdellota	o__Pacearchaeales	d__Archaea;p__Nanobdellota;c__Nanobdellia;o__Pacearchaeales;f__GW2011-AR1;g__JBBSYE01;s__JBBSYE01 sp038045385	background
GCA_038128845.1	p__Nanobdellota	o__UBA10117	d__Archaea;p__Nanobdellota;c__Nanobdellia;o__UBA10117;f__ARS21;g__ARS21;s__ARS21 sp038128845	background
GCA_038895375.1	p__Nanobdellota	o__Pacearchaeales	d__Archaea;p__Nanobdellota;c__Nanobdellia;o__Pacearchaeales;f__UBA284;g__JANXDM01;s__JANXDM01 sp038895375	background
GCA_041659245.1	p__Nanobdellota	o__SCGC-AAA011-G17	d__Archaea;p__Nanobdellota;c__Nanobdellia;o__SCGC-AAA011-G17;f__GW2011-AR17;g__UBA9640;s__UBA9640 sp041659245	background
GCA_000220355.1	p__Nanohalarchaeota	o__Nanosalinales	d__Archaea;p__Nanohalarchaeota;c__Nanosalinia;o__Nanosalinales;f__Nanosalinaceae;g__Nanosalinarum;s__Nanosalinarum sp000220355	background
GCA_001564145.1	p__Nanohalarchaeota	o__Nanosalinales	d__Archaea;p__Nanohalarchaeota;c__Nanosalinia;o__Nanosalinales;f__Nanosalinaceae;g__B1-Br10-U2g21;s__B1-Br10-U2g21 sp001564145	background
GCA_018609855.1	p__Nanohalarchaeota	o__Nanosalinales	d__Archaea;p__Nanohalarchaeota;c__Nanosalinia;o__Nanosalinales;f__JAHENU01;g__JAHENU01;s__JAHENU01 sp018609855	background
GCA_022865215.1	p__Nanohalarchaeota	o__Nanosalinales	d__Archaea;p__Nanohalarchaeota;c__Nanosalinia;o__Nanosalinales;f__Nanohalalkaliarchaeaceae;g__JALIDP01;s__JALIDP01 sp022865215	background
GCA_041639695.1	p__Nanohalarchaeota	o__Nanosalinales	d__Archaea;p__Nanohalarchaeota;c__Nanosalinia;o__Nanosalinales;f__Nanosalinaceae;g__PL-Br10-U2g16;s__PL-Br10-U2g16 sp041639695	background
GCA_000372225.1	p__Nitrospinota	o__Nitrospinales	d__Bacteria;p__Nitrospinota;c__Nitrospinia;o__Nitrospinales;f__VA-1;g__Nitromaritima;s__Nitromaritima sp000372225	background
GCA_003229375.1	p__Nitrospinota	o__SZUA-224	d__Bacteria;p__Nitrospinota;c__SZUA-224;o__SZUA-224;f__SZUA-224;g__SZUA-224;s__SZUA-224 sp003229375	background
GCA_015231995.1	p__Nitrospinota	o__UBA7883	d__Bacteria;p__Nitrospinota;c__UBA7883;o__UBA7883;f__JACRLM01;g__JADGAO01;s__JADGAO01 sp015231995	background
GCA_016212345.1	p__Nitrospinota	o__SZUA-224	d__Bacteria;p__Nitrospinota;c__SZUA-224;o__SZUA-224;f__SZUA-224;g__SZUA-224;s__SZUA-224 sp016212345	background
GCA_020343535.1	p__Nitrospinota	o__Nitrospinales	d__Bacteria;p__Nitrospinota;c__Nitrospinia;o__Nitrospinales;f__VA-1;g__SZUA-259;s__SZUA-259 sp020343535	background
GCA_024278445.1	p__Nitrospinota	o__UBA7883	d__Bacteria;p__Nitrospinota;c__UBA7883;o__UBA7883;f__JAJRTC01;g__JAJRTC01;s__JAJRTC01 sp024278445	background
GCA_029261515.1	p__Nitrospinota	o__Nitrospinales	d__Bacteria;p__Nitrospinota;c__Nitrospinia;o__Nitrospinales;f__VA-1;g__JAJDBE01;s__JAJDBE01 sp029261515	background
GCA_029880775.1	p__Nitrospinota	o__UBA7883	d__Bacteria;p__Nitrospinota;c__UBA7883;o__UBA7883;f__UBA7883;g__JAOUMU01;s__JAOUMU01 sp029880775	background
GCA_905182935.1	p__Nitrospinota	o__Nitrospinales	d__Bacteria;p__Nitrospinota;c__Nitrospinia;o__Nitrospinales;f__VA-1;g__Nitromaritima;s__Nitromaritima sp905182935	background
GCA_000196815.1	p__Nitrospirota	o__Nitrospirales	d__Bacteria;p__Nitrospirota;c__Nitrospiria;o__Nitrospirales;f__Nitrospiraceae;g__Nitrospira_A;s__Nitrospira_A defluvii_A	background
GCA_002420115.1	p__Nitrospirota	o__Nitrospirales	d__Bacteria;p__Nitrospirota;c__Nitrospiria;o__Nitrospirales;f__Nitrospiraceae;g__Nitrospira_D;s__Nitrospira_D sp002420115	background
GCA_003354025.1	p__Nitrospirota	o__UBA6902	d__Bacteria;p__Nitrospirota;c__Thermodesulfovibrionia;o__UBA6902;f__UBA6902;g__Glo-13;s__Glo-13 sp003354025	background
GCA_005793285.1	p__Nitrospirota	o__Nitrospirales	d__Bacteria;p__Nitrospirota;c__Nitrospiria;o__Nitrospirales;f__Nitrospiraceae;g__Nitrospira_D;s__Nitrospira_D sp005793285	background
GCA_012960925.1	p__Nitrospirota	o__SBBL01	d__Bacteria;p__Nitrospirota;c__Nitrospiria;o__SBBL01;f__JAADHI01;g__DUAG01;s__DUAG01 sp012960925	background
GCA_015233485.1	p__Nitrospirota	o__Thermodesulfovibrionales	d__Bacteria;p__Nitrospirota;c__Thermodesulfovibrionia;o__Thermodesulfovibrionales;f__Magnetobacteriaceae;g__Magnetominusculus;s__Magnetominusculus sp015233485	background
GCA_016207885.1	p__Nitrospirota	o__UBA6902	d__Bacteria;p__Nitrospirota;c__Thermodesulfovibrionia;o__UBA6902;f__UBA6902;g__JACQZG01;s__JACQZG01 sp016207885	background
GCA_016222915.1	p__Nitrospirota	o__UBA6902	d__Bacteria;p__Nitrospirota;c__Thermodesulfovibrionia;o__UBA6902;f__UBA6902;g__UBA6902;s__UBA6902 sp016222915	background
GCA_019636945.1	p__Nitrospirota	o__Nitrospirales	d__Bacteria;p__Nitrospirota;c__Nitrospiria;o__Nitrospirales;f__Nitrospiraceae;g__Nitrospira_D;s__Nitrospira_D sp019636945	background
GCA_021129835.1	p__Nitrospirota	o__Thermodesulfovibrionales	d__Bacteria;p__Nitrospirota;c__Thermodesulfovibrionia;o__Thermodesulfovibrionales;f__Dissulfurispiraceae;g__JAJOKM01;s__JAJOKM01 sp021129835	background
GCA_021815285.1	p__Nitrospirota	o__JACRHJ01	d__Bacteria;p__Nitrospirota;c__JACRHJ01;o__JACRHJ01;f__JACRHJ01;g__JAKAHE01;s__JAKAHE01 sp021815285	background
GCA_024281365.1	p__Nitrospirota	o__Nitrospirales	d__Bacteria;p__Nitrospirota;c__Nitrospiria;o__Nitrospirales;f__Nitrospiraceae;g__Nitrospira_D;s__Nitrospira_D sp024281365	background
GCA_026416735.1	p__Nitrospirota	o__Thermodesulfovibrionales	d__Bacteria;p__Nitrospirota;c__Thermodesulfovibrionia;o__Thermodesulfovibrionales;f__DYHD01;g__DYHD01;s__DYHD01 sp026416735	background
GCA_029864405.1	p__Nitrospirota	o__Nitrospirales	d__Bacteria;p__Nitrospirota;c__Nitrospiria;o__Nitrospirales;f__UBA8639;g__Nitrospira_E;s__Nitrospira_E sp029864405	background
GCA_031315915.1	p__Nitrospirota	o__Nitrospirales	d__Bacteria;p__Nitrospirota;c__Nitrospiria;o__Nitrospirales;f__UBA8639;g__JACKFE01;s__JACKFE01 sp031315915	background
GCA_035319185.1	p__Nitrospirota	o__Thermodesulfovibrionales	d__Bacteria;p__Nitrospirota;c__Thermodesulfovibrionia;o__Thermodesulfovibrionales;f__Dissulfurispiraceae;g__Fen-1308;s__Fen-1308 sp035319185	background
GCA_035623135.1	p__Nitrospirota	o__Thermodesulfovibrionales	d__Bacteria;p__Nitrospirota;c__Thermodesulfovibrionia;o__Thermodesulfovibrionales;f__UBA9159;g__DASPUA01;s__DASPUA01 sp035623135	background
GCA_036504315.1	p__Nitrospirota	o__JACRHJ01	d__Bacteria;p__Nitrospirota;c__JACRHJ01;o__JACRHJ01;f__JACRHJ01;g__DASXVI01;s__DASXVI01 sp036504315	background
GCA_038067655.1	p__Nitrospirota	o__SBBL01	d__Bacteria;p__Nitrospirota;c__Nitrospiria;o__SBBL01;f__SBBA01;g__JACPZM01;s__JACPZM01 sp038067655	background
GCA_040755395.1	p__Nitrospirota	o__Nitrospirales	d__Bacteria;p__Nitrospirota;c__Nitrospiria;o__Nitrospirales;f__Nitrospiraceae;g__DATLZU01;s__DATLZU01 sp040755395	background
GCA_041500225.1	p__Nitrospirota	o__Thermodesulfovibrionales	d__Bacteria;p__Nitrospirota;c__Thermodesulfovibrionia;o__Thermodesulfovibrionales;f__SM23-35;g__0-14-3-00-41-53;s__0-14-3-00-41-53 sp041500225	background
GCA_902500995.1	p__Nitrospirota	o__Nitrospirales	d__Bacteria;p__Nitrospirota;c__Nitrospiria;o__Nitrospirales;f__Nitrospiraceae;g__Nitrospira_A;s__Nitrospira_A sp902500995	background
GCA_947259645.1	p__Nitrospirota	o__UBA6902	d__Bacteria;p__Nitrospirota;c__Thermodesulfovibrionia;o__UBA6902;f__UBA6902;g__Glo-13;s__Glo-13 sp947259645	background
GCA_002387725.1	p__Nitrospirota_A	o__Leptospirillales	d__Bacteria;p__Nitrospirota_A;c__Leptospirillia;o__Leptospirillales;f__Leptospirillaceae;g__UBA4572;s__UBA4572 sp002387725	background
GCA_021820445.1	p__Nitrospirota_A	o__Leptospirillales	d__Bacteria;p__Nitrospirota_A;c__Leptospirillia;o__Leptospirillales;f__Leptospirillaceae;g__UBA4572;s__UBA4572 sp021820445	background
GCA_021846825.1	p__Nitrospirota_A	o__Leptospirillales	d__Bacteria;p__Nitrospirota_A;c__Leptospirillia;o__Leptospirillales;f__Leptospirillaceae;g__Leptospirillum_A;s__Leptospirillum_A sp021846825	background
GCA_027366615.1	p__Nitrospirota_A	o__Leptospirillales	d__Bacteria;p__Nitrospirota_A;c__Leptospirillia;o__Leptospirillales;f__Leptospirillaceae;g__UBA4572;s__UBA4572 sp027366615	background
GCA_016212085.1	p__Nitrospirota_B	o__JACRHL01	d__Bacteria;p__Nitrospirota_B;c__JACRHL01;o__JACRHL01;f__JACRHL01;g__JACRHL01;s__JACRHL01 sp016212085	background
GCA_000405945.1	p__Omnitrophota	o__Omnitrophales	d__Bacteria;p__Omnitrophota;c__Omnitrophia;o__Omnitrophales;f__Omnitrophaceae;g__Omnitrophus;s__Omnitrophus fodinae	background
GCA_002085265.1	p__Omnitrophota	o__Kaelpiales	d__Bacteria;p__Omnitrophota;c__Koll11;o__Kaelpiales;f__Kaelpiaceae;g__4484-49;s__4484-49 sp002085265	background
GCA_003510525.1	p__Omnitrophota	o__Gygaellales	d__Bacteria;p__Omnitrophota;c__Koll11;o__Gygaellales;f__UBA12090;g__UBA12090;s__UBA12090 sp003510525	background
GCA_013286575.1	p__Omnitrophota	o__Zapsychrales	d__Bacteria;p__Omnitrophota;c__Koll11;o__Zapsychrales;f__Fredricksoniimonadaceae;g__JABDGZ01;s__JABDGZ01 sp013286575	background
GCA_016180575.1	p__Omnitrophota	o__Aquiviventales	d__Bacteria;p__Omnitrophota;c__Koll11;o__Aquiviventales;f__Aquiviventaceae;g__JACPAY01;s__JACPAY01 sp016180575	background
GCA_016206815.1	p__Omnitrophota	o__Omnitrophales	d__Bacteria;p__Omnitrophota;c__Omnitrophia;o__Omnitrophales;f__Danuiimicrobiaceae;g__01-FULL-45-10b;s__01-FULL-45-10b sp016206815	background
GCA_016867135.1	p__Omnitrophota	o__VGKH01	d__Bacteria;p__Omnitrophota;c__Koll11;o__VGKH01;f__VGKH01;g__VGKH01;s__VGKH01 sp016867135	background
GCA_018400015.1	p__Omnitrophota	o__Gygaellales	d__Bacteria;p__Omnitrophota;c__Koll11;o__Gygaellales;f__Gygaellaceae;g__Gygaella;s__Gygaella sp018400015	background
GCA_018901615.1	p__Omnitrophota	o__Gorgyraeales	d__Bacteria;p__Omnitrophota;c__Koll11;o__Gorgyraeales;f__Gorgyraeaceae;g__JAHIEN01;s__JAHIEN01 sp018901615	background
GCA_020719005.1	p__Omnitrophota	o__Zapsychrales	d__Bacteria;p__Omnitrophota;c__Koll11;o__Zapsychrales;f__Fredricksoniimonadaceae;g__DYQZ01;s__DYQZ01 sp020719005	background
GCA_023136735.1	p__Omnitrophota	o__B26-G9	d__Bacteria;p__Omnitrophota;c__Koll11;o__B26-G9;f__B26-G9;g__JAGLQQ01;s__JAGLQQ01 sp023136735	background
GCA_023247825.1	p__Omnitrophota	o__Gygaellales	d__Bacteria;p__Omnitrophota;c__Koll11;o__Gygaellales;f__Profunditerraquicolaceae;g__UBA6249;s__UBA6249 sp023247825	background
GCA_024542985.1	p__Omnitrophota	o__Duberdicusellales	d__Bacteria;p__Omnitrophota;c__Koll11;o__Duberdicusellales;f__4484-171;g__JAMXCX01;s__JAMXCX01 sp024542985	background
GCA_028687525.1	p__Omnitrophota	o__Gygaellales	d__Bacteria;p__Omnitrophota;c__Koll11;o__Gygaellales;f__Profunditerraquicolaceae;g__JAQTZX01;s__JAQTZX01 sp028687525	background
GCA_028715345.1	p__Omnitrophota	o__2-01-FULL-45-10	d__Bacteria;p__Omnitrophota;c__Koll11;o__2-01-FULL-45-10;f__2-01-FULL-45-10;g__FEN-1322;s__FEN-1322 sp028715345	background
GCA_029261015.1	p__Omnitrophota	o__Aquiviventales	d__Bacteria;p__Omnitrophota;c__Koll11;o__Aquiviventales;f__Aquiviventaceae;g__JAJDCC01;s__JAJDCC01 sp029261015	background
GCA_030650275.1	p__Omnitrophota	o__Zapsychrales	d__Bacteria;p__Omnitrophota;c__Koll11;o__Zapsychrales;f__Fredricksoniimonadaceae;g__JACPXN01;s__JACPXN01 sp030650275	background
GCA_031386565.1	p__Omnitrophota	o__Zapsychrales	d__Bacteria;p__Omnitrophota;c__Koll11;o__Zapsychrales;f__Fredricksoniimonadaceae;g__JACQQW01;s__JACQQW01 sp031386565	background
GCA_040753435.1	p__Omnitrophota	o__Zapsychrales	d__Bacteria;p__Omnitrophota;c__Koll11;o__Zapsychrales;f__JANLHA01;g__JAKLFA01;s__JAKLFA01 sp040753435	background
GCA_041651115.1	p__Omnitrophota	o__Gygaellales	d__Bacteria;p__Omnitrophota;c__Koll11;o__Gygaellales;f__Profunditerraquicolaceae;g__CAIRWO01;s__CAIRWO01 sp041651115	background
GCA_903819565.1	p__Omnitrophota	o__Omnitrophales	d__Bacteria;p__Omnitrophota;c__Omnitrophia;o__Omnitrophales;f__Aquincolibacteriaceae;g__Pegaeibacterium;s__Pegaeibacterium sp903819565	background
GCA_013002425.1	p__Orphanbacterota	o__Orphanbacterales	d__Bacteria;p__Orphanbacterota;c__Orphanbacteria;o__Orphanbacterales;f__Orphanbacteraceae;g__JABDJQ01;s__JABDJQ01 sp013002425	background
GCA_020061515.1	p__Orphanbacterota	o__Orphanbacterales	d__Bacteria;p__Orphanbacterota;c__Orphanbacteria;o__Orphanbacterales;f__Orphanbacteraceae;g__VGIW01;s__VGIW01 sp020061515	background
GCA_003551625.1	p__PUNC01	o__Erginobacterales	d__Bacteria;p__PUNC01;c__Erginobacteria;o__Erginobacterales;f__PUNC01;g__PUNC01;s__PUNC01 sp003551625	background
GCA_030765805.1	p__PUNC01	o__Erginobacterales	d__Bacteria;p__PUNC01;c__Erginobacteria;o__Erginobacterales;f__Erginobacteraceae;g__Euphemobacter;s__Euphemobacter frigidus	background
GCA_000398025.1	p__Patescibacteriota	o__Minisyncoccales	d__Bacteria;p__Patescibacteriota;c__Minisyncoccia;o__Minisyncoccales;f__Paceibacteraceae;g__Paceibacter;s__Paceibacter normanii	background
GCA_001001285.1	p__Patescibacteriota	o__UBA11713	d__Bacteria;p__Patescibacteriota;c__Minisyncoccia;o__UBA11713;f__2-01-FULL-45-33;g__GWA1-44-29;s__GWA1-44-29 sp001001285	background
GCA_001776195.1	p__Patescibacteriota	o__XYA2-FULL-43-10	d__Bacteria;p__Patescibacteriota;c__UBA1384;o__XYA2-FULL-43-10;f__XYA2-FULL-43-10;g__XYA2-FULL-43-10;s__XYA2-FULL-43-10 sp001776195	background
GCA_001783035.1	p__Patescibacteriota	o__Magasanikbacterales	d__Bacteria;p__Patescibacteriota;c__Patescibacteriia;o__Magasanikbacterales;f__GWA2-37-8;g__2-02-FULL-45-10;s__2-02-FULL-45-10 sp001783035	background
GCA_001791045.1	p__Patescibacteriota	o__UBA9934	d__Bacteria;p__Patescibacteriota;c__Patescibacteriia;o__UBA9934;f__GWF2-40-263;g__2-01-FULL-63-20;s__2-01-FULL-63-20 sp001791045	background
GCA_001819815.1	p__Patescibacteriota	o__Ryanbacterales	d__Bacteria;p__Patescibacteriota;c__Minisyncoccia;o__Ryanbacterales;f__2-02-FULL-48-12;g__02-FULL-45-17b;s__02-FULL-45-17b sp001819815	background
GCA_001873625.1	p__Patescibacteriota	o__Saccharimonadales	d__Bacteria;p__Patescibacteriota;c__Saccharimonadia;o__Saccharimonadales;f__UBA1547;g__UBA1547;s__UBA1547 sp001873625	background
GCA_002378195.1	p__Patescibacteriota	o__UBA9973	d__Bacteria;p__Patescibacteriota;c__Minisyncoccia;o__UBA9973;f__UBA918;g__OLB19;s__OLB19 sp002378195	background
GCA_002749055.1	p__Patescibacteriota	o__BD1-5	d__Bacteria;p__Patescibacteriota;c__JAEDAM01;o__BD1-5;f__UBA6164;g__PDTW01;s__PDTW01 sp002749055	background
GCA_002784365.1	p__Patescibacteriota	o__UBA6257	d__Bacteria;p__Patescibacteriota;c__Minisyncoccia;o__UBA6257;f__UBA9933;g__UM-FILTER-39-64;s__UM-FILTER-39-64 sp002784365	background
GCA_003056205.1	p__Patescibacteriota	o__Patescibacteriales	d__Bacteria;p__Patescibacteriota;c__Patescibacteriia;o__Patescibacteriales;f__UBA12465;g__UBA12465;s__UBA12465 sp003056205	background
GCA_003554915.1	p__Patescibacteriota	o__Minisyncoccales	d__Bacteria;p__Patescibacteriota;c__Minisyncoccia;o__Minisyncoccales;f__PWPS01;g__PWPS01;s__PWPS01 sp003554915	background
GCA_007376265.1	p__Patescibacteriota	o__UBA6257	d__Bacteria;p__Patescibacteriota;c__Minisyncoccia;o__UBA6257;f__2-01-FULL-56-20;g__VMFW01;s__VMFW01 sp007376265	background
GCA_012514175.1	p__Patescibacteriota	o__UBA9973	d__Bacteria;p__Patescibacteriota;c__Minisyncoccia;o__UBA9973;f__W02-35-19;g__WO2-35-19;s__WO2-35-19 sp012514175	background
GCA_014240275.1	p__Patescibacteriota	o__UBA1369	d__Bacteria;p__Patescibacteriota;c__Gracilibacteria;o__UBA1369;f__GCA-2718715;g__JAAZXH01;s__JAAZXH01 sp014240275	background
GCA_016181045.1	p__Patescibacteriota	o__2-02-FULL-40-12	d__Bacteria;p__Patescibacteriota;c__Minisyncoccia;o__2-02-FULL-40-12;f__GWA2-44-9;g__JACPAB01;s__JACPAB01 sp016181045	background
GCA_016188545.1	p__Patescibacteriota	o__UBA12405	d__Bacteria;p__Patescibacteriota;c__Microgenomatia;o__UBA12405;f__UBA12405;g__UBA2283;s__UBA2283 sp016188545	background
GCA_016207285.1	p__Patescibacteriota	o__UBA9570	d__Bacteria;p__Patescibacteriota;c__Patescibacteriia;o__UBA9570;f__UBA9570;g__UBA9570;s__UBA9570 sp016207285	background
GCA_016699265.1	p__Patescibacteriota	o__UBA1406	d__Bacteria;p__Patescibacteriota;c__Microgenomatia;o__UBA1406;f__GWC2-37-13;g__JACOTV01;s__JACOTV01 sp016699265	background
GCA_017406565.1	p__Patescibacteriota	o__Saccharimonadales	d__Bacteria;p__Patescibacteriota;c__Saccharimonadia;o__Saccharimonadales;f__Nanosyncoccaceae;g__Nanosyncoccus;s__Nanosyncoccus sp017406565	background
GCA_017545595.1	p__Patescibacteriota	o__Saccharimonadales	d__Bacteria;p__Patescibacteriota;c__Saccharimonadia;o__Saccharimonadales;f__Nanosyncoccaceae;g__Nanosyncoccus;s__Nanosyncoccus sp017545595	background
GCA_018062605.1	p__Patescibacteriota	o__UBA1406	d__Bacteria;p__Patescibacteriota;c__Microgenomatia;o__UBA1406;f__HO2-37-13b;g__2-02-FULL-43-11-A;s__2-02-FULL-43-11-A sp018062605	background
GCA_018816925.1	p__Patescibacteriota	o__Minisyncoccales	d__Bacteria;p__Patescibacteriota;c__Minisyncoccia;o__Minisyncoccales;f__UBA10102;g__JAHIUP01;s__JAHIUP01 sp018816925	background
GCA_018900995.1	p__Patescibacteriota	o__PFEM01	d__Bacteria;p__Patescibacteriota;c__Microgenomatia;o__PFEM01;f__JAHIFH01;g__JAHIFH01;s__JAHIFH01 sp018900995	background
GCA_020427865.1	p__Patescibacteriota	o__UBA101185	d__Bacteria;p__Patescibacteriota;c__WWE3;o__UBA101185;f__UBA10185;g__JAGQNX01;s__JAGQNX01 sp020427865	background
GCA_020724945.1	p__Patescibacteriota	o__SG8-24	d__Bacteria;p__Patescibacteriota;c__Patescibacteriia;o__SG8-24;f__DYFX01;g__DYFX01;s__DYFX01 sp020724945	background
GCA_021777495.1	p__Patescibacteriota	o__UBA6257	d__Bacteria;p__Patescibacteriota;c__Minisyncoccia;o__UBA6257;f__2-01-FULL-56-20;g__JAKAGE01;s__JAKAGE01 sp021777495	background
GCA_021810025.1	p__Patescibacteriota	o__Saccharimonadales	d__Bacteria;p__Patescibacteriota;c__Saccharimonadia;o__Saccharimonadales;f__UBA4665;g__JAJZMH01;s__JAJZMH01 sp021810025	background
GCA_022563755.1	p__Patescibacteriota	o__H02-45-28	d__Bacteria;p__Patescibacteriota;c__Minisyncoccia;o__H02-45-28;f__H02-45-28;g__JADFMT01;s__JADFMT01 sp022563755	background
GCA_023229665.1	p__Patescibacteriota	o__2-12-FULL-60-25	d__Bacteria;p__Patescibacteriota;c__Patescibacteriia;o__2-12-FULL-60-25;f__2-12-FULL-60-25;g__RHKK01;s__RHKK01 sp023229665	background
GCA_023267435.1	p__Patescibacteriota	o__UBA9973	d__Bacteria;p__Patescibacteriota;c__Minisyncoccia;o__UBA9973;f__UBA9973;g__UBA9973;s__UBA9973 sp023267435	background
GCA_024654065.1	p__Patescibacteriota	o__2-12-FULL-50-11	d__Bacteria;p__Patescibacteriota;c__UBA1384;o__2-12-FULL-50-11;f__2-12-FULL-50-11;g__JANLIQ01;s__JANLIQ01 sp024654065	background
GCA_026395555.1	p__Patescibacteriota	o__UBA1369	d__Bacteria;p__Patescibacteriota;c__Gracilibacteria;o__UBA1369;f__UBA12463;g__CALREA01;s__CALREA01 sp026395555	background
GCA_027053135.1	p__Patescibacteriota	o__CAIRYL01	d__Bacteria;p__Patescibacteriota;c__Gracilibacteria;o__CAIRYL01;f__CAIRYL01;g__SZUA-1403;s__SZUA-1403 sp027053135	background
GCA_028276105.1	p__Patescibacteriota	o__UBA1406	d__Bacteria;p__Patescibacteriota;c__Microgenomatia;o__UBA1406;f__GWC2-37-13;g__RSWP21;s__RSWP21 sp028276105	background
GCA_028695415.1	p__Patescibacteriota	o__UBA9973	d__Bacteria;p__Patescibacteriota;c__Minisyncoccia;o__UBA9973;f__UBA2103;g__C7867-001;s__C7867-001 sp028695415	background
GCA_028717505.1	p__Patescibacteriota	o__Peribacterales	d__Bacteria;p__Patescibacteriota;c__Gracilibacteria;o__Peribacterales;f__Peribacteraceae;g__JAQUNQ01;s__JAQUNQ01 sp028717505	background
GCA_030017555.1	p__Patescibacteriota	o__UBA6257	d__Bacteria;p__Patescibacteriota;c__Minisyncoccia;o__UBA6257;f__GWB1-50-10;g__JASEHZ01;s__JASEHZ01 sp030017555	background
GCA_030616435.1	p__Patescibacteriota	o__Minisyncoccales	d__Bacteria;p__Patescibacteriota;c__Minisyncoccia;o__Minisyncoccales;f__JAUWXI01;g__JAUWXI01;s__JAUWXI01 sp030616435	background
GCA_030674415.1	p__Patescibacteriota	o__UBA9973	d__Bacteria;p__Patescibacteriota;c__Minisyncoccia;o__UBA9973;f__Zambryskibacteraceae;g__UBA5004;s__UBA5004 sp030674415	background
GCA_030857065.1	p__Patescibacteriota	o__UBA9973	d__Bacteria;p__Patescibacteriota;c__Minisyncoccia;o__UBA9973;f__UBA9973;g__UBA9973;s__UBA9973 sp030857065	background
GCA_032154105.1	p__Patescibacteriota	o__Saccharimonadales	d__Bacteria;p__Patescibacteriota;c__Saccharimonadia;o__Saccharimonadales;f__UBA6022;g__UBA6022;s__UBA6022 sp032154105	background
GCA_035291405.1	p__Patescibacteriota	o__GWA2-44-7	d__Bacteria;p__Patescibacteriota;c__Microgenomatia;o__GWA2-44-7;f__UBA8517;g__UBA12026;s__UBA12026 sp035291405	background
GCA_035457485.1	p__Patescibacteriota	o__Saccharimonadales	d__Bacteria;p__Patescibacteriota;c__Saccharimonadia;o__Saccharimonadales;f__EFPC-124;g__DATIBO01;s__DATIBO01 sp035457485	background
GCA_035529595.1	p__Patescibacteriota	o__PFEM01	d__Bacteria;p__Patescibacteriota;c__Microgenomatia;o__PFEM01;f__JAFGMK01;g__DATKWK01;s__DATKWK01 sp035529595	background
GCA_035655395.1	p__Patescibacteriota	o__Minisyncoccales	d__Bacteria;p__Patescibacteriota;c__Minisyncoccia;o__Minisyncoccales;f__UBA10102;g__DASRUP01;s__DASRUP01 sp035655395	background
GCA_036391995.1	p__Patescibacteriota	o__Moranbacterales	d__Bacteria;p__Patescibacteriota;c__Minisyncoccia;o__Moranbacterales;f__GWC2-37-73;g__DASVYU01;s__DASVYU01 sp036391995	background
GCA_036826375.1	p__Patescibacteriota	o__Saccharimonadales	d__Bacteria;p__Patescibacteriota;c__Saccharimonadia;o__Saccharimonadales;f__HK-STAS-PATE-42;g__DAISWL01;s__DAISWL01 sp036826375	background
GCA_037146995.1	p__Patescibacteriota	o__Patescibacteriales	d__Bacteria;p__Patescibacteriota;c__Patescibacteriia;o__Patescibacteriales;f__GWE2-39-37;g__JBAWWA01;s__JBAWWA01 sp037146995	background
GCA_038061355.1	p__Patescibacteriota	o__JBBTZN01	d__Bacteria;p__Patescibacteriota;c__UBA1384;o__JBBTZN01;f__JBBTZN01;g__JBBTZN01;s__JBBTZN01 sp038061355	background
GCA_038064015.1	p__Patescibacteriota	o__2-02-FULL-40-12	d__Bacteria;p__Patescibacteriota;c__Minisyncoccia;o__2-02-FULL-40-12;f__IGHO2-01-FULL-4-A;g__JBBTSB01;s__JBBTSB01 sp038064015	background
GCA_038078095.1	p__Patescibacteriota	o__UBA9934	d__Bacteria;p__Patescibacteriota;c__Patescibacteriia;o__UBA9934;f__UBA9934;g__CAIKHN01;s__CAIKHN01 sp038078095	background
GCA_038257495.1	p__Patescibacteriota	o__Saccharimonadales	d__Bacteria;p__Patescibacteriota;c__Saccharimonadia;o__Saccharimonadales;f__JBBSJF01;g__JBBSJF01;s__JBBSJF01 sp038257495	background
GCA_040383945.1	p__Patescibacteriota	o__BD1-5	d__Bacteria;p__Patescibacteriota;c__JAEDAM01;o__BD1-5;f__UBA2023;g__CAIVSN01;s__CAIVSN01 sp040383945	background
GCA_041308705.1	p__Patescibacteriota	o__BD1-5	d__Bacteria;p__Patescibacteriota;c__JAEDAM01;o__BD1-5;f__JAGOOR01;g__JAGOOR01;s__JAGOOR01 sp041308705	background
GCA_041651355.1	p__Patescibacteriota	o__Patescibacteriales	d__Bacteria;p__Patescibacteriota;c__Patescibacteriia;o__Patescibacteriales;f__UBA12465;g__JAPLVX01;s__JAPLVX01 sp041651355	background
GCA_041661545.1	p__Patescibacteriota	o__Minisyncoccales	d__Bacteria;p__Patescibacteriota;c__Minisyncoccia;o__Minisyncoccales;f__Staskawiczbacteraceae;g__XYD1-FULL-39-28;s__XYD1-FULL-39-28 sp041661545	background
GCA_041666545.1	p__Patescibacteriota	o__UBA9973	d__Bacteria;p__Patescibacteriota;c__Minisyncoccia;o__UBA9973;f__JBAYGS01;g__JBAYGS01;s__JBAYGS01 sp041666545	background
GCA_041747555.1	p__Patescibacteriota	o__UBA1400	d__Bacteria;p__Patescibacteriota;c__Microgenomatia;o__UBA1400;f__PJMF01;g__JBGTEY01;s__JBGTEY01 sp041747555	background
GCA_903843045.1	p__Patescibacteriota	o__UBA9934	d__Bacteria;p__Patescibacteriota;c__Patescibacteriia;o__UBA9934;f__GWF2-40-263;g__YC12-FULL-57-11;s__YC12-FULL-57-11 sp903843045	background
GCA_903899655.1	p__Patescibacteriota	o__Saccharimonadales	d__Bacteria;p__Patescibacteriota;c__Saccharimonadia;o__Saccharimonadales;f__UBA1547;g__UBA1547;s__UBA1547 sp903899655	background
GCA_937858825.1	p__Patescibacteriota	o__UBA1369	d__Bacteria;p__Patescibacteriota;c__Gracilibacteria;o__UBA1369;f__UBA1369;g__JAGQLQ01;s__JAGQLQ01 sp937858825	background
GCA_937990205.1	p__Patescibacteriota	o__Saccharimonadales	d__Bacteria;p__Patescibacteriota;c__Saccharimonadia;o__Saccharimonadales;f__Nanosyncoccaceae;g__Nanosyncoccus;s__Nanosyncoccus sp937990205	background
GCA_943349945.1	p__Patescibacteriota	o__UBA9973	d__Bacteria;p__Patescibacteriota;c__Minisyncoccia;o__UBA9973;f__SBAW01;g__GWA1-54-10;s__GWA1-54-10 sp943349945	background
GCA_944391325.1	p__Patescibacteriota	o__Saccharimonadales	d__Bacteria;p__Patescibacteriota;c__Saccharimonadia;o__Saccharimonadales;f__Nanoperiomorbaceae;g__Nanoperiomorbus;s__Nanoperiomorbus sp944391325	background
GCA_947304135.1	p__Patescibacteriota	o__Saccharimonadales	d__Bacteria;p__Patescibacteriota;c__Saccharimonadia;o__Saccharimonadales;f__Nanosyncoccaceae;g__Nanosyncoccus;s__Nanosyncoccus sp947304135	background
GCA_963519835.1	p__Patescibacteriota	o__Saccharimonadales	d__Bacteria;p__Patescibacteriota;c__Saccharimonadia;o__Saccharimonadales;f__Saccharimonadaceae;g__Saccharimonas;s__Saccharimonas sp963519835	background
GCA_963545035.1	p__Patescibacteriota	o__Saccharimonadales	d__Bacteria;p__Patescibacteriota;c__Saccharimonadia;o__Saccharimonadales;f__Nanogingivalaceae;g__Nanogingivalis;s__Nanogingivalis sp963545035	background
GCA_000296795.1	p__Planctomycetota	o__Brocadiales	d__Bacteria;p__Planctomycetota;c__Brocadiia;o__Brocadiales;f__Brocadiaceae;g__Jettenia;s__Jettenia caeni	background
GCA_002686595.1	p__Planctomycetota	o__UBA1135	d__Bacteria;p__Planctomycetota;c__UBA1135;o__UBA1135;f__GCA-002686595;g__GCA-2686595;s__GCA-2686595 sp002686595	background
GCA_003162245.1	p__Planctomycetota	o__UBA1845	d__Bacteria;p__Planctomycetota;c__Phycisphaerae;o__UBA1845;f__Fen-1342;g__Fen-1342;s__Fen-1342 sp003162245	background
GCA_003694875.1	p__Planctomycetota	o__J103	d__Bacteria;p__Planctomycetota;c__J058;o__J103;f__J103;g__J103;s__J103 sp003694875	background
GCA_007127495.1	p__Planctomycetota	o__Pirellulales	d__Bacteria;p__Planctomycetota;c__Planctomycetia;o__Pirellulales;f__Thermoguttaceae;g__PWXP01;s__PWXP01 sp007127495	background
GCA_009924765.1	p__Planctomycetota	o__Phycisphaerales	d__Bacteria;p__Planctomycetota;c__Phycisphaerae;o__Phycisphaerales;f__SM1A02;g__SYAC01;s__SYAC01 sp009924765	background
GCA_013152515.1	p__Planctomycetota	o__Pirellulales	d__Bacteria;p__Planctomycetota;c__Planctomycetia;o__Pirellulales;f__Lacipirellulaceae;g__Bythopirellula;s__Bythopirellula sp013152515	background
GCA_015075005.1	p__Planctomycetota	o__Brocadiales	d__Bacteria;p__Planctomycetota;c__Brocadiia;o__Brocadiales;f__Brocadiaceae;g__Brocadia;s__Brocadia sp015075005	background
GCA_016220035.1	p__Planctomycetota	o__UBA1135	d__Bacteria;p__Planctomycetota;c__UBA1135;o__UBA1135;f__GCA-002686595;g__JADJNY01;s__JADJNY01 sp016220035	background
GCA_016795005.1	p__Planctomycetota	o__Phycisphaerales	d__Bacteria;p__Planctomycetota;c__Phycisphaerae;o__Phycisphaerales;f__UBA1924;g__JAEUIV01;s__JAEUIV01 sp016795005	background
GCA_016930635.1	p__Planctomycetota	o__Sedimentisphaerales	d__Bacteria;p__Planctomycetota;c__Phycisphaerae;o__Sedimentisphaerales;f__UBA12454;g__JAFGGI01;s__JAFGGI01 sp016930635	background
GCA_017993835.1	p__Planctomycetota	o__Sedimentisphaerales	d__Bacteria;p__Planctomycetota;c__Phycisphaerae;o__Sedimentisphaerales;f__Anaerobacaceae;g__PLanc-01;s__PLanc-01 sp017993835	background
GCA_019636345.1	p__Planctomycetota	o__Pirellulales	d__Bacteria;p__Planctomycetota;c__Planctomycetia;o__Pirellulales;f__Lacipirellulaceae;g__GCA-2702655;s__GCA-2702655 sp019636345	background
GCA_020426125.1	p__Planctomycetota	o__Planctomycetales	d__Bacteria;p__Planctomycetota;c__Planctomycetia;o__Planctomycetales;f__Planctomycetaceae;g__HKST-UBA70;s__HKST-UBA70 sp020426125	background
GCA_020847515.1	p__Planctomycetota	o__Pirellulales	d__Bacteria;p__Planctomycetota;c__Planctomycetia;o__Pirellulales;f__Lacipirellulaceae;g__Lacipirellula;s__Lacipirellula sp020847515	background
GCA_021413845.1	p__Planctomycetota	o__Pirellulales	d__Bacteria;p__Planctomycetota;c__Planctomycetia;o__Pirellulales;f__PNKZ01;g__PNKZ01;s__PNKZ01 sp021413845	background
GCA_021852275.1	p__Planctomycetota	o__WQYP01	d__Bacteria;p__Planctomycetota;c__Phycisphaerae;o__WQYP01;f__WQYP01;g__JABEVA01;s__JABEVA01 sp021852275	background
GCA_022616435.1	p__Planctomycetota	o__Gemmatales	d__Bacteria;p__Planctomycetota;c__Planctomycetia;o__Gemmatales;f__Gemmataceae;g__JAKEET01;s__JAKEET01 sp022616435	background
GCA_023898685.1	p__Planctomycetota	o__Phycisphaerales	d__Bacteria;p__Planctomycetota;c__Phycisphaerae;o__Phycisphaerales;f__UBA1924;g__UBA1926;s__UBA1926 sp023898685	background
GCA_025352585.1	p__Planctomycetota	o__Gemmatales	d__Bacteria;p__Planctomycetota;c__Planctomycetia;o__Gemmatales;f__Gemmataceae;g__Fimbriiglobus;s__Fimbriiglobus sp025352585	background
GCA_026692825.1	p__Planctomycetota	o__Planctomycetales	d__Bacteria;p__Planctomycetota;c__Planctomycetia;o__Planctomycetales;f__Planctomycetaceae;g__UBA10511;s__UBA10511 sp026692825	background
GCA_027622195.1	p__Planctomycetota	o__Phycisphaerales	d__Bacteria;p__Planctomycetota;c__Phycisphaerae;o__Phycisphaerales;f__SM1A02;g__SXOD01;s__SXOD01 sp027622195	background
GCA_028694795.1	p__Planctomycetota	o__Pirellulales	d__Bacteria;p__Planctomycetota;c__Planctomycetia;o__Pirellulales;f__Thermoguttaceae;g__JAQVKF01;s__JAQVKF01 sp028694795	background
GCA_029260035.1	p__Planctomycetota	o__UBA1845	d__Bacteria;p__Planctomycetota;c__Phycisphaerae;o__UBA1845;f__UBA1845;g__OFTM303;s__OFTM303 sp029260035	background
GCA_029977865.1	p__Planctomycetota	o__Phycisphaerales	d__Bacteria;p__Planctomycetota;c__Phycisphaerae;o__Phycisphaerales;f__SM1A02;g__VGXO01;s__VGXO01 sp029977865	background
GCA_030607895.1	p__Planctomycetota	o__Pirellulales	d__Bacteria;p__Planctomycetota;c__Planctomycetia;o__Pirellulales;f__Thermoguttaceae;g__JAUWJC01;s__JAUWJC01 sp030607895	background
GCA_030950285.1	p__Planctomycetota	o__Phycisphaerales	d__Bacteria;p__Planctomycetota;c__Phycisphaerae;o__Phycisphaerales;f__UBA1924;g__PNC22;s__PNC22 sp030950285	background
GCA_031402175.1	p__Planctomycetota	o__Planctomycetales	d__Bacteria;p__Planctomycetota;c__Planctomycetia;o__Planctomycetales;f__Planctomycetaceae;g__JANNSB01;s__JANNSB01 sp031402175	background
GCA_033763695.1	p__Planctomycetota	o__Phycisphaerales	d__Bacteria;p__Planctomycetota;c__Phycisphaerae;o__Phycisphaerales;f__UBA1924;g__JANRKB01;s__JANRKB01 sp033763695	background
GCA_035504095.1	p__Planctomycetota	o__WQYP01	d__Bacteria;p__Planctomycetota;c__Phycisphaerae;o__WQYP01;f__WQYP01;g__DATJSN01;s__DATJSN01 sp035504095	background
GCA_035637055.1	p__Planctomycetota	o__Gemmatales	d__Bacteria;p__Planctomycetota;c__Planctomycetia;o__Gemmatales;f__Gemmataceae;g__DASPXY01;s__DASPXY01 sp035637055	background
GCA_036339395.1	p__Planctomycetota	o__Phycisphaerales	d__Bacteria;p__Planctomycetota;c__Phycisphaerae;o__Phycisphaerales;f__SM1A02;g__SP202;s__SP202 sp036339395	background
GCA_037133115.1	p__Planctomycetota	o__Pirellulales	d__Bacteria;p__Planctomycetota;c__Planctomycetia;o__Pirellulales;f__UBA1268;g__QWPN01;s__QWPN01 sp037133115	background
GCA_038238625.1	p__Planctomycetota	o__Tepidisphaerales	d__Bacteria;p__Planctomycetota;c__Phycisphaerae;o__Tepidisphaerales;f__Tepidisphaeraceae;g__JBBSFP01;s__JBBSFP01 sp038238625	background
GCA_039033855.1	p__Planctomycetota	o__Phycisphaerales	d__Bacteria;p__Planctomycetota;c__Phycisphaerae;o__Phycisphaerales;f__Phycisphaeraceae;g__JBCCBV01;s__JBCCBV01 sp039033855	background
GCA_039831725.1	p__Planctomycetota	o__Pirellulales	d__Bacteria;p__Planctomycetota;c__Planctomycetia;o__Pirellulales;f__UBA1268;g__UBA1268;s__UBA1268 sp039831725	background
GCA_040877365.1	p__Planctomycetota	o__Planctomycetales	d__Bacteria;p__Planctomycetota;c__Planctomycetia;o__Planctomycetales;f__Planctomycetaceae;g__JBBDNT01;s__JBBDNT01 sp040877365	background
GCA_041399155.1	p__Planctomycetota	o__Gemmatales	d__Bacteria;p__Planctomycetota;c__Planctomycetia;o__Gemmatales;f__Gemmataceae;g__JAWKTI01;s__JAWKTI01 sp041399155	background
GCA_041739785.1	p__Planctomycetota	o__Pirellulales	d__Bacteria;p__Planctomycetota;c__Planctomycetia;o__Pirellulales;f__Pirellulaceae;g__Aureliella;s__Aureliella sp041739785	background
GCA_041821185.1	p__Planctomycetota	o__Phycisphaerales	d__Bacteria;p__Planctomycetota;c__Phycisphaerae;o__Phycisphaerales;f__Phycisphaeraceae;g__JBBDPC01;s__JBBDPC01 sp041821185	background
GCA_903917235.1	p__Planctomycetota	o__Pirellulales	d__Bacteria;p__Planctomycetota;c__Planctomycetia;o__Pirellulales;f__UBA1268;g__QWPN01;s__QWPN01 sp903917235	background
GCA_937901265.1	p__Planctomycetota	o__WQYP01	d__Bacteria;p__Planctomycetota;c__Phycisphaerae;o__WQYP01;f__WQYP01;g__CALCHA01;s__CALCHA01 sp937901265	background
GCA_938008425.1	p__Planctomycetota	o__UBA1845	d__Bacteria;p__Planctomycetota;c__Phycisphaerae;o__UBA1845;f__UTPLA1;g__JADJRI01;s__JADJRI01 sp938008425	background
GCA_945883745.1	p__Planctomycetota	o__Pirellulales	d__Bacteria;p__Planctomycetota;c__Planctomycetia;o__Pirellulales;f__UBA1268;g__CACORA01;s__CACORA01 sp945883745	background
GCA_963556115.2	p__Planctomycetota	o__SZUA-567	d__Bacteria;p__Planctomycetota;c__SZUA-567;o__SZUA-567;f__SZUA-567;g__G963556115;s__G963556115 sp963556115	background
GCA_963974725.1	p__Planctomycetota	o__UBA2386	d__Bacteria;p__Planctomycetota;c__UBA1135;o__UBA2386;f__UBA2386;g__GCA-2684655;s__GCA-2684655 sp963974725	background
GCF_007741475.1	p__Planctomycetota	o__Pirellulales	d__Bacteria;p__Planctomycetota;c__Planctomycetia;o__Pirellulales;f__Pirellulaceae;g__Rosistilla;s__Rosistilla ulvae	background
GCF_009002475.1	p__Planctomycetota	o__Uabimicrobiales	d__Bacteria;p__Planctomycetota;c__Uabimicrobiia;o__Uabimicrobiales;f__Uabimicrobiaceae;g__Uabimicrobium;s__Uabimicrobium amorphum	background
GCA_000406005.1	p__Poribacteria	o__WGA-4E	d__Bacteria;p__Poribacteria;c__WGA-4E;o__WGA-4E;f__WGA-3G;g__WGA-3G;s__WGA-3G sp000406005	background
GCA_007571355.1	p__Poribacteria	o__WGA-4E	d__Bacteria;p__Poribacteria;c__WGA-4E;o__WGA-4E;f__WGA-3G;g__WGA-3G;s__WGA-3G sp007571355	background
GCA_012271015.1	p__Poribacteria	o__WGA-4E	d__Bacteria;p__Poribacteria;c__WGA-4E;o__WGA-4E;f__WGA-3G;g__WGA-3G;s__WGA-3G sp012271015	background
GCA_022820835.1	p__Poribacteria	o__WGA-4E	d__Bacteria;p__Poribacteria;c__WGA-4E;o__WGA-4E;f__WGA-3G;g__WGA-3G;s__WGA-3G sp022820835	background
GCA_022825825.1	p__Poribacteria	o__WGA-4E	d__Bacteria;p__Poribacteria;c__WGA-4E;o__WGA-4E;f__WGA-3G;g__MSPOR6;s__MSPOR6 sp022825825	background
GCA_026710795.1	p__Poribacteria	o__WGA-4E	d__Bacteria;p__Poribacteria;c__WGA-4E;o__WGA-4E;f__WGA-3G;g__MSPOR6;s__MSPOR6 sp026710795	background
GCA_030748495.1	p__Poribacteria	o__WGA-4E	d__Bacteria;p__Poribacteria;c__WGA-4E;o__WGA-4E;f__UBA9662;g__GCA-2699335;s__GCA-2699335 sp030748495	background
GCA_963662915.1	p__Poribacteria	o__WGA-4E	d__Bacteria;p__Poribacteria;c__WGA-4E;o__WGA-4E;f__WGA-3G;g__WGA-3G;s__WGA-3G sp963662915	background
GCA_000008885.1	p__Pseudomonadota	o__Enterobacterales_A	d__Bacteria;p__Pseudomonadota;c__Gammaproteobacteria;o__Enterobacterales_A;f__Enterobacteriaceae_A;g__Wigglesworthia;s__Wigglesworthia glossinidia_A	background
GCA_001464935.1	p__Pseudomonadota	o__Ga0077536	d__Bacteria;p__Pseudomonadota;c__Gammaproteobacteria;o__Ga0077536;f__Ga0077536;g__Ga0077536;s__Ga0077536 sp001464935	background
GCA_002101235.1	p__Pseudomonadota	o__Methylococcales	d__Bacteria;p__Pseudomonadota;c__Gammaproteobacteria;o__Methylococcales;f__Cycloclasticaceae;g__Cycloclasticus;s__Cycloclasticus sp002101235	background
GCA_002341315.1	p__Pseudomonadota	o__Pseudomonadales	d__Bacteria;p__Pseudomonadota;c__Gammaproteobacteria;o__Pseudomonadales;f__Porticoccaceae;g__Porticoccus;s__Porticoccus sp002341315	background
GCA_002429315.1	p__Pseudomonadota	o__Micropepsales	d__Bacteria;p__Pseudomonadota;c__Alphaproteobacteria;o__Micropepsales;f__Micropepsaceae;g__Rhizomicrobium;s__Rhizomicrobium sp002429315	background
GCA_002708265.1	p__Pseudomonadota	o__Berkiellales	d__Bacteria;p__Pseudomonadota;c__Gammaproteobacteria;o__Berkiellales;f__Berkiellaceae;g__GCA-2708265;s__GCA-2708265 sp002708265	background
GCA_002787635.1	p__Pseudomonadota	o__Rickettsiales	d__Bacteria;p__Pseudomonadota;c__Alphaproteobacteria;o__Rickettsiales;f__UBA6187;g__1-14-0-20-39-49;s__1-14-0-20-39-49 sp002787635	background
GCA_003217095.1	p__Pseudomonadota	o__Rhizobiales	d__Bacteria;p__Pseudomonadota;c__Alphaproteobacteria;o__Rhizobiales;f__Rhizobiaceae;g__Ferranicluibacter;s__Ferranicluibacter sp003217095	background
GCA_003523185.1	p__Pseudomonadota	o__Pseudomonadales	d__Bacteria;p__Pseudomonadota;c__Gammaproteobacteria;o__Pseudomonadales;f__Halieaceae;g__Luminiphilus;s__Luminiphilus sp003523185	background
GCA_004353515.1	p__Pseudomonadota	o__Enterobacterales	d__Bacteria;p__Pseudomonadota;c__Gammaproteobacteria;o__Enterobacterales;f__Alteromonadaceae;g__M269;s__M269 sp004353515	background
GCA_007134115.1	p__Pseudomonadota	o__UBA5335	d__Bacteria;p__Pseudomonadota;c__Gammaproteobacteria;o__UBA5335;f__UBA5335;g__SLLK01;s__SLLK01 sp007134115	background
GCA_009840305.1	p__Pseudomonadota	o__Pseudomonadales	d__Bacteria;p__Pseudomonadota;c__Gammaproteobacteria;o__Pseudomonadales;f__Azotimanducaceae;g__Bin55;s__Bin55 sp009840305	background
GCA_011523445.1	p__Pseudomonadota	o__Rhodobacterales	d__Bacteria;p__Pseudomonadota;c__Alphaproteobacteria;o__Rhodobacterales;f__Rhodobacteraceae;g__MPNP01;s__MPNP01 sp011523445	background
GCA_013153955.1	p__Pseudomonadota	o__Thiomicrospirales	d__Bacteria;p__Pseudomonadota;c__Gammaproteobacteria;o__Thiomicrospirales;f__Thiomicrospiraceae;g__Thiomicrorhabdus;s__Thiomicrorhabdus sp013153955	background
GCA_013822685.1	p__Pseudomonadota	o__Burkholderiales	d__Bacteria;p__Pseudomonadota;c__Gammaproteobacteria;o__Burkholderiales;f__Burkholderiaceae;g__Aquabacterium;s__Aquabacterium sp013822685	background
GCA_015228695.1	p__Pseudomonadota	o__Rhodospirillales	d__Bacteria;p__Pseudomonadota;c__Alphaproteobacteria;o__Rhodospirillales;f__Rhodospirillaceae;g__JADGDA01;s__JADGDA01 sp015228695	background
GCA_016191305.1	p__Pseudomonadota	o__Legionellales	d__Bacteria;p__Pseudomonadota;c__Gammaproteobacteria;o__Legionellales;f__Legionellaceae;g__Legionella;s__Legionella longbeachae_A	background
GCA_016716965.1	p__Pseudomonadota	o__Burkholderiales	d__Bacteria;p__Pseudomonadota;c__Gammaproteobacteria;o__Burkholderiales;f__Rhodocyclaceae;g__Sulfuritalea;s__Sulfuritalea sp016716965	background
GCA_016793865.1	p__Pseudomonadota	o__Sphingomonadales	d__Bacteria;p__Pseudomonadota;c__Alphaproteobacteria;o__Sphingomonadales;f__Sphingomonadaceae;g__Qipengyuania;s__Qipengyuania sp016793865	background
GCA_017451625.1	p__Pseudomonadota	o__Rs-D84	d__Bacteria;p__Pseudomonadota;c__Alphaproteobacteria;o__Rs-D84;f__Rs-D84;g__Enterousia;s__Enterousia sp017451625	background
GCA_017983955.1	p__Pseudomonadota	o__Burkholderiales	d__Bacteria;p__Pseudomonadota;c__Gammaproteobacteria;o__Burkholderiales;f__Burkholderiaceae;g__JAGOAJ01;s__JAGOAJ01 sp017983955	background
GCA_018369675.1	p__Pseudomonadota	o__Enterobacterales	d__Bacteria;p__Pseudomonadota;c__Gammaproteobacteria;o__Enterobacterales;f__Pasteurellaceae;g__Haemophilus_D;s__Haemophilus_D parainfluenzae_AC	background
GCA_018883385.1	p__Pseudomonadota	o__Burkholderiales	d__Bacteria;p__Pseudomonadota;c__Gammaproteobacteria;o__Burkholderiales;f__Rhodocyclaceae;g__Fluviibacter;s__Fluviibacter sp018883385	background
GCA_019635355.1	p__Pseudomonadota	o__Burkholderiales	d__Bacteria;p__Pseudomonadota;c__Gammaproteobacteria;o__Burkholderiales;f__Burkholderiaceae;g__Rhizobacter;s__Rhizobacter sp019635355	background
GCA_020248915.1	p__Pseudomonadota	o__Burkholderiales	d__Bacteria;p__Pseudomonadota;c__Gammaproteobacteria;o__Burkholderiales;f__Burkholderiaceae;g__Rubrivivax;s__Rubrivivax sp020248915	background
GCA_020720385.1	p__Pseudomonadota	o__Burkholderiales	d__Bacteria;p__Pseudomonadota;c__Gammaproteobacteria;o__Burkholderiales;f__Burkholderiaceae;g__Rubrivivax;s__Rubrivivax sp020720385	background
GCA_021413465.1	p__Pseudomonadota	o__Micropepsales	d__Bacteria;p__Pseudomonadota;c__Alphaproteobacteria;o__Micropepsales;f__Micropepsaceae;g__SZUA-430;s__SZUA-430 sp021413465	background
GCA_021775575.1	p__Pseudomonadota	o__Rhizobiales	d__Bacteria;p__Pseudomonadota;c__Alphaproteobacteria;o__Rhizobiales;f__Methyloligellaceae;g__JAJFHO01;s__JAJFHO01 sp021775575	background
GCA_021816425.1	p__Pseudomonadota	o__Acidiferrobacterales	d__Bacteria;p__Pseudomonadota;c__Gammaproteobacteria;o__Acidiferrobacterales;f__Acidiferrobacteraceae;g__Acidiferrobacter;s__Acidiferrobacter sp021816425	background
GCA_022572945.1	p__Pseudomonadota	o__JAAXGF01	d__Bacteria;p__Pseudomonadota;c__Alphaproteobacteria;o__JAAXGF01;f__JAAXGF01;g__JACZUY01;s__JACZUY01 sp022572945	background
GCA_023228705.1	p__Pseudomonadota	o__Burkholderiales	d__Bacteria;p__Pseudomonadota;c__Gammaproteobacteria;o__Burkholderiales;f__Burkholderiaceae;g__Ottowia;s__Ottowia sp023228705	background
GCA_023412655.1	p__Pseudomonadota	o__Caulobacterales	d__Bacteria;p__Pseudomonadota;c__Alphaproteobacteria;o__Caulobacterales;f__Caulobacteraceae;g__Phenylobacterium;s__Phenylobacterium sp023412655	background
GCA_024227475.1	p__Pseudomonadota	o__Rhodobacterales	d__Bacteria;p__Pseudomonadota;c__Alphaproteobacteria;o__Rhodobacterales;f__Rhodobacteraceae;g__Amylibacter;s__Amylibacter sp024227475	background
GCA_024640405.1	p__Pseudomonadota	o__Rhizobiales	d__Bacteria;p__Pseudomonadota;c__Alphaproteobacteria;o__Rhizobiales;f__Aestuariivirgaceae;g__Anderseniella;s__Anderseniella sp024640405	background
GCA_025353015.1	p__Pseudomonadota	o__Rhizobiales	d__Bacteria;p__Pseudomonadota;c__Alphaproteobacteria;o__Rhizobiales;f__Hyphomicrobiaceae;g__Ga0077555;s__Ga0077555 sp025353015	background
GCA_025997075.1	p__Pseudomonadota	o__Burkholderiales	d__Bacteria;p__Pseudomonadota;c__Gammaproteobacteria;o__Burkholderiales;f__Rhodocyclaceae;g__Propionivibrio;s__Propionivibrio sp025997075	background
GCA_026982555.1	p__Pseudomonadota	o__SZUA-152	d__Bacteria;p__Pseudomonadota;c__Gammaproteobacteria;o__SZUA-152;f__SZUA-152;g__SZUA-152;s__SZUA-152 sp026982555	background
GCA_027315365.1	p__Pseudomonadota	o__ATCC43930	d__Bacteria;p__Pseudomonadota;c__Alphaproteobacteria;o__ATCC43930;f__CGMCC-115725;g__DAHUYF01;s__DAHUYF01 sp027315365	background
GCA_027618305.1	p__Pseudomonadota	o__UBA6615	d__Bacteria;p__Pseudomonadota;c__Alphaproteobacteria;o__UBA6615;f__UBA6615;g__UBA8079;s__UBA8079 sp027618305	background
GCA_028289465.1	p__Pseudomonadota	o__Xanthomonadales	d__Bacteria;p__Pseudomonadota;c__Gammaproteobacteria;o__Xanthomonadales;f__SZUA-36;g__JANQPM01;s__JANQPM01 sp028289465	background
GCA_028822125.1	p__Pseudomonadota	o__Pseudomonadales	d__Bacteria;p__Pseudomonadota;c__Gammaproteobacteria;o__Pseudomonadales;f__Azotimanducaceae;g__UBA9926;s__UBA9926 sp028822125	background
GCA_029256685.1	p__Pseudomonadota	o__JAQSXL01	d__Bacteria;p__Pseudomonadota;c__Gammaproteobacteria;o__JAQSXL01;f__JAQSXL01;g__JAQSXL01;s__JAQSXL01 sp029256685	background
GCA_029945425.1	p__Pseudomonadota	o__Micavibrionales	d__Bacteria;p__Pseudomonadota;c__Alphaproteobacteria;o__Micavibrionales;f__UBA2020;g__JAPWJZ01;s__JAPWJZ01 sp029945425	background
GCA_030418115.1	p__Pseudomonadota	o__Enterobacterales	d__Bacteria;p__Pseudomonadota;c__Gammaproteobacteria;o__Enterobacterales;f__Alteromonadaceae;g__Neptunicella;s__Neptunicella sp030418115	background
GCA_030619405.1	p__Pseudomonadota	o__Chromatiales	d__Bacteria;p__Pseudomonadota;c__Gammaproteobacteria;o__Chromatiales;f__Sedimenticolaceae;g__JAUXBK01;s__JAUXBK01 sp030619405	background
GCA_030730585.1	p__Pseudomonadota	o__Pseudomonadales	d__Bacteria;p__Pseudomonadota;c__Gammaproteobacteria;o__Pseudomonadales;f__Halieaceae;g__Haliea;s__Haliea sp030730585	background
GCA_031258715.1	p__Pseudomonadota	o__Burkholderiales	d__Bacteria;p__Pseudomonadota;c__Gammaproteobacteria;o__Burkholderiales;f__Rhodocyclaceae;g__Azovibrio;s__Azovibrio sp031258715	background
GCA_031364405.1	p__Pseudomonadota	o__Rhizobiales	d__Bacteria;p__Pseudomonadota;c__Alphaproteobacteria;o__Rhizobiales;f__Aestuariivirgaceae;g__Aestuariivirga;s__Aestuariivirga sp031364405	background
GCA_031399315.1	p__Pseudomonadota	o__Burkholderiales	d__Bacteria;p__Pseudomonadota;c__Gammaproteobacteria;o__Burkholderiales;f__Methylophilaceae;g__Methylotenera_A;s__Methylotenera_A sp031399315	background
GCA_031424315.1	p__Pseudomonadota	o__Rhizobiales	d__Bacteria;p__Pseudomonadota;c__Alphaproteobacteria;o__Rhizobiales;f__Aestuariivirgaceae;g__Aestuariivirga;s__Aestuariivirga sp031424315	background
GCA_032251175.1	p__Pseudomonadota	o__Rhodobacterales	d__Bacteria;p__Pseudomonadota;c__Alphaproteobacteria;o__Rhodobacterales;f__Rhodobacteraceae;g__Thermohalobaculum;s__Thermohalobaculum sp032251175	background
GCA_034519945.1	p__Pseudomonadota	o__Enterobacterales	d__Bacteria;p__Pseudomonadota;c__Gammaproteobacteria;o__Enterobacterales;f__Alteromonadaceae;g__Pararheinheimera;s__Pararheinheimera sp034519945	background
GCA_035296545.1	p__Pseudomonadota	o__Rhizobiales	d__Bacteria;p__Pseudomonadota;c__Alphaproteobacteria;o__Rhizobiales;f__Beijerinckiaceae;g__Microvirga;s__Microvirga sp035296545	background
GCA_035476815.1	p__Pseudomonadota	o__Burkholderiales	d__Bacteria;p__Pseudomonadota;c__Gammaproteobacteria;o__Burkholderiales;f__Burkholderiaceae;g__Methylibium;s__Methylibium sp035476815	background
GCA_035531235.1	p__Pseudomonadota	o__Halothiobacillales	d__Bacteria;p__Pseudomonadota;c__Gammaproteobacteria;o__Halothiobacillales;f__Halothiobacillaceae;g__Halothiobacillus;s__Halothiobacillus sp035531235	background
GCA_035570795.1	p__Pseudomonadota	o__Micropepsales	d__Bacteria;p__Pseudomonadota;c__Alphaproteobacteria;o__Micropepsales;f__Micropepsaceae;g__Rhizomicrobium;s__Rhizomicrobium sp035570795	background
GCA_035651315.1	p__Pseudomonadota	o__Burkholderiales	d__Bacteria;p__Pseudomonadota;c__Gammaproteobacteria;o__Burkholderiales;f__DASRFY01;g__DASRFY01;s__DASRFY01 sp035651315	background
GCA_035943155.1	p__Pseudomonadota	o__Rhizobiales	d__Bacteria;p__Pseudomonadota;c__Alphaproteobacteria;o__Rhizobiales;f__Xanthobacteraceae;g__BOG-931;s__BOG-931 sp035943155	background
GCA_036274735.1	p__Pseudomonadota	o__Burkholderiales	d__Bacteria;p__Pseudomonadota;c__Gammaproteobacteria;o__Burkholderiales;f__SG8-39;g__SCGC-AG-212-J23;s__SCGC-AG-212-J23 sp036274735	background
GCA_036398335.1	p__Pseudomonadota	o__Rhizobiales	d__Bacteria;p__Pseudomonadota;c__Alphaproteobacteria;o__Rhizobiales;f__Xanthobacteraceae;g__Afipia;s__Afipia sp036398335	background
GCA_036508025.1	p__Pseudomonadota	o__Burkholderiales	d__Bacteria;p__Pseudomonadota;c__Gammaproteobacteria;o__Burkholderiales;f__Burkholderiaceae;g__Rhodoferax;s__Rhodoferax sp036508025	background
GCA_036689335.1	p__Pseudomonadota	o__Enterobacterales_A	d__Bacteria;p__Pseudomonadota;c__Gammaproteobacteria;o__Enterobacterales_A;f__Enterobacteriaceae_A;g__Stammera;s__Stammera capleta_V	background
GCA_037049705.1	p__Pseudomonadota	o__Pseudomonadales	d__Bacteria;p__Pseudomonadota;c__Gammaproteobacteria;o__Pseudomonadales;f__Pseudomonadaceae;g__Pseudomonas_E;s__Pseudomonas_E sp037049705	background
GCA_038104835.1	p__Pseudomonadota	o__Pseudomonadales	d__Bacteria;p__Pseudomonadota;c__Gammaproteobacteria;o__Pseudomonadales;f__Pseudohongiellaceae;g__UBA9145;s__UBA9145 sp038104835	background
GCA_038216465.1	p__Pseudomonadota	o__Burkholderiales	d__Bacteria;p__Pseudomonadota;c__Gammaproteobacteria;o__Burkholderiales;f__Burkholderiaceae;g__JACCZX01;s__JACCZX01 sp038216465	background
GCA_038330285.1	p__Pseudomonadota	o__Rhizobiales	d__Bacteria;p__Pseudomonadota;c__Alphaproteobacteria;o__Rhizobiales;f__Aestuariivirgaceae;g__Aestuariivirga;s__Aestuariivirga sp038330285	background
GCA_039030215.1	p__Pseudomonadota	o__Rhizobiales	d__Bacteria;p__Pseudomonadota;c__Alphaproteobacteria;o__Rhizobiales;f__Rhizobiaceae;g__BOKV01;s__BOKV01 sp039030215	background
GCA_039804875.1	p__Pseudomonadota	o__Burkholderiales	d__Bacteria;p__Pseudomonadota;c__Gammaproteobacteria;o__Burkholderiales;f__Burkholderiaceae;g__Malikia;s__Malikia sp039804875	background
GCA_039925525.1	p__Pseudomonadota	o__Burkholderiales	d__Bacteria;p__Pseudomonadota;c__Gammaproteobacteria;o__Burkholderiales;f__Burkholderiaceae;g__Variovorax;s__Variovorax sp039925525	background
GCA_040217575.1	p__Pseudomonadota	o__UBA8366	d__Bacteria;p__Pseudomonadota;c__Alphaproteobacteria;o__UBA8366;f__GCA-2696645;g__Pacificispira;s__Pacificispira sp040217575	background
GCA_040389985.1	p__Pseudomonadota	o__Sphingomonadales	d__Bacteria;p__Pseudomonadota;c__Alphaproteobacteria;o__Sphingomonadales;f__Sphingomonadaceae;g__Sphingobium;s__Sphingobium sp040389985	background
GCA_040901465.1	p__Pseudomonadota	o__Rhizobiales	d__Bacteria;p__Pseudomonadota;c__Alphaproteobacteria;o__Rhizobiales;f__Xanthobacteraceae;g__JAUSIF01;s__JAUSIF01 sp040901465	background
GCA_041397675.1	p__Pseudomonadota	o__Rhizobiales	d__Bacteria;p__Pseudomonadota;c__Alphaproteobacteria;o__Rhizobiales;f__Methyloligellaceae;g__Methyloceanibacter;s__Methyloceanibacter sp041397675	background
GCA_041603535.1	p__Pseudomonadota	o__Pseudomonadales	d__Bacteria;p__Pseudomonadota;c__Gammaproteobacteria;o__Pseudomonadales;f__Porticoccaceae;g__HB2-32-21;s__HB2-32-21 sp041603535	background
GCA_041738055.1	p__Pseudomonadota	o__Rhizobiales	d__Bacteria;p__Pseudomonadota;c__Alphaproteobacteria;o__Rhizobiales;f__Hyphomicrobiaceae;g__Filomicrobium;s__Filomicrobium sp041738055	background
GCA_900472785.1	p__Pseudomonadota	o__Rhizobiales	d__Bacteria;p__Pseudomonadota;c__Alphaproteobacteria;o__Rhizobiales;f__Rhizobiaceae;g__Pararhizobium;s__Pararhizobium sp900472785	background
GCA_902519375.1	p__Pseudomonadota	o__Pelagibacterales	d__Bacteria;p__Pseudomonadota;c__Alphaproteobacteria;o__Pelagibacterales;f__Pelagibacteraceae;g__Pelagibacter;s__Pelagibacter sp902519375	background
GCA_902537895.1	p__Pseudomonadota	o__Pelagibacterales	d__Bacteria;p__Pseudomonadota;c__Alphaproteobacteria;o__Pelagibacterales;f__Pelagibacteraceae;g__Pelagibacter;s__Pelagibacter sp902537895	background
GCA_902560225.1	p__Pseudomonadota	o__Pelagibacterales	d__Bacteria;p__Pseudomonadota;c__Alphaproteobacteria;o__Pelagibacterales;f__Pelagibacteraceae;g__Pelagibacter;s__Pelagibacter sp902560225	background
GCA_902579395.1	p__Pseudomonadota	o__TMED127	d__Bacteria;p__Pseudomonadota;c__Alphaproteobacteria;o__TMED127;f__TMED127;g__GCA-2691245;s__GCA-2691245 sp902579395	background
GCA_902595405.1	p__Pseudomonadota	o__Pelagibacterales	d__Bacteria;p__Pseudomonadota;c__Alphaproteobacteria;o__Pelagibacterales;f__Pelagibacteraceae;g__Pelagibacter;s__Pelagibacter sp902595405	background
GCA_902611715.1	p__Pseudomonadota	o__Pelagibacterales	d__Bacteria;p__Pseudomonadota;c__Alphaproteobacteria;o__Pelagibacterales;f__AG-422-B15;g__AG-422-B15;s__AG-422-B15 sp902611715	background
GCA_902628925.1	p__Pseudomonadota	o__SAR86	d__Bacteria;p__Pseudomonadota;c__Gammaproteobacteria;o__SAR86;f__D2472;g__MED-G82;s__MED-G82 sp902628925	background
GCA_903825645.1	p__Pseudomonadota	o__Ga0077536	d__Bacteria;p__Pseudomonadota;c__Gammaproteobacteria;o__Ga0077536;f__Ga0077536;g__CAIKBL01;s__CAIKBL01 sp903825645	background
GCA_903884435.1	p__Pseudomonadota	o__Rhizobiales	d__Bacteria;p__Pseudomonadota;c__Alphaproteobacteria;o__Rhizobiales;f__Beijerinckiaceae;g__28-YEA-48;s__28-YEA-48 sp903884435	background
GCA_903938815.1	p__Pseudomonadota	o__Burkholderiales	d__Bacteria;p__Pseudomonadota;c__Gammaproteobacteria;o__Burkholderiales;f__Burkholderiaceae;g__Rubrivivax;s__Rubrivivax sp903938815	background
GCA_913009875.1	p__Pseudomonadota	o__SZUA-152	d__Bacteria;p__Pseudomonadota;c__Gammaproteobacteria;o__SZUA-152;f__SZUA-152;g__DRQN01;s__DRQN01 sp913009875	background
GCA_913064775.1	p__Pseudomonadota	o__Rhodobacterales	d__Bacteria;p__Pseudomonadota;c__Alphaproteobacteria;o__Rhodobacterales;f__Rhodobacteraceae;g__Acidimangrovimonas;s__Acidimangrovimonas sp913064775	background
GCA_937883775.1	p__Pseudomonadota	o__Rhodobacterales	d__Bacteria;p__Pseudomonadota;c__Alphaproteobacteria;o__Rhodobacterales;f__Rhodobacteraceae;g__JAHTBL01;s__JAHTBL01 sp937883775	background
GCA_937973905.1	p__Pseudomonadota	o__Arenicellales	d__Bacteria;p__Pseudomonadota;c__Gammaproteobacteria;o__Arenicellales;f__Arenicellaceae;g__Arenicella;s__Arenicella sp937973905	background
GCA_943787415.1	p__Pseudomonadota	o__Rhizobiales	d__Bacteria;p__Pseudomonadota;c__Alphaproteobacteria;o__Rhizobiales;f__Rhizobiaceae;g__R2A130;s__R2A130 sp905480295	background
GCA_945860425.1	p__Pseudomonadota	o__Sphingomonadales	d__Bacteria;p__Pseudomonadota;c__Alphaproteobacteria;o__Sphingomonadales;f__Sphingomonadaceae;g__Aquisediminimonas;s__Aquisediminimonas paucimobilis_A	background
GCA_945901965.1	p__Pseudomonadota	o__Legionellales	d__Bacteria;p__Pseudomonadota;c__Gammaproteobacteria;o__Legionellales;f__Legionellaceae;g__JAGVKL01;s__JAGVKL01 sp945901965	background
GCA_947085925.1	p__Pseudomonadota	o__Ga0077554	d__Bacteria;p__Pseudomonadota;c__Gammaproteobacteria;o__Ga0077554;f__Ga007554;g__LNEJ01;s__LNEJ01 sp947085925	background
GCA_947452455.1	p__Pseudomonadota	o__Rhizobiales	d__Bacteria;p__Pseudomonadota;c__Alphaproteobacteria;o__Rhizobiales;f__Beijerinckiaceae;g__28-YEA-48;s__28-YEA-48 sp947452455	background
GCA_947479185.1	p__Pseudomonadota	o__Caulobacterales	d__Bacteria;p__Pseudomonadota;c__Alphaproteobacteria;o__Caulobacterales;f__Caulobacteraceae;g__Caulobacter;s__Caulobacter sp947479185	background
GCA_947625105.1	p__Pseudomonadota	o__Burkholderiales	d__Bacteria;p__Pseudomonadota;c__Gammaproteobacteria;o__Burkholderiales;f__Burkholderiaceae;g__Parasutterella;s__Parasutterella sp947625105	background
GCA_963541805.1	p__Pseudomonadota	o__Rs-D84	d__Bacteria;p__Pseudomonadota;c__Alphaproteobacteria;o__Rs-D84;f__CASDRH01;g__CAUTVF01;s__CAUTVF01 sp963541805	background
GCA_963923945.1	p__Pseudomonadota	o__G963923945	d__Bacteria;p__Pseudomonadota;c__Alphaproteobacteria;o__G963923945;f__G963923945;g__G963923945;s__G963923945 sp963923945	background
GCA_964195735.1	p__Pseudomonadota	o__GCA-001735895	d__Bacteria;p__Pseudomonadota;c__Gammaproteobacteria;o__GCA-001735895;f__GCA-001735895;g__GCA-001735895;s__GCA-001735895 sp964195735	background
GCF_000148645.1	p__Pseudomonadota	o__Enterobacterales	d__Bacteria;p__Pseudomonadota;c__Gammaproteobacteria;o__Enterobacterales;f__Shewanellaceae;g__Ferrimonas;s__Ferrimonas balearica	background
GCF_000256565.1	p__Pseudomonadota	o__Burkholderiales	d__Bacteria;p__Pseudomonadota;c__Gammaproteobacteria;o__Burkholderiales;f__Burkholderiaceae;g__Herbaspirillum;s__Herbaspirillum lusitanum	background
GCF_000369805.1	p__Pseudomonadota	o__Pseudomonadales	d__Bacteria;p__Pseudomonadota;c__Gammaproteobacteria;o__Pseudomonadales;f__Moraxellaceae;g__Acinetobacter;s__Acinetobacter sp000369805	background
GCF_000427805.1	p__Pseudomonadota	o__Enterobacterales	d__Bacteria;p__Pseudomonadota;c__Gammaproteobacteria;o__Enterobacterales;f__Enterobacteriaceae;g__Budvicia;s__Budvicia aquatica	background
GCF_000621205.1	p__Pseudomonadota	o__Pseudomonadales	d__Bacteria;p__Pseudomonadota;c__Gammaproteobacteria;o__Pseudomonadales;f__Halomonadaceae;g__Halotalea;s__Halotalea alkalilenta	background
GCF_000760595.1	p__Pseudomonadota	o__Pseudomonadales	d__Bacteria;p__Pseudomonadota;c__Gammaproteobacteria;o__Pseudomonadales;f__Moraxellaceae;g__Acinetobacter;s__Acinetobacter soli	background
GCF_000972785.3	p__Pseudomonadota	o__Burkholderiales	d__Bacteria;p__Pseudomonadota;c__Gammaproteobacteria;o__Burkholderiales;f__Burkholderiaceae;g__Pandoraea;s__Pandoraea oxalativorans	background
GCF_001414055.1	p__Pseudomonadota	o__Caulobacterales	d__Bacteria;p__Pseudomonadota;c__Alphaproteobacteria;o__Caulobacterales;f__Caulobacteraceae;g__Caulobacter;s__Caulobacter henricii	background
GCF_001468135.1	p__Pseudomonadota	o__Legionellales	d__Bacteria;p__Pseudomonadota;c__Gammaproteobacteria;o__Legionellales;f__Legionellaceae;g__Legionella;s__Legionella santicrucis	background
GCF_001628715.1	p__Pseudomonadota	o__Acetobacterales	d__Bacteria;p__Pseudomonadota;c__Alphaproteobacteria;o__Acetobacterales;f__Acetobacteraceae;g__Acetobacter;s__Acetobacter oryzifermentans	background
GCF_001748145.1	p__Pseudomonadota	o__Rhizobiales	d__Bacteria;p__Pseudomonadota;c__Alphaproteobacteria;o__Rhizobiales;f__Beijerinckiaceae;g__Bosea;s__Bosea sp001748145	background
GCF_002014985.1	p__Pseudomonadota	o__Pseudomonadales	d__Bacteria;p__Pseudomonadota;c__Gammaproteobacteria;o__Pseudomonadales;f__Moraxellaceae;g__Moraxella;s__Moraxella caviae	background
GCF_002217795.2	p__Pseudomonadota	o__Burkholderiales	d__Bacteria;p__Pseudomonadota;c__Gammaproteobacteria;o__Burkholderiales;f__Chromobacteriaceae;g__Aquitalea;s__Aquitalea magnusonii_B	background
GCF_002723955.1	p__Pseudomonadota	o__Acetobacterales	d__Bacteria;p__Pseudomonadota;c__Alphaproteobacteria;o__Acetobacterales;f__Acetobacteraceae;g__Gluconobacter_A;s__Gluconobacter_A frateurii	background
GCF_002917095.1	p__Pseudomonadota	o__Burkholderiales	d__Bacteria;p__Pseudomonadota;c__Gammaproteobacteria;o__Burkholderiales;f__Burkholderiaceae;g__Paraburkholderia;s__Paraburkholderia eburnea	background
GCF_003060895.1	p__Pseudomonadota	o__Burkholderiales	d__Bacteria;p__Pseudomonadota;c__Gammaproteobacteria;o__Burkholderiales;f__Burkholderiaceae;g__Acidovorax;s__Acidovorax sp003060895	background
GCF_003259955.1	p__Pseudomonadota	o__Rhizobiales	d__Bacteria;p__Pseudomonadota;c__Alphaproteobacteria;o__Rhizobiales;f__Rhizobiaceae;g__Brucella;s__Brucella ovis_A	background
GCF_003574465.1	p__Pseudomonadota	o__Rhizobiales	d__Bacteria;p__Pseudomonadota;c__Alphaproteobacteria;o__Rhizobiales;f__Beijerinckiaceae;g__Methylobacterium;s__Methylobacterium crusticola	background
GCF_003863335.1	p__Pseudomonadota	o__Rhodobacterales	d__Bacteria;p__Pseudomonadota;c__Alphaproteobacteria;o__Rhodobacterales;f__Rhodobacteraceae;g__Wagnerdoeblera;s__Wagnerdoeblera faecalis	background
GCF_004194535.1	p__Pseudomonadota	o__Burkholderiales	d__Bacteria;p__Pseudomonadota;c__Gammaproteobacteria;o__Burkholderiales;f__Chitinibacteraceae;g__Iodobacter;s__Iodobacter fluviatilis_A	background
GCF_004519305.1	p__Pseudomonadota	o__Pseudomonadales	d__Bacteria;p__Pseudomonadota;c__Gammaproteobacteria;o__Pseudomonadales;f__Pseudomonadaceae;g__Pseudomonas_E;s__Pseudomonas_E sp004519305	background
GCF_005886345.1	p__Pseudomonadota	o__Enterobacterales	d__Bacteria;p__Pseudomonadota;c__Gammaproteobacteria;o__Enterobacterales;f__Alteromonadaceae;g__Pseudoalteromonas;s__Pseudoalteromonas phenolica_A	background
GCF_007830545.1	p__Pseudomonadota	o__Rhizobiales	d__Bacteria;p__Pseudomonadota;c__Alphaproteobacteria;o__Rhizobiales;f__Stappiaceae;g__Roseibium;s__Roseibium hamelinense	background
GCF_009183815.1	p__Pseudomonadota	o__Burkholderiales	d__Bacteria;p__Pseudomonadota;c__Gammaproteobacteria;o__Burkholderiales;f__Burkholderiaceae;g__Sutterella;s__Sutterella seckii_A	background
GCF_009827305.1	p__Pseudomonadota	o__Sphingomonadales	d__Bacteria;p__Pseudomonadota;c__Alphaproteobacteria;o__Sphingomonadales;f__Sphingomonadaceae;g__Croceibacterium;s__Croceibacterium xixiisoli	background
GCF_011058215.1	p__Pseudomonadota	o__Rhizobiales	d__Bacteria;p__Pseudomonadota;c__Alphaproteobacteria;o__Rhizobiales;f__Devosiaceae;g__Devosia;s__Devosia aurantiaca	background
GCF_012848855.1	p__Pseudomonadota	o__CGMCC-115125	d__Bacteria;p__Pseudomonadota;c__Alphaproteobacteria;o__CGMCC-115125;f__CGMCC-115125;g__Pyruvatibacter;s__Pyruvatibacter mobilis	background
GCF_013374995.1	p__Pseudomonadota	o__Pseudomonadales	d__Bacteria;p__Pseudomonadota;c__Gammaproteobacteria;o__Pseudomonadales;f__Pseudomonadaceae;g__Pseudomonas_E;s__Pseudomonas_E eucalypticola	background
GCF_014195325.1	p__Pseudomonadota	o__Rhizobiales	d__Bacteria;p__Pseudomonadota;c__Alphaproteobacteria;o__Rhizobiales;f__Rhizobiaceae;g__Rhizobium;s__Rhizobium sp014195325	background
GCF_014490485.1	p__Pseudomonadota	o__Acetobacterales	d__Bacteria;p__Pseudomonadota;c__Alphaproteobacteria;o__Acetobacterales;f__Acetobacteraceae;g__Pseudoroseomonas;s__Pseudoroseomonas aerophila	background
GCF_014861485.1	p__Pseudomonadota	o__Rhodospirillales	d__Bacteria;p__Pseudomonadota;c__Alphaproteobacteria;o__Rhodospirillales;f__Rhodospirillaceae;g__Phaeovibrio;s__Phaeovibrio sulfidiphilus	background
GCF_016428585.1	p__Pseudomonadota	o__Rhodobacterales	d__Bacteria;p__Pseudomonadota;c__Alphaproteobacteria;o__Rhodobacterales;f__Rhodobacteraceae;g__Sedimentitalea;s__Sedimentitalea arenosa	background
GCF_017104565.1	p__Pseudomonadota	o__Burkholderiales	d__Bacteria;p__Pseudomonadota;c__Gammaproteobacteria;o__Burkholderiales;f__Burkholderiaceae;g__Paraburkholderia;s__Paraburkholderia sp017104565	background
GCF_018122625.2	p__Pseudomonadota	o__Xanthomonadales	d__Bacteria;p__Pseudomonadota;c__Gammaproteobacteria;o__Xanthomonadales;f__Xanthomonadaceae;g__Coralloluteibacterium;s__Coralloluteibacterium stylophorae	background
GCF_018802765.1	p__Pseudomonadota	o__Burkholderiales	d__Bacteria;p__Pseudomonadota;c__Gammaproteobacteria;o__Burkholderiales;f__Chromobacteriaceae;g__Paludibacterium;s__Paludibacterium sp018802765	background
GCF_019511345.1	p__Pseudomonadota	o__Rhizobiales	d__Bacteria;p__Pseudomonadota;c__Alphaproteobacteria;o__Rhizobiales;f__Rhizobiaceae;g__Rhizobium;s__Rhizobium mesosinicum	background
GCF_020510585.1	p__Pseudomonadota	o__Burkholderiales	d__Bacteria;p__Pseudomonadota;c__Gammaproteobacteria;o__Burkholderiales;f__Rhodocyclaceae;g__Azonexus;s__Azonexus sp018780195	background
GCF_021513195.1	p__Pseudomonadota	o__Enterobacterales	d__Bacteria;p__Pseudomonadota;c__Gammaproteobacteria;o__Enterobacterales;f__Shewanellaceae;g__Shewanella;s__Shewanella sp021513195	background
GCF_022814865.1	p__Pseudomonadota	o__Rhodobacterales	d__Bacteria;p__Pseudomonadota;c__Alphaproteobacteria;o__Rhodobacterales;f__Rhodobacteraceae;g__Shimia;s__Shimia aestuarii_A	background
GCF_023634645.1	p__Pseudomonadota	o__Enterobacterales	d__Bacteria;p__Pseudomonadota;c__Gammaproteobacteria;o__Enterobacterales;f__Vibrionaceae;g__Vibrio;s__Vibrio sinus	background
GCF_024496245.1	p__Pseudomonadota	o__Sphingomonadales	d__Bacteria;p__Pseudomonadota;c__Alphaproteobacteria;o__Sphingomonadales;f__Sphingomonadaceae;g__Sphingomonas;s__Sphingomonas qomolangmaensis	background
GCF_025699485.1	p__Pseudomonadota	o__Burkholderiales	d__Bacteria;p__Pseudomonadota;c__Gammaproteobacteria;o__Burkholderiales;f__Rhodocyclaceae;g__Thauera;s__Thauera sp025699485	background
GCF_027213785.1	p__Pseudomonadota	o__Rhodobacterales	d__Bacteria;p__Pseudomonadota;c__Alphaproteobacteria;o__Rhodobacterales;f__Rhodobacteraceae;g__Limimaricola;s__Limimaricola sp027213785	background
GCF_028714215.1	p__Pseudomonadota	o__Burkholderiales	d__Bacteria;p__Pseudomonadota;c__Gammaproteobacteria;o__Burkholderiales;f__Burkholderiaceae;g__Rhodoferax;s__Rhodoferax sp028714215	background
GCF_029906645.1	p__Pseudomonadota	o__Sphingomonadales	d__Bacteria;p__Pseudomonadota;c__Alphaproteobacteria;o__Sphingomonadales;f__Sphingomonadaceae;g__Sphingomonas_N;s__Sphingomonas_N oryzagri	background
GCF_030409225.1	p__Pseudomonadota	o__Nitrococcales	d__Bacteria;p__Pseudomonadota;c__Gammaproteobacteria;o__Nitrococcales;f__Aquisalimonadaceae;g__Aquisalimonas;s__Aquisalimonas lutea	background
GCF_030812785.1	p__Pseudomonadota	o__Sphingomonadales	d__Bacteria;p__Pseudomonadota;c__Alphaproteobacteria;o__Sphingomonadales;f__Sphingomonadaceae;g__Sphingomonas;s__Sphingomonas kyeonggiensis_B	background
GCF_032067225.1	p__Pseudomonadota	o__Caulobacterales	d__Bacteria;p__Pseudomonadota;c__Alphaproteobacteria;o__Caulobacterales;f__Caulobacteraceae;g__Brevundimonas;s__Brevundimonas vesicularis_F	background
GCF_034522235.1	p__Pseudomonadota	o__UBA6429	d__Bacteria;p__Pseudomonadota;c__Gammaproteobacteria;o__UBA6429;f__Thiohalophilaceae;g__Thiohalophilus;s__Thiohalophilus sp034522235	background
GCF_035999205.1	p__Pseudomonadota	o__Rhizobiales	d__Bacteria;p__Pseudomonadota;c__Alphaproteobacteria;o__Rhizobiales;f__Beijerinckiaceae;g__Bosea;s__Bosea sp035999205	background
GCF_036880405.1	p__Pseudomonadota	o__Enterobacterales	d__Bacteria;p__Pseudomonadota;c__Gammaproteobacteria;o__Enterobacterales;f__Pasteurellaceae;g__Mannheimia;s__Mannheimia indoligenes	background
GCF_038719015.1	p__Pseudomonadota	o__Acetobacterales	d__Bacteria;p__Pseudomonadota;c__Alphaproteobacteria;o__Acetobacterales;f__Acetobacteraceae;g__Gluconacetobacter;s__Gluconacetobacter vanlangensis	background
GCF_039975035.1	p__Pseudomonadota	o__Rhizobiales	d__Bacteria;p__Pseudomonadota;c__Alphaproteobacteria;o__Rhizobiales;f__Rhizobiaceae;g__Hoeflea;s__Hoeflea sp039975035	background
GCF_040812055.1	p__Pseudomonadota	o__Burkholderiales	d__Bacteria;p__Pseudomonadota;c__Gammaproteobacteria;o__Burkholderiales;f__Burkholderiaceae;g__Paraburkholderia;s__Paraburkholderia sp040812055	background
GCF_900089955.1	p__Pseudomonadota	o__Burkholderiales	d__Bacteria;p__Pseudomonadota;c__Gammaproteobacteria;o__Burkholderiales;f__Rhodocyclaceae;g__Accumulibacter;s__Accumulibacter aalborgensis	background
GCF_900109705.1	p__Pseudomonadota	o__Rhodobacterales	d__Bacteria;p__Pseudomonadota;c__Alphaproteobacteria;o__Rhodobacterales;f__Rhodobacteraceae;g__Roseivivax;s__Roseivivax marinus	background
GCF_900129845.1	p__Pseudomonadota	o__Rhodobacterales	d__Bacteria;p__Pseudomonadota;c__Alphaproteobacteria;o__Rhodobacterales;f__Rhodobacteraceae;g__Cognatiyoonia;s__Cognatiyoonia sediminum	background
GCF_900250075.1	p__Pseudomonadota	o__Burkholderiales	d__Bacteria;p__Pseudomonadota;c__Gammaproteobacteria;o__Burkholderiales;f__Burkholderiaceae;g__Cupriavidus;s__Cupriavidus taiwanensis_C	background
GCF_902706285.1	p__Pseudomonadota	o__Rhizobiales	d__Bacteria;p__Pseudomonadota;c__Alphaproteobacteria;o__Rhizobiales;f__Rhizobiaceae;g__Rhizobium;s__Rhizobium sp902706285	background
GCF_923077115.1	p__Pseudomonadota	o__Pseudomonadales	d__Bacteria;p__Pseudomonadota;c__Gammaproteobacteria;o__Pseudomonadales;f__DSM-100316;g__Sinobacterium;s__Sinobacterium norvegicum	background
GCF_947504105.1	p__Pseudomonadota	o__Rhodobacterales	d__Bacteria;p__Pseudomonadota;c__Alphaproteobacteria;o__Rhodobacterales;f__Rhodobacteraceae;g__Tateyamaria;s__Tateyamaria sp947504105	background
GCA_001797815.1	p__RBG-13-61-14	o__RBG-13-61-14	d__Bacteria;p__RBG-13-61-14;c__RBG-13-61-14;o__RBG-13-61-14;f__RBG-13-61-14;g__RBG-13-61-14;s__RBG-13-61-14 sp001797815	background
GCA_001774505.1	p__RBG-13-66-14	o__RBG-13-66-14	d__Bacteria;p__RBG-13-66-14;c__RBG-13-66-14;o__RBG-13-66-14;f__RBG-13-66-14;g__RBG-13-66-14;s__RBG-13-66-14 sp001774505	background
GCA_020348885.1	p__RBG-13-66-14	o__WVWN01	d__Bacteria;p__RBG-13-66-14;c__B26-G2;o__WVWN01;f__G020348885;g__G020348885;s__G020348885 sp020348885	background
GCA_030613505.1	p__RBG-13-66-14	o__WVWN01	d__Bacteria;p__RBG-13-66-14;c__B26-G2;o__WVWN01;f__WVWN01;g__WVWN01;s__WVWN01 sp030613505	background
GCA_024222485.1	p__RUG730	o__RUG730	d__Bacteria;p__RUG730;c__RUG730;o__RUG730;f__JAAEPJ01;g__JAAEPJ01;s__JAAEPJ01 sp024222485	background
GCA_002070645.1	p__Ratteibacteria	o__B48-G9	d__Bacteria;p__Ratteibacteria;c__UBA8468;o__B48-G9;f__DTJG01;g__DTJG01;s__DTJG01 sp002070645	background
GCA_021160565.1	p__Ratteibacteria	o__B48-G9	d__Bacteria;p__Ratteibacteria;c__UBA8468;o__B48-G9;f__JAFGKM01;g__JAGHCG01;s__JAGHCG01 sp021160565	background
GCA_023818785.1	p__Ratteibacteria	o__B48-G9	d__Bacteria;p__Ratteibacteria;c__UBA8468;o__B48-G9;f__JAFGKM01;g__JAMWDI01;s__JAMWDI01 sp023818785	background
GCA_026387085.1	p__Ratteibacteria	o__MWAK01	d__Bacteria;p__Ratteibacteria;c__UBA8468;o__MWAK01;f__MWAK01;g__JAHJUB01;s__JAHJUB01 sp026387085	background
GCA_030637775.1	p__Ratteibacteria	o__UBA8468	d__Bacteria;p__Ratteibacteria;c__UBA8468;o__UBA8468;f__UBA8468;g__DAOVGU01;s__DAOVGU01 sp030637775	background
GCA_000224765.2	p__SAR324	o__SAR324	d__Bacteria;p__SAR324;c__SAR324;o__SAR324;f__NAC60-12;g__JCVI-SCAAA005;s__JCVI-SCAAA005 sp000224765	background
GCA_002684675.1	p__SAR324	o__SAR324	d__Bacteria;p__SAR324;c__SAR324;o__SAR324;f__NAC60-12;g__JCVI-SCAAA005;s__JCVI-SCAAA005 sp002684675	background
GCA_014382365.1	p__SAR324	o__SAR324	d__Bacteria;p__SAR324;c__SAR324;o__SAR324;f__NAC60-12;g__Arctic96AD-7;s__Arctic96AD-7 sp014382365	background
GCA_018657625.1	p__SAR324	o__XYD2-FULL-50-16	d__Bacteria;p__SAR324;c__SAR324;o__XYD2-FULL-50-16;f__JAHJRI01;g__JABHWU01;s__JABHWU01 sp018657625	background
GCA_027296185.1	p__SAR324	o__JACQKK01	d__Bacteria;p__SAR324;c__SAR324;o__JACQKK01;f__JAPUJL01;g__JAPUJL01;s__JAPUJL01 sp027296185	background
GCA_029858505.1	p__SAR324	o__JACQKK01	d__Bacteria;p__SAR324;c__SAR324;o__JACQKK01;f__JAOUEW01;g__JAOUEW01;s__JAOUEW01 sp029858505	background
GCA_041477795.1	p__SAR324	o__JACQKK01	d__Bacteria;p__SAR324;c__SAR324;o__JACQKK01;f__JACQKK01;g__DATFMP01;s__DATFMP01 sp041477795	background
GCA_001304035.1	p__SM23-31	o__SM23-31	d__Bacteria;p__SM23-31;c__SM23-31;o__SM23-31;f__SM23-31;g__SM23-31;s__SM23-31 sp001304035	background
GCA_028278455.1	p__SM23-31	o__SM23-31	d__Bacteria;p__SM23-31;c__SM23-31;o__SM23-31;f__SM23-31;g__JANQEH01;s__JANQEH01 sp028278455	background
GCA_003230535.1	p__SZUA-182	o__SZUA-191	d__Bacteria;p__SZUA-182;c__SZUA-182;o__SZUA-191;f__SZUA-191;g__SZUA-191;s__SZUA-191 sp003230535	background
GCA_024277605.1	p__SZUA-182	o__SZUA-191	d__Bacteria;p__SZUA-182;c__SZUA-182;o__SZUA-191;f__JAJRXT01;g__JAJRUS01;s__JAJRUS01 sp024277605	background
GCA_003232385.1	p__SZUA-79	o__Acidulodesulfobacterales	d__Bacteria;p__SZUA-79;c__SZUA-79;o__Acidulodesulfobacterales;f__Acidulodesulfobacteraceae;g__QIJE01;s__QIJE01 sp003232385	background
GCA_021781285.1	p__SZUA-79	o__Acidulodesulfobacterales	d__Bacteria;p__SZUA-79;c__SZUA-79;o__Acidulodesulfobacterales;f__Acidulodesulfobacteraceae;g__Acidulodesulfobacterium_A;s__Acidulodesulfobacterium_A sp021781285	background
GCA_021806125.1	p__SZUA-79	o__Acidulodesulfobacterales	d__Bacteria;p__SZUA-79;c__SZUA-79;o__Acidulodesulfobacterales;f__Acidulodesulfobacteraceae;g__Acidulodesulfobacterium_A;s__Acidulodesulfobacterium_A sp021806125	background
GCA_021822485.1	p__SZUA-79	o__Acidulodesulfobacterales	d__Bacteria;p__SZUA-79;c__SZUA-79;o__Acidulodesulfobacterales;f__Acidulodesulfobacteraceae;g__Acidulodesulfobacterium_A;s__Acidulodesulfobacterium_A sp021822485	background
GCA_021850985.1	p__SZUA-79	o__Acidulodesulfobacterales	d__Bacteria;p__SZUA-79;c__SZUA-79;o__Acidulodesulfobacterales;f__Acidulodesulfobacteraceae;g__Acidulodesulfobacterium_A;s__Acidulodesulfobacterium_A sp021850985	background
GCA_001790645.1	p__Schekmanbacteria	o__GWA2-38-11	d__Bacteria;p__Schekmanbacteria;c__GWA2-38-11;o__GWA2-38-11;f__GWA2-38-11;g__GWA2-38-11;s__GWA2-38-11 sp001790645	background
GCA_011049195.1	p__SpSt-1190	o__SpSt-1190	d__Archaea;p__SpSt-1190;c__SpSt-1190;o__SpSt-1190;f__SpSt-1190;g__SpSt-1190;s__SpSt-1190 sp011049195	background
GCA_018221025.1	p__SpSt-1190	o__SpSt-1190	d__Archaea;p__SpSt-1190;c__SpSt-1190;o__SpSt-1190;f__SpSt-1190;g__JAAOXX01;s__JAAOXX01 sp018221025	background
GCA_000413015.1	p__Spirochaetota	o__Treponematales	d__Bacteria;p__Spirochaetota;c__Spirochaetia;o__Treponematales;f__Treponemataceae;g__Treponema_D;s__Treponema_D paredis	background
GCA_002373205.1	p__Spirochaetota	o__Treponematales	d__Bacteria;p__Spirochaetota;c__Spirochaetia;o__Treponematales;f__Treponemataceae;g__Treponema_D;s__Treponema_D sp002373205	background
GCA_003246765.1	p__Spirochaetota	o__Treponematales	d__Bacteria;p__Spirochaetota;c__Spirochaetia;o__Treponematales;f__Treponemataceae;g__Teretinema;s__Teretinema sp003246765	background
GCA_007130025.1	p__Spirochaetota	o__DSM-27196	d__Bacteria;p__Spirochaetota;c__Spirochaetia;o__DSM-27196;f__PWMO01;g__PWMO01;s__PWMO01 sp007130025	background
GCA_009787695.1	p__Spirochaetota	o__Treponematales	d__Bacteria;p__Spirochaetota;c__Spirochaetia;o__Treponematales;f__Breznakiellaceae;g__WQXQ01;s__WQXQ01 sp009787695	background
GCA_014804085.1	p__Spirochaetota	o__Treponematales	d__Bacteria;p__Spirochaetota;c__Spirochaetia;o__Treponematales;f__Treponemataceae;g__Treponema_D;s__Treponema_D sp014804085	background
GCA_016929065.1	p__Spirochaetota	o__SZUA-6	d__Bacteria;p__Spirochaetota;c__Spirochaetia;o__SZUA-6;f__RPPD01;g__RPPD01;s__RPPD01 sp016929065	background
GCA_017468745.1	p__Spirochaetota	o__Treponematales	d__Bacteria;p__Spirochaetota;c__Spirochaetia;o__Treponematales;f__Treponemataceae;g__Treponema_D;s__Treponema_D sp017468745	background
GCA_017694915.1	p__Spirochaetota	o__Sphaerochaetales	d__Bacteria;p__Spirochaetota;c__Spirochaetia;o__Sphaerochaetales;f__Sphaerochaetaceae;g__Ornithospirochaeta;s__Ornithospirochaeta stercoravium	background
GCA_020049045.1	p__Spirochaetota	o__JABEVK01	d__Bacteria;p__Spirochaetota;c__Spirochaetia;o__JABEVK01;f__JABEVK01;g__JAIFLN01;s__JAIFLN01 sp020049045	background
GCA_022510865.1	p__Spirochaetota	o__Treponematales	d__Bacteria;p__Spirochaetota;c__Spirochaetia;o__Treponematales;f__Treponemataceae;g__Treponema_D;s__Treponema_D sp022510865	background
GCA_024276015.1	p__Spirochaetota	o__UBA4802	d__Bacteria;p__Spirochaetota;c__UBA4802;o__UBA4802;f__UBA5550;g__JAJRXZ01;s__JAJRXZ01 sp024276015	background
GCA_025055765.1	p__Spirochaetota	o__Turneriellales	d__Bacteria;p__Spirochaetota;c__Leptospiria;o__Turneriellales;f__Turneriellaceae;g__JANWWS01;s__JANWWS01 sp025055765	background
GCA_027531445.1	p__Spirochaetota	o__Leptospirales	d__Bacteria;p__Spirochaetota;c__Leptospiria;o__Leptospirales;f__Leptospiraceae;g__Leptospira_A;s__Leptospira_A sp027531445	background
GCA_029907515.1	p__Spirochaetota	o__UBA4802	d__Bacteria;p__Spirochaetota;c__UBA4802;o__UBA4802;f__UB4802;g__UBA4802;s__UBA4802 sp029907515	background
GCA_031257385.1	p__Spirochaetota	o__Treponematales	d__Bacteria;p__Spirochaetota;c__Spirochaetia;o__Treponematales;f__Breznakiellaceae;g__WQXQ01;s__WQXQ01 sp031257385	background
GCA_031268975.1	p__Spirochaetota	o__Treponematales	d__Bacteria;p__Spirochaetota;c__Spirochaetia;o__Treponematales;f__Breznakiellaceae;g__JAIROH01;s__JAIROH01 sp031268975	background
GCA_031280125.1	p__Spirochaetota	o__Treponematales	d__Bacteria;p__Spirochaetota;c__Spirochaetia;o__Treponematales;f__Breznakiellaceae;g__JAITHE01;s__JAITHE01 sp031280125	background
GCA_031935845.1	p__Spirochaetota	o__Sphaerochaetales	d__Bacteria;p__Spirochaetota;c__Spirochaetia;o__Sphaerochaetales;f__Sphaerochaetaceae;g__UBA9732;s__UBA9732 sp031935845	background
GCA_035647415.1	p__Spirochaetota	o__Sphaerochaetales	d__Bacteria;p__Spirochaetota;c__Spirochaetia;o__Sphaerochaetales;f__Sphaerochaetaceae;g__Sphaerochaeta;s__Sphaerochaeta sp035647415	background
GCA_041655115.1	p__Spirochaetota	o__UBA4802	d__Bacteria;p__Spirochaetota;c__UBA4802;o__UBA4802;f__UBA5550;g__JBBAGC01;s__JBBAGC01 sp041655115	background
GCA_902792795.1	p__Spirochaetota	o__Treponematales	d__Bacteria;p__Spirochaetota;c__Spirochaetia;o__Treponematales;f__Treponemataceae;g__Treponema_D;s__Treponema_D sp902792795	background
GCA_937876905.1	p__Spirochaetota	o__Treponematales	d__Bacteria;p__Spirochaetota;c__Spirochaetia;o__Treponematales;f__Treponemataceae;g__Treponema_F;s__Treponema_F sp937876905	background
GCA_944389115.1	p__Spirochaetota	o__Sphaerochaetales	d__Bacteria;p__Spirochaetota;c__Spirochaetia;o__Sphaerochaetales;f__Sphaerochaetaceae;g__Ornithospirochaeta;s__Ornithospirochaeta sp944389115	background
GCA_946532115.1	p__Spirochaetota	o__Treponematales	d__Bacteria;p__Spirochaetota;c__Spirochaetia;o__Treponematales;f__Treponemataceae;g__Treponema_D;s__Treponema_D sp946532115	background
GCA_949295125.1	p__Spirochaetota	o__Sphaerochaetales	d__Bacteria;p__Spirochaetota;c__Spirochaetia;o__Sphaerochaetales;f__Sphaerochaetaceae;g__Ornithospirochaeta;s__Ornithospirochaeta sp949295125	background
GCA_963621975.1	p__Spirochaetota	o__Sphaerochaetales	d__Bacteria;p__Spirochaetota;c__Spirochaetia;o__Sphaerochaetales;f__Sphaerochaetaceae;g__UBA9732;s__UBA9732 sp963621975	background
GCA_963675665.1	p__Spirochaetota	o__UBA9216	d__Bacteria;p__Spirochaetota;c__Spirochaetia;o__UBA9216;f__UBA9216;g__Thalassospirochaeta;s__Thalassospirochaeta sp963675665	background
GCF_000243715.2	p__Spirochaetota	o__Leptospirales	d__Bacteria;p__Spirochaetota;c__Leptospiria;o__Leptospirales;f__Leptospiraceae;g__Leptospira_B;s__Leptospira_B broomii	background
GCF_002150035.1	p__Spirochaetota	o__Leptospirales	d__Bacteria;p__Spirochaetota;c__Leptospiria;o__Leptospirales;f__Leptospiraceae;g__Leptospira_B;s__Leptospira_B venezuelensis	background
GCF_004770155.1	p__Spirochaetota	o__Leptospirales	d__Bacteria;p__Spirochaetota;c__Leptospiria;o__Leptospirales;f__Leptospiraceae;g__Leptospira;s__Leptospira gomenensis	background
GCF_017893945.1	p__Spirochaetota	o__Treponematales	d__Bacteria;p__Spirochaetota;c__Spirochaetia;o__Treponematales;f__Treponemataceae;g__Treponema_D;s__Treponema_D parvum_A	background
GCF_030445085.1	p__Spirochaetota	o__Borreliales	d__Bacteria;p__Spirochaetota;c__Spirochaetia;o__Borreliales;f__Borreliaceae;g__Borreliella;s__Borreliella americana	background
GCA_002068205.1	p__Sumerlaeota	o__MVZB01	d__Bacteria;p__Sumerlaeota;c__Sumerlaeia;o__MVZB01;f__MVZB01;g__MVZB01;s__MVZB01 sp002068205	background
GCA_013203855.1	p__Sumerlaeota	o__UBA8349	d__Bacteria;p__Sumerlaeota;c__Sumerlaeia;o__UBA8349;f__UBA8349;g__JABMPG01;s__JABMPG01 sp013203855	background
GCA_017161705.1	p__Sumerlaeota	o__JADFCW01	d__Bacteria;p__Sumerlaeota;c__Sumerlaeia;o__JADFCW01;f__JADFCW01;g__JADFCW01;s__JADFCW01 sp017161705	background
GCA_021372575.1	p__Sumerlaeota	o__MVZB01	d__Bacteria;p__Sumerlaeota;c__Sumerlaeia;o__MVZB01;f__MVZB01;g__JAJFUE01;s__JAJFUE01 sp021372575	background
GCA_026419455.1	p__Sumerlaeota	o__Sumerlaeales	d__Bacteria;p__Sumerlaeota;c__Sumerlaeia;o__Sumerlaeales;f__Sumerlaeaceae;g__DRVG01;s__DRVG01 sp026419455	background
GCA_035527775.1	p__Sumerlaeota	o__UBA8349	d__Bacteria;p__Sumerlaeota;c__Sumerlaeia;o__UBA8349;f__UBA8349;g__DATKZW01;s__DATKZW01 sp035527775	background
GCA_000233775.1	p__Synergistota	o__Synergistales	d__Bacteria;p__Synergistota;c__Synergistia;o__Synergistales;f__Thermovirgaceae;g__Thermovirga;s__Thermovirga lienii	background
GCA_009783355.1	p__Synergistota	o__Synergistales	d__Bacteria;p__Synergistota;c__Synergistia;o__Synergistales;f__Aminobacteriaceae;g__WRNQ01;s__WRNQ01 sp009783355	background
GCA_016927765.1	p__Synergistota	o__Synergistales	d__Bacteria;p__Synergistota;c__Synergistia;o__Synergistales;f__JAFGMB01;g__JAFGMB01;s__JAFGMB01 sp016927765	background
GCA_017450125.1	p__Synergistota	o__Synergistales	d__Bacteria;p__Synergistota;c__Synergistia;o__Synergistales;f__Aminobacteriaceae;g__JAFUXM01;s__JAFUXM01 sp017450125	background
GCA_018716365.1	p__Synergistota	o__Synergistales	d__Bacteria;p__Synergistota;c__Synergistia;o__Synergistales;f__Synergistaceae;g__Caccocola;s__Caccocola faecipullorum	background
GCA_028709985.1	p__Synergistota	o__Synergistales	d__Bacteria;p__Synergistota;c__Synergistia;o__Synergistales;f__Dethiosulfovibrionaceae;g__Dethiosulfovibrio;s__Dethiosulfovibrio sp028709985	background
GCA_031269875.1	p__Synergistota	o__Synergistales	d__Bacteria;p__Synergistota;c__Synergistia;o__Synergistales;f__Synergistaceae;g__JAIRNC01;s__JAIRNC01 sp031269875	background
GCA_031289165.1	p__Synergistota	o__Synergistales	d__Bacteria;p__Synergistota;c__Synergistia;o__Synergistales;f__Aminobacteriaceae;g__JAISSA01;s__JAISSA01 sp031289165	background
GCA_036835165.1	p__Synergistota	o__Synergistales	d__Bacteria;p__Synergistota;c__Synergistia;o__Synergistales;f__Synergistaceae;g__Syner-03;s__Syner-03 sp036835165	background
GCA_905236605.1	p__Synergistota	o__Synergistales	d__Bacteria;p__Synergistota;c__Synergistia;o__Synergistales;f__Aminobacteriaceae;g__JAFUXM01;s__JAFUXM01 sp905236605	background
GCA_963666395.1	p__Synergistota	o__Synergistales	d__Bacteria;p__Synergistota;c__Synergistia;o__Synergistales;f__Aminiphilaceae;g__DAIPKP01;s__DAIPKP01 sp963666395	background
GCF_003860125.1	p__Synergistota	o__Synergistales	d__Bacteria;p__Synergistota;c__Synergistia;o__Synergistales;f__Aminobacteriaceae;g__CAJPSE01;s__CAJPSE01 sp003860125	background
GCA_001443485.1	p__Sysuimicrobiota	o__Sysuimicrobiales	d__Bacteria;p__Sysuimicrobiota;c__Sysuimicrobiia;o__Sysuimicrobiales;f__Humicultoraceae;g__Humicultor;s__Humicultor riflensis	background
GCA_016198805.1	p__Sysuimicrobiota	o__Sysuimicrobiales	d__Bacteria;p__Sysuimicrobiota;c__Sysuimicrobiia;o__Sysuimicrobiales;f__Humicultoraceae;g__JACQHU01;s__JACQHU01 sp016198805	background
GCA_025059775.1	p__Sysuimicrobiota	o__Sysuimicrobiales	d__Bacteria;p__Sysuimicrobiota;c__Sysuimicrobiia;o__Sysuimicrobiales;f__Sysuimicrobiaceae;g__Sysuimicrobium;s__Sysuimicrobium sp025059775	background
GCA_031458775.1	p__Sysuimicrobiota	o__Sysuimicrobiales	d__Bacteria;p__Sysuimicrobiota;c__Sysuimicrobiia;o__Sysuimicrobiales;f__Humicultoraceae;g__Fervidifonticultor_A;s__Fervidifonticultor_A quartus	background
GCA_035292085.1	p__Sysuimicrobiota	o__Sysuimicrobiales	d__Bacteria;p__Sysuimicrobiota;c__Sysuimicrobiia;o__Sysuimicrobiales;f__Kaftiobacteriaceae;g__DASXUC01;s__DASXUC01 sp035292085	background
GCA_035693805.1	p__Sysuimicrobiota	o__Sysuimicrobiales	d__Bacteria;p__Sysuimicrobiota;c__Sysuimicrobiia;o__Sysuimicrobiales;f__Kaftiobacteriaceae;g__Kaftiobacterium;s__Kaftiobacterium sp035693805	background
GCA_036824425.1	p__Sysuimicrobiota	o__Sysuimicrobiales	d__Bacteria;p__Sysuimicrobiota;c__Sysuimicrobiia;o__Sysuimicrobiales;f__Segetimicrobiaceae;g__DAITAF01;s__DAITAF01 sp036824425	background
GCA_003554345.1	p__T1SED10-198M	o__T1SED10-198M	d__Bacteria;p__T1SED10-198M;c__T1SED10-198M;o__T1SED10-198M;f__T1SED10-198M;g__T1SED10-198M;s__T1SED10-198M sp003554345	background
GCA_003554945.1	p__T1Sed10-126	o__T1Sed10-126	d__Bacteria;p__T1Sed10-126;c__T1Sed10-126;o__T1Sed10-126;f__T1Sed10-126;g__T1Sed10-126;s__T1Sed10-126 sp003554945	background
GCA_001303705.1	p__TA06	o__SM1-40	d__Bacteria;p__TA06;c__DG-26;o__SM1-40;f__SM1-40;g__SM1-40;s__SM1-40 sp001303705	background
GCA_001304015.1	p__TA06_A	o__SM23-81	d__Bacteria;p__TA06_A;c__DG-26_A;o__SM23-81;f__SM23-81;g__SM23-81;s__SM23-81 sp001304015	background
GCA_000522425.1	p__Tectomicrobia	o__Entotheonellales	d__Bacteria;p__Tectomicrobia;c__Entotheonellia;o__Entotheonellales;f__Entotheonellaceae;g__Entotheonella;s__Entotheonella factor	background
GCA_026005175.1	p__Tectomicrobia	o__Entotheonellales	d__Bacteria;p__Tectomicrobia;c__Entotheonellia;o__Entotheonellales;f__Entotheonellaceae;g__BPKO01;s__BPKO01 sp026005175	background
GCA_021783475.1	p__Thermodesulfobiota	o__Thermodesulfobiales	d__Bacteria;p__Thermodesulfobiota;c__Thermodesulfobiia;o__Thermodesulfobiales;f__Thermodesulfobiaceae;g__Thermodesulfobium;s__Thermodesulfobium sp021783475	background
GCA_000246735.1	p__Thermoplasmatota	o__Poseidoniales	d__Archaea;p__Thermoplasmatota;c__Poseidoniia;o__Poseidoniales;f__Poseidoniaceae;g__MGIIa-L1;s__MGIIa-L1 sp000246735	background
GCA_002496355.1	p__Thermoplasmatota	o__DHVEG-1	d__Archaea;p__Thermoplasmatota;c__E2;o__DHVEG-1;f__DHVEG-1;g__SM1-50;s__SM1-50 sp002496355	background
GCA_002502625.1	p__Thermoplasmatota	o__Poseidoniales	d__Archaea;p__Thermoplasmatota;c__Poseidoniia;o__Poseidoniales;f__Thalassarchaeaceae;g__MGIIb-N2;s__MGIIb-N2 sp002502625	background
GCA_002694245.1	p__Thermoplasmatota	o__Poseidoniales	d__Archaea;p__Thermoplasmatota;c__Poseidoniia;o__Poseidoniales;f__Poseidoniaceae;g__MGIIa-K1;s__MGIIa-K1 sp002694245	background
GCA_002719615.1	p__Thermoplasmatota	o__Poseidoniales	d__Archaea;p__Thermoplasmatota;c__Poseidoniia;o__Poseidoniales;f__Thalassarchaeaceae;g__MGIIb-O3;s__MGIIb-O3 sp002719615	background
GCA_003553085.1	p__Thermoplasmatota	o__Halarchaeoplasmatales	d__Archaea;p__Thermoplasmatota;c__Thermoplasmata;o__Halarchaeoplasmatales;f__Halarchaeoplasmataceae;g__Halarchaeoplasma;s__Halarchaeoplasma sp003553085	background
GCA_005878635.1	p__Thermoplasmatota	o__RBG-16-68-12	d__Archaea;p__Thermoplasmatota;c__Thermoplasmata;o__RBG-16-68-12;f__RBG-16-68-12;g__RBG-16-68-12;s__RBG-16-68-12 sp005878635	background
GCA_013329355.1	p__Thermoplasmatota	o__Poseidoniales	d__Archaea;p__Thermoplasmatota;c__Poseidoniia;o__Poseidoniales;f__Poseidoniaceae;g__MGIIa-L1;s__MGIIa-L1 sp9354u	background
GCA_016777125.1	p__Thermoplasmatota	o__Poseidoniales	d__Archaea;p__Thermoplasmatota;c__Poseidoniia;o__Poseidoniales;f__Poseidoniaceae;g__MGIIa-L2;s__MGIIa-L2 sp016777125	background
GCA_019594055.1	p__Thermoplasmatota	o__Halarchaeoplasmatales	d__Archaea;p__Thermoplasmatota;c__Thermoplasmata;o__Halarchaeoplasmatales;f__Halarchaeoplasmataceae;g__Haladaptatiplasma;s__Haladaptatiplasma halalkaliphilum	background
GCA_021162305.1	p__Thermoplasmatota	o__UBA202	d__Archaea;p__Thermoplasmatota;c__E2;o__UBA202;f__JdFR-43;g__JAGGXW01;s__JAGGXW01 sp021162305	background
GCA_021806235.1	p__Thermoplasmatota	o__Thermoplasmatales	d__Archaea;p__Thermoplasmatota;c__Thermoplasmata;o__Thermoplasmatales;f__Thermoplasmataceae;g__Ferroplasma;s__Ferroplasma sp021806235	background
GCA_021827945.1	p__Thermoplasmatota	o__Thermoplasmatales	d__Archaea;p__Thermoplasmatota;c__Thermoplasmata;o__Thermoplasmatales;f__GCA-001856825;g__GCA-001856825;s__GCA-001856825 sp021827945	background
GCA_022750205.1	p__Thermoplasmatota	o__UBA184	d__Archaea;p__Thermoplasmatota;c__Thermoplasmata;o__UBA184;f__UBA184;g__UBA184;s__UBA184 sp022750205	background
GCA_023379845.1	p__Thermoplasmatota	o__Thermoplasmatales	d__Archaea;p__Thermoplasmatota;c__Thermoplasmata;o__Thermoplasmatales;f__Thermoplasmataceae;g__UBA582;s__UBA582 sp023379845	background
GCA_027343465.1	p__Thermoplasmatota	o__Thermoplasmatales	d__Archaea;p__Thermoplasmatota;c__Thermoplasmata;o__Thermoplasmatales;f__Thermoplasmataceae;g__UBA447;s__UBA447 sp027343465	background
GCA_029907305.1	p__Thermoplasmatota	o__DHVEG-1	d__Archaea;p__Thermoplasmatota;c__E2;o__DHVEG-1;f__DHVEG-1;g__JARYMC01;s__JARYMC01 sp029907305	background
GCA_030041735.1	p__Thermoplasmatota	o__UBA184	d__Archaea;p__Thermoplasmatota;c__Thermoplasmata;o__UBA184;f__UBA184;g__UBA184;s__UBA184 sp030041735	background
GCA_030655715.1	p__Thermoplasmatota	o__SG8-5	d__Archaea;p__Thermoplasmatota;c__Thermoplasmata;o__SG8-5;f__SG8-5;g__UBA147;s__UBA147 sp030655715	background
GCA_031961865.1	p__Thermoplasmatota	o__Aciduliprofundales	d__Archaea;p__Thermoplasmatota;c__Thermoplasmata;o__Aciduliprofundales;f__ARK-15;g__JAVRLB01;s__JAVRLB01 sp031961865	background
GCA_035526585.1	p__Thermoplasmatota	o__JACQPN01	d__Archaea;p__Thermoplasmatota;c__SW-10-69-26;o__JACQPN01;f__JAJPHT01;g__JAJPHT01;s__JAJPHT01 sp035526585	background
GCA_036154155.1	p__Thermoplasmatota	o__Poseidoniales	d__Archaea;p__Thermoplasmatota;c__Poseidoniia;o__Poseidoniales;f__Thalassarchaeaceae;g__MGIIb-O5;s__MGIIb-O5 sp036154155	background
GCA_038127845.1	p__Thermoplasmatota	o__Poseidoniales	d__Archaea;p__Thermoplasmatota;c__Poseidoniia;o__Poseidoniales;f__Poseidoniaceae;g__Poseidonia;s__Poseidonia sp038127845	background
GCA_041485285.1	p__Thermoplasmatota	o__DTKX01	d__Archaea;p__Thermoplasmatota;c__DTKX01;o__DTKX01;f__DATEUP01;g__DATEUP01;s__DATEUP01 sp041485285	background
GCA_902573085.1	p__Thermoplasmatota	o__Poseidoniales	d__Archaea;p__Thermoplasmatota;c__Poseidoniia;o__Poseidoniales;f__Thalassarchaeaceae;g__UBA36;s__UBA36 sp902573085	background
GCA_943789275.1	p__Thermoplasmatota	o__Poseidoniales	d__Archaea;p__Thermoplasmatota;c__Poseidoniia;o__Poseidoniales;f__Poseidoniaceae;g__MGIIa-L1;s__MGIIa-L1 sp002506275	background
GCA_963999425.1	p__Thermoplasmatota	o__Poseidoniales	d__Archaea;p__Thermoplasmatota;c__Poseidoniia;o__Poseidoniales;f__Thalassarchaeaceae;g__Thalassarchaeum;s__Thalassarchaeum sp963999425	background
GCA_000145985.1	p__Thermoproteota	o__Sulfolobales	d__Archaea;p__Thermoproteota;c__Thermoprotei_A;o__Sulfolobales;f__Ignisphaeraceae;g__Ignisphaera;s__Ignisphaera aggregans	background
GCA_002011035.2	p__Thermoproteota	o__Hecatellales	d__Archaea;p__Thermoproteota;c__Bathyarchaeia;o__Hecatellales;f__Hecatellaceae;g__Hecatella;s__Hecatella orcuttiae	background
GCA_003116855.1	p__Thermoproteota	o__Sulfolobales	d__Archaea;p__Thermoproteota;c__Thermoprotei_A;o__Sulfolobales;f__AG1;g__AG1;s__AG1 sp003116855	background
GCA_003662645.1	p__Thermoproteota	o__Bathyarchaeales	d__Archaea;p__Thermoproteota;c__Bathyarchaeia;o__Bathyarchaeales;f__B26-1;g__B17-G17;s__B17-G17 sp003662645	background
GCA_009697485.1	p__Thermoproteota	o__Nitrososphaerales	d__Archaea;p__Thermoproteota;c__Nitrososphaeria;o__Nitrososphaerales;f__Nitrosopumilaceae;g__Nitrosarchaeum;s__Nitrosarchaeum sp009697485	background
GCA_013203245.1	p__Thermoproteota	o__Nitrososphaerales	d__Archaea;p__Thermoproteota;c__Nitrososphaeria;o__Nitrososphaerales;f__Nitrosopumilaceae;g__Nitrosopumilus;s__Nitrosopumilus sp013203245	background
GCA_015520265.1	p__Thermoproteota	o__Sulfolobales	d__Archaea;p__Thermoproteota;c__Thermoprotei_A;o__Sulfolobales;f__WAQK01;g__WAQK01;s__WAQK01 sp015520265	background
GCA_016200025.1	p__Thermoproteota	o__Nitrososphaerales	d__Archaea;p__Thermoproteota;c__Nitrososphaeria;o__Nitrososphaerales;f__UBA183;g__UBA183;s__UBA183 sp016200025	background
GCA_018396535.1	p__Thermoproteota	o__B24	d__Archaea;p__Thermoproteota;c__Bathyarchaeia;o__B24;f__DRYS01;g__DRYS01;s__DRYS01 sp018396535	background
GCA_020348865.1	p__Thermoproteota	o__Bathyarchaeales	d__Archaea;p__Thermoproteota;c__Bathyarchaeia;o__Bathyarchaeales;f__Bathyarchaeaceae;g__SOJZ01;s__SOJZ01 sp020348865	background
GCA_021296175.1	p__Thermoproteota	o__Nitrososphaerales	d__Archaea;p__Thermoproteota;c__Nitrososphaeria;o__Nitrososphaerales;f__Nitrosopumilaceae;g__Nitrosopumilus;s__Nitrosopumilus sp021296175	background
GCA_022573895.1	p__Thermoproteota	o__Nitrososphaerales	d__Archaea;p__Thermoproteota;c__Nitrososphaeria;o__Nitrososphaerales;f__Nitrosopumilaceae;g__Nitrosopumilus;s__Nitrosopumilus sp022573895	background
GCA_023487445.1	p__Thermoproteota	o__Marsarchaeales	d__Archaea;p__Thermoproteota;c__Thermoprotei_A;o__Marsarchaeales;f__Marsarchaeaceae;g__JAMDBQ01;s__JAMDBQ01 sp023487445	background
GCA_025450475.1	p__Thermoproteota	o__Nitrososphaerales	d__Archaea;p__Thermoproteota;c__Nitrososphaeria;o__Nitrososphaerales;f__Nitrososphaeraceae;g__Nitrososphaera;s__Nitrososphaera sp025450475	background
GCA_026413885.1	p__Thermoproteota	o__Sulfolobales	d__Archaea;p__Thermoproteota;c__Thermoprotei_A;o__Sulfolobales;f__NBVN01;g__DRZP01;s__DRZP01 sp026413885	background
GCA_027043685.1	p__Thermoproteota	o__Sulfolobales	d__Archaea;p__Thermoproteota;c__Thermoprotei_A;o__Sulfolobales;f__Pyrodictiaceae;g__QNYQ01;s__QNYQ01 sp027043685	background
GCA_028275745.1	p__Thermoproteota	o__Sulfolobales	d__Archaea;p__Thermoproteota;c__Thermoprotei_A;o__Sulfolobales;f__Ignisphaeraceae;g__Ignisphaera;s__Ignisphaera sp028275745	background
GCA_029258885.1	p__Thermoproteota	o__Thermofilales	d__Archaea;p__Thermoproteota;c__Thermoprotei;o__Thermofilales;f__B9-G17;g__B9-G17;s__B9-G17 sp003649225	background
GCA_029882535.1	p__Thermoproteota	o__Bathyarchaeales	d__Archaea;p__Thermoproteota;c__Bathyarchaeia;o__Bathyarchaeales;f__SOJC01;g__JAGLZW01;s__JAGLZW01 sp029882535	background
GCA_030628925.1	p__Thermoproteota	o__Bathyarchaeales	d__Archaea;p__Thermoproteota;c__Bathyarchaeia;o__Bathyarchaeales;f__Bathycorpusculaceae;g__SOJA01;s__SOJA01 sp030628925	background
GCA_032249215.1	p__Thermoproteota	o__Thermoproteales	d__Archaea;p__Thermoproteota;c__Thermoprotei;o__Thermoproteales;f__Thermoproteaceae;g__Pyrobaculum;s__Pyrobaculum sp032249215	background
GCA_035288445.1	p__Thermoproteota	o__Nitrososphaerales	d__Archaea;p__Thermoproteota;c__Nitrososphaeria;o__Nitrososphaerales;f__Nitrosopumilaceae;g__UBA8516;s__UBA8516 sp035288445	background
GCA_035622475.1	p__Thermoproteota	o__Nitrososphaerales	d__Archaea;p__Thermoproteota;c__Nitrososphaeria;o__Nitrososphaerales;f__UBA183;g__UBA183;s__UBA183 sp035622475	background
GCA_036379735.1	p__Thermoproteota	o__Nitrososphaerales	d__Archaea;p__Thermoproteota;c__Nitrososphaeria;o__Nitrososphaerales;f__Nitrososphaeraceae;g__TA-21;s__TA-21 sp036379735	background
GCA_037386545.1	p__Thermoproteota	o__Bathyarchaeales	d__Archaea;p__Thermoproteota;c__Bathyarchaeia;o__Bathyarchaeales;f__Bathyarchaeaceae;g__Bathyarchaeum;s__Bathyarchaeum sp037386545	background
GCA_038827615.1	p__Thermoproteota	o__Sulfolobales	d__Archaea;p__Thermoproteota;c__Thermoprotei_A;o__Sulfolobales;f__Desulfurococcaceae;g__Thermosphaera;s__Thermosphaera sp038827615	background
GCA_038869175.1	p__Thermoproteota	o__Nitrososphaerales	d__Archaea;p__Thermoproteota;c__Nitrososphaeria;o__Nitrososphaerales;f__Nitrosopumilaceae;g__Nitrosotenuis;s__Nitrosotenuis sp038869175	background
GCA_038893495.1	p__Thermoproteota	o__Thermoproteales	d__Archaea;p__Thermoproteota;c__Thermoprotei;o__Thermoproteales;f__Thermoproteaceae;g__Thermoproteus;s__Thermoproteus sp038893495	background
GCA_041479945.1	p__Thermoproteota	o__EX4484-205	d__Archaea;p__Thermoproteota;c__EX4484-205;o__EX4484-205;f__JAAOZO01;g__JBGOYZ01;s__JBGOYZ01 sp041479945	background
GCA_937875805.1	p__Thermoproteota	o__Nitrososphaerales	d__Archaea;p__Thermoproteota;c__Nitrososphaeria;o__Nitrososphaerales;f__Nitrosopumilaceae;g__Nitrosopumilus;s__Nitrosopumilus sp937875805	background
GCA_963692915.1	p__Thermoproteota	o__Nitrososphaerales	d__Archaea;p__Thermoproteota;c__Nitrososphaeria;o__Nitrososphaerales;f__Nitrosopumilaceae;g__JAHRAL01;s__JAHRAL01 sp963692915	background
GCF_000723185.1	p__Thermoproteota	o__Nitrososphaerales	d__Archaea;p__Thermoproteota;c__Nitrososphaeria;o__Nitrososphaerales;f__Nitrosopumilaceae;g__Nitrosotenuis;s__Nitrosotenuis uzonensis	background
GCF_013407145.1	p__Thermoproteota	o__Nitrososphaerales	d__Archaea;p__Thermoproteota;c__Nitrososphaeria;o__Nitrososphaerales;f__Nitrosopumilaceae;g__Nitrosopumilus;s__Nitrosopumilus cobalaminigenes	background
GCA_003648675.1	p__Thermosulfidibacterota	o__Thermosulfidibacterales	d__Bacteria;p__Thermosulfidibacterota;c__Thermosulfidibacteria;o__Thermosulfidibacterales;f__B14-G1;g__B14-G1;s__B14-G1 sp003648675	background
GCA_015494645.1	p__Thermosulfidibacterota	o__Thermosulfidibacterales	d__Bacteria;p__Thermosulfidibacterota;c__Thermosulfidibacteria;o__Thermosulfidibacterales;f__Thermosulfidibacteraceae;g__Thermosulfidibacter;s__Thermosulfidibacter sp015494645	background
GCA_027022065.1	p__Thermosulfidibacterota	o__Thermosulfidibacterales	d__Bacteria;p__Thermosulfidibacterota;c__Thermosulfidibacteria;o__Thermosulfidibacterales;f__Thermosulfidibacteraceae;g__JALVZS01;s__JALVZS01 sp027022065	background
GCA_002071085.1	p__Thermotogota	o__MWEM01	d__Bacteria;p__Thermotogota;c__Thermotogae;o__MWEM01;f__MWEM01;g__MWEM01;s__MWEM01 sp002071085	background
GCA_003641785.1	p__Thermotogota	o__Thermotogales	d__Bacteria;p__Thermotogota;c__Thermotogae;o__Thermotogales;f__DSM-5069;g__B6-G13;s__B6-G13 sp003641785	background
GCA_017656345.1	p__Thermotogota	o__Thermotogales	d__Bacteria;p__Thermotogota;c__Thermotogae;o__Thermotogales;f__Fervidobacteriaceae;g__Thermosipho_A;s__Thermosipho_A sp017656345	background
GCA_028276125.1	p__Thermotogota	o__Thermotogales	d__Bacteria;p__Thermotogota;c__Thermotogae;o__Thermotogales;f__DSM-5069;g__Pseudothermotoga_A;s__Pseudothermotoga_A sp028276125	background
GCA_034660555.1	p__Thermotogota	o__Petrotogales	d__Bacteria;p__Thermotogota;c__Thermotogae;o__Petrotogales;f__Kosmotogaceae;g__JASMTM01;s__JASMTM01 sp034660555	background
GCA_963664675.1	p__Thermotogota	o__Petrotogales	d__Bacteria;p__Thermotogota;c__Thermotogae;o__Petrotogales;f__Kosmotogaceae;g__JASGMR01;s__JASGMR01 sp963664675	background
GCF_000745455.1	p__Thermotogota	o__Mesoaciditogales	d__Bacteria;p__Thermotogota;c__Thermotogae;o__Mesoaciditogales;f__Mesoaciditogaceae;g__Mesoaciditoga;s__Mesoaciditoga lauensis	background
GCF_002752635.1	p__Thermotogota	o__Petrotogales	d__Bacteria;p__Thermotogota;c__Thermotogae;o__Petrotogales;f__Kosmotogaceae;g__Mesotoga;s__Mesotoga sp002752635	background
GCF_009936215.1	p__Thermotogota	o__Mesoaciditogales	d__Bacteria;p__Thermotogota;c__Thermotogae;o__Mesoaciditogales;f__Mesoaciditogaceae;g__Athalassotoga;s__Athalassotoga saccharophila	background
GCA_001797365.1	p__UBA10199	o__UBA10199	d__Bacteria;p__UBA10199;c__UBA10199;o__UBA10199;f__UBA10199;g__UBA10199;s__UBA10199 sp001797365	background
GCA_012513515.1	p__UBA10199	o__2-02-FULL-44-16	d__Bacteria;p__UBA10199;c__UBA10199;o__2-02-FULL-44-16;f__JAAZCA01;g__JAAZCA01;s__JAAZCA01 sp012513515	background
GCA_016183235.1	p__UBA10199	o__DSSB01	d__Bacteria;p__UBA10199;c__UBA10199;o__DSSB01;f__JACPFA01;g__JACPFA01;s__JACPFA01 sp016183235	background
GCA_018812345.1	p__UBA10199	o__UBA10199	d__Bacteria;p__UBA10199;c__UBA10199;o__UBA10199;f__JADGCS01;g__JAHJDR01;s__JAHJDR01 sp018812345	background
GCA_023265625.1	p__UBA10199	o__JACPAL01	d__Bacteria;p__UBA10199;c__UBA10199;o__JACPAL01;f__JAHFST01;g__JAHFST01;s__JAHFST01 sp023265625	background
GCA_035281585.1	p__UBA10199	o__DSSB01	d__Bacteria;p__UBA10199;c__UBA10199;o__DSSB01;f__DSSB01;g__DATEDP01;s__DATEDP01 sp035281585	background
GCA_012729785.1	p__UBA1439	o__UBA1439	d__Bacteria;p__UBA1439;c__Tritonobacteria;o__UBA1439;f__UBA1439;g__UBA1439;s__UBA1439 sp002329605	background
GCA_028716845.1	p__UBA1439	o__UBA1439	d__Bacteria;p__UBA1439;c__Tritonobacteria;o__UBA1439;f__UBA1439;g__JAQUPF01;s__JAQUPF01 sp028716845	background
GCA_002347965.1	p__UBA2233	o__UBA2233	d__Bacteria;p__UBA2233;c__UBA2233;o__UBA2233;f__UBA2233;g__UBA2233;s__UBA2233 sp002347965	background
GCA_002366995.1	p__UBA3054	o__UBA3054	d__Bacteria;p__UBA3054;c__UBA3054;o__UBA3054;f__UBA3054;g__UBA3054;s__UBA3054 sp002366995	background
GCA_017554565.1	p__UBA3054	o__UBA3054	d__Bacteria;p__UBA3054;c__UBA3054;o__UBA3054;f__UBA3054;g__UBA3054;s__UBA3054 sp017554565	background
GCA_017963805.1	p__UBA3054	o__UBA3054	d__Bacteria;p__UBA3054;c__UBA3054;o__UBA3054;f__UBA3054;g__UBA3054;s__UBA3054 sp017963805	background
GCA_002382735.1	p__UBA4055	o__UBA4055	d__Bacteria;p__UBA4055;c__UBA4055;o__UBA4055;f__UBA4055;g__UBA4055;s__UBA4055 sp002382735	background
GCA_007124045.1	p__UBA4055	o__UBA4055	d__Bacteria;p__UBA4055;c__UBA4055;o__UBA4055;f__UBA4055;g__SLFX01;s__SLFX01 sp007124045	background
GCA_027858225.1	p__UBA4055	o__UBA4055	d__Bacteria;p__UBA4055;c__UBA4055;o__UBA4055;f__UBA4055;g__WTAK01;s__WTAK01 sp027858225	background
GCA_002441095.1	p__UBA6262	o__UBA6262	d__Bacteria;p__UBA6262;c__UBA6262;o__UBA6262;f__UBA6262;g__UBA6262;s__UBA6262 sp002441095	background
GCA_023132075.1	p__UBA6262	o__JAGLHV01	d__Bacteria;p__UBA6262;c__JAGLHV01;o__JAGLHV01;f__JAGLHV01;g__JAGLHV01;s__JAGLHV01 sp023132075	background
GCA_030619245.1	p__UBA6262	o__WVXT01	d__Bacteria;p__UBA6262;c__WVXT01;o__WVXT01;f__JAUXBS01;g__JAUXBS01;s__JAUXBS01 sp030619245	background
GCA_002440765.1	p__UBA6266	o__UBA6266	d__Bacteria;p__UBA6266;c__UBA6266;o__UBA6266;f__UBA6266;g__UBA6266;s__UBA6266 sp002440765	background
GCA_001790955.1	p__UBA8248	o__UBA8248	d__Bacteria;p__UBA8248;c__UBA8248;o__UBA8248;f__UBA8248;g__2-12-FULL-69-37;s__2-12-FULL-69-37 sp001790955	background
GCA_016192135.1	p__UBA8248	o__UBA8248	d__Bacteria;p__UBA8248;c__UBA8248;o__UBA8248;f__UBA8248;g__2-12-FULL-69-37;s__2-12-FULL-69-37 sp016192135	background
GCA_028820795.1	p__UBA8248	o__UBA8248	d__Bacteria;p__UBA8248;c__UBA8248;o__UBA8248;f__UBA8248;g__Bin107;s__Bin107 sp028820795	background
GCA_038042665.1	p__UBA8248	o__UBA8248	d__Bacteria;p__UBA8248;c__UBA8248;o__UBA8248;f__UBA8248;g__2-12-FULL-69-37;s__2-12-FULL-69-37 sp038042665	background
GCA_002780065.1	p__UBA8481	o__UBA8481	d__Bacteria;p__UBA8481;c__UBA8481;o__UBA8481;f__UBA8481;g__UBA8481;s__UBA8481 sp002780065	background
GCA_001873945.1	p__UBA9089	o__CG2-30-40-21	d__Bacteria;p__UBA9089;c__CG2-30-40-21;o__CG2-30-40-21;f__CG2-30-40-21;g__CG2-30-40-21;s__CG2-30-40-21 sp001873945	background
GCA_020717845.1	p__UBA9089	o__CG2-30-40-21	d__Bacteria;p__UBA9089;c__CG2-30-40-21;o__CG2-30-40-21;f__CG2-30-40-21;g__CG2-30-40-21;s__CG2-30-40-21 sp020717845	background
GCA_040753085.1	p__UBA9089	o__JASEGY01	d__Bacteria;p__UBA9089;c__JASEGY01;o__JASEGY01;f__JASEGY01;g__JASEGY01;s__JASEGY01 sp040753085	background
GCA_002410925.1	p__UBP13	o__UBA5359	d__Bacteria;p__UBP13;c__UBA5359;o__UBA5359;f__UBA5359;g__UBA5359;s__UBA5359 sp002410925	background
GCA_002085385.1	p__UBP14	o__4484-93	d__Bacteria;p__UBP14;c__UBA6098;o__4484-93;f__4484-93;g__4484-93;s__4484-93 sp002085385	background
GCA_016935765.1	p__UBP14	o__JAFGQG01	d__Bacteria;p__UBP14;c__UBA6098;o__JAFGQG01;f__JAFGQG01;g__JAFGQG01;s__JAFGQG01 sp016935765	background
GCA_027007865.1	p__UBP14	o__B30-G16	d__Bacteria;p__UBP14;c__UBA6098;o__B30-G16;f__B30-G16;g__JAGHAI01;s__JAGHAI01 sp027007865	background
GCA_002069885.1	p__UBP15	o__UBA6099	d__Bacteria;p__UBP15;c__UBA6099;o__UBA6099;f__UBA6099;g__UBA6099;s__UBA6099 sp002069885	background
GCA_029564595.1	p__UBP15	o__UBA6099	d__Bacteria;p__UBP15;c__UBA6099;o__UBA6099;f__UBA6099;g__UBA6099;s__UBA6099 sp029564595	background
GCA_002478245.1	p__UBP18	o__UBA7526	d__Bacteria;p__UBP18;c__UBA7526;o__UBA7526;f__UBA7526;g__UBA7526;s__UBA7526 sp002478245	background
GCA_030615855.1	p__UBP18	o__UBA7526	d__Bacteria;p__UBP18;c__UBA7526;o__UBA7526;f__UBA7526;g__JAUWXM01;s__JAUWXM01 sp030615855	background
GCA_002428325.1	p__UBP4	o__UBA4092	d__Bacteria;p__UBP4;c__UBA4092;o__UBA4092;f__UBA4092;g__UBA4092;s__UBA4092 sp002428325	background
GCA_002309575.1	p__UBP6	o__UBA1177	d__Bacteria;p__UBP6;c__UBA1177;o__UBA1177;f__UBA1177;g__UBA1177;s__UBA1177 sp002309575	background
GCA_017405875.1	p__UBP6	o__UBA1177	d__Bacteria;p__UBP6;c__UBA1177;o__UBA1177;f__UBA1177;g__UBA1177;s__UBA1177 sp017405875	background
GCA_022703485.1	p__UBP6	o__UBA1177	d__Bacteria;p__UBP6;c__UBA1177;o__UBA1177;f__UBA1177;g__JAKLDO01;s__JAKLDO01 sp022703485	background
GCA_902774115.1	p__UBP6	o__UBA1177	d__Bacteria;p__UBP6;c__UBA1177;o__UBA1177;f__UBA1177;g__UBA1177;s__UBA1177 sp902774115	background
GCA_002716355.1	p__UBP7	o__UBA6624	d__Bacteria;p__UBP7;c__UBA6624;o__UBA6624;f__UBA6624;g__UBA6624;s__UBA6624 sp002716355	background
GCA_002495465.1	p__Undinarchaeota	o__Undinarchaeales	d__Archaea;p__Undinarchaeota;c__Undinarchaeia;o__Undinarchaeales;f__Undinarchaeaceae;g__Undinarchaeum;s__Undinarchaeum marinum	background
GCA_014189675.1	p__Undinarchaeota	o__Undinarchaeales	d__Archaea;p__Undinarchaeota;c__Undinarchaeia;o__Undinarchaeales;f__Undinarchaeaceae;g__Undinarchaeum;s__Undinarchaeum sp014189675	background
GCA_000155695.1	p__Verrucomicrobiota	o__Opitutales	d__Bacteria;p__Verrucomicrobiota;c__Verrucomicrobiia;o__Opitutales;f__Opitutaceae;g__Pelagicoccus;s__Pelagicoccus sp000155695	background
GCA_002321305.1	p__Verrucomicrobiota	o__RFP12	d__Bacteria;p__Verrucomicrobiota;c__Kiritimatiellia;o__RFP12;f__UBA1067;g__UBA1067;s__UBA1067 sp002321305	background
GCA_002686755.1	p__Verrucomicrobiota	o__Limisphaerales	d__Bacteria;p__Verrucomicrobiota;c__Verrucomicrobiia;o__Limisphaerales;f__UBA1096;g__UBA1096;s__UBA1096 sp002686755	background
GCA_003169695.1	p__Verrucomicrobiota	o__Chthoniobacterales	d__Bacteria;p__Verrucomicrobiota;c__Verrucomicrobiia;o__Chthoniobacterales;f__UBA10450;g__AV80;s__AV80 sp003169695	background
GCA_003402705.1	p__Verrucomicrobiota	o__Verrucomicrobiales	d__Bacteria;p__Verrucomicrobiota;c__Verrucomicrobiia;o__Verrucomicrobiales;f__V1-33;g__V1-33;s__V1-33 sp003402705	background
GCA_007117865.1	p__Verrucomicrobiota	o__Opitutales	d__Bacteria;p__Verrucomicrobiota;c__Verrucomicrobiia;o__Opitutales;f__Coraliomargaritaceae;g__SKFT01;s__SKFT01 sp007117865	background
GCA_009924535.1	p__Verrucomicrobiota	o__Opitutales	d__Bacteria;p__Verrucomicrobiota;c__Verrucomicrobiia;o__Opitutales;f__UBA953;g__UBA953;s__UBA953 sp009924535	background
GCA_013360985.1	p__Verrucomicrobiota	o__JABWAM01	d__Bacteria;p__Verrucomicrobiota;c__Verrucomicrobiia;o__JABWAM01;f__JABWAM01;g__JABWAM01;s__JABWAM01 sp013360985	background
GCA_015660155.1	p__Verrucomicrobiota	o__Limisphaerales	d__Bacteria;p__Verrucomicrobiota;c__Verrucomicrobiia;o__Limisphaerales;f__UBA1100;g__JACNJL01;s__JACNJL01 sp015660155	background
GCA_016795485.1	p__Verrucomicrobiota	o__Verrucomicrobiales	d__Bacteria;p__Verrucomicrobiota;c__Verrucomicrobiia;o__Verrucomicrobiales;f__Verrucomicrobiaceae;g__JAEUHM01;s__JAEUHM01 sp016795485	background
GCA_017440935.1	p__Verrucomicrobiota	o__Opitutales	d__Bacteria;p__Verrucomicrobiota;c__Verrucomicrobiia;o__Opitutales;f__UBA953;g__Spyradosoma;s__Spyradosoma sp017440935	background
GCA_017542055.1	p__Verrucomicrobiota	o__RFP12	d__Bacteria;p__Verrucomicrobiota;c__Kiritimatiellia;o__RFP12;f__UBA1067;g__UBA1067;s__UBA1067 sp017542055	background
GCA_018239845.1	p__Verrucomicrobiota	o__Opitutales	d__Bacteria;p__Verrucomicrobiota;c__Verrucomicrobiia;o__Opitutales;f__Opitutaceae;g__CAIRCN01;s__CAIRCN01 sp018239845	background
GCA_019634625.1	p__Verrucomicrobiota	o__Limisphaerales	d__Bacteria;p__Verrucomicrobiota;c__Verrucomicrobiia;o__Limisphaerales;f__CAIMTB01;g__CAIMTB01;s__CAIMTB01 sp019634625	background
GCA_021414005.1	p__Verrucomicrobiota	o__Chthoniobacterales	d__Bacteria;p__Verrucomicrobiota;c__Verrucomicrobiia;o__Chthoniobacterales;f__Chthoniobacteraceae;g__Chthoniobacter;s__Chthoniobacter sp021414005	background
GCA_022837245.1	p__Verrucomicrobiota	o__RFP12	d__Bacteria;p__Verrucomicrobiota;c__Kiritimatiellia;o__RFP12;f__UBA3636;g__JAAZFF01;s__JAAZFF01 sp022837245	background
GCA_024405235.1	p__Verrucomicrobiota	o__Oligosphaerales	d__Bacteria;p__Verrucomicrobiota;c__Lentisphaeria;o__Oligosphaerales;f__Oligosphaeraceae;g__UBA1724;s__UBA1724 sp024405235	background
GCA_025457745.1	p__Verrucomicrobiota	o__Limisphaerales	d__Bacteria;p__Verrucomicrobiota;c__Verrucomicrobiia;o__Limisphaerales;f__UBA11358;g__JALOTT01;s__JALOTT01 sp025457745	background
GCA_027488845.1	p__Verrucomicrobiota	o__Limisphaerales	d__Bacteria;p__Verrucomicrobiota;c__Verrucomicrobiia;o__Limisphaerales;f__UBA9464;g__SXXZ01;s__SXXZ01 sp027488845	background
GCA_028701555.1	p__Verrucomicrobiota	o__RFP12	d__Bacteria;p__Verrucomicrobiota;c__Kiritimatiellia;o__RFP12;f__UBA1067;g__JAQVQN01;s__JAQVQN01 sp028701555	background
GCA_029935255.1	p__Verrucomicrobiota	o__Kiritimatiellales	d__Bacteria;p__Verrucomicrobiota;c__Kiritimatiellia;o__Kiritimatiellales;f__Pontiellaceae;g__Pontiella;s__Pontiella sp029935255	background
GCA_030747505.1	p__Verrucomicrobiota	o__Limisphaerales	d__Bacteria;p__Verrucomicrobiota;c__Verrucomicrobiia;o__Limisphaerales;f__UBA1100;g__UBA1100;s__UBA1100 sp030747505	background
GCA_031270385.1	p__Verrucomicrobiota	o__Opitutales	d__Bacteria;p__Verrucomicrobiota;c__Verrucomicrobiia;o__Opitutales;f__JAIRKQ01;g__JAIRKQ01;s__JAIRKQ01 sp031270385	background
GCA_031411295.1	p__Verrucomicrobiota	o__Verrucomicrobiales	d__Bacteria;p__Verrucomicrobiota;c__Verrucomicrobiia;o__Verrucomicrobiales;f__V1-33;g__JAGNEJ01;s__JAGNEJ01 sp031411295	background
GCA_034440155.1	p__Verrucomicrobiota	o__JAWXBN01	d__Bacteria;p__Verrucomicrobiota;c__Verrucomicrobiia;o__JAWXBN01;f__JAWXBN01;g__JAWXBN01;s__JAWXBN01 sp034440155	background
GCA_035500235.1	p__Verrucomicrobiota	o__Limisphaerales	d__Bacteria;p__Verrucomicrobiota;c__Verrucomicrobiia;o__Limisphaerales;f__UBA11358;g__UBA11358;s__UBA11358 sp035500235	background
GCA_035630155.1	p__Verrucomicrobiota	o__Chthoniobacterales	d__Bacteria;p__Verrucomicrobiota;c__Verrucomicrobiia;o__Chthoniobacterales;f__UBA10450;g__AV80;s__AV80 sp035630155	background
GCA_036269115.1	p__Verrucomicrobiota	o__Limisphaerales	d__Bacteria;p__Verrucomicrobiota;c__Verrucomicrobiia;o__Limisphaerales;f__UBA11358;g__UBA11358;s__UBA11358 sp036269115	background
GCA_036525415.1	p__Verrucomicrobiota	o__Chthoniobacterales	d__Bacteria;p__Verrucomicrobiota;c__Verrucomicrobiia;o__Chthoniobacterales;f__Terrimicrobiaceae;g__DASTFP01;s__DASTFP01 sp036525415	background
GCA_037141555.1	p__Verrucomicrobiota	o__Chthoniobacterales	d__Bacteria;p__Verrucomicrobiota;c__Verrucomicrobiia;o__Chthoniobacterales;f__Chthoniobacteraceae;g__UBA695;s__UBA695 sp037141555	background
GCA_038209745.1	p__Verrucomicrobiota	o__Limisphaerales	d__Bacteria;p__Verrucomicrobiota;c__Verrucomicrobiia;o__Limisphaerales;f__CANJSG01;g__CANJSG01;s__CANJSG01 sp038209745	background
GCA_038748025.1	p__Verrucomicrobiota	o__Methylacidiphilales	d__Bacteria;p__Verrucomicrobiota;c__Verrucomicrobiia;o__Methylacidiphilales;f__JBCBYL01;g__JBCDJI01;s__JBCDJI01 sp038748025	background
GCA_039936075.1	p__Verrucomicrobiota	o__Opitutales	d__Bacteria;p__Verrucomicrobiota;c__Verrucomicrobiia;o__Opitutales;f__Opitutaceae;g__Opi-474;s__Opi-474 sp039936075	background
GCA_040880785.1	p__Verrucomicrobiota	o__Verrucomicrobiales	d__Bacteria;p__Verrucomicrobiota;c__Verrucomicrobiia;o__Verrucomicrobiales;f__Akkermansiaceae;g__Luteolibacter;s__Luteolibacter sp040880785	background
GCA_041548785.1	p__Verrucomicrobiota	o__Verrucomicrobiales	d__Bacteria;p__Verrucomicrobiota;c__Verrucomicrobiia;o__Verrucomicrobiales;f__Akkermansiaceae;g__Oceaniferula;s__Oceaniferula sp041548785	background
GCA_041749815.1	p__Verrucomicrobiota	o__Chthoniobacterales	d__Bacteria;p__Verrucomicrobiota;c__Verrucomicrobiia;o__Chthoniobacterales;f__Terrimicrobiaceae;g__JAJTZA01;s__JAJTZA01 sp041749815	background
GCA_902780135.1	p__Verrucomicrobiota	o__Victivallales	d__Bacteria;p__Verrucomicrobiota;c__Lentisphaeria;o__Victivallales;f__UBA1829;g__UBA1732;s__UBA1732 sp902780135	background
GCA_903858835.1	p__Verrucomicrobiota	o__Limisphaerales	d__Bacteria;p__Verrucomicrobiota;c__Verrucomicrobiia;o__Limisphaerales;f__UBA9464;g__SXXZ01;s__SXXZ01 sp903858835	background
GCA_903906425.1	p__Verrucomicrobiota	o__CAIVKH01	d__Bacteria;p__Verrucomicrobiota;c__Kiritimatiellia;o__CAIVKH01;f__CAIVKH01;g__CAIVKH01;s__CAIVKH01 sp903906425	background
GCA_903970275.1	p__Verrucomicrobiota	o__Methylacidiphilales	d__Bacteria;p__Verrucomicrobiota;c__Verrucomicrobiia;o__Methylacidiphilales;f__UBA1321;g__JABDGH01;s__JABDGH01 sp903970275	background
GCA_937141895.1	p__Verrucomicrobiota	o__Kiritimatiellales	d__Bacteria;p__Verrucomicrobiota;c__Kiritimatiellia;o__Kiritimatiellales;f__Pontiellaceae;g__Pontiella;s__Pontiella sp937141895	background
GCA_937958885.1	p__Verrucomicrobiota	o__CAIVKH01	d__Bacteria;p__Verrucomicrobiota;c__Kiritimatiellia;o__CAIVKH01;f__CAIVKH01;g__JAMLJG01;s__JAMLJG01 sp937958885	background
GCA_944392655.1	p__Verrucomicrobiota	o__Victivallales	d__Bacteria;p__Verrucomicrobiota;c__Lentisphaeria;o__Victivallales;f__Victivallaceae;g__CALXXL01;s__CALXXL01 sp944392655	background
GCA_945882215.1	p__Verrucomicrobiota	o__Verrucomicrobiales	d__Bacteria;p__Verrucomicrobiota;c__Verrucomicrobiia;o__Verrucomicrobiales;f__Verrucomicrobiaceae;g__Prosthecobacter;s__Prosthecobacter sp945882215	background
GCA_947305585.1	p__Verrucomicrobiota	o__RFP12	d__Bacteria;p__Verrucomicrobiota;c__Kiritimatiellia;o__RFP12;f__UBA1067;g__UBA1067;s__UBA1067 sp947305585	background
GCA_947588645.1	p__Verrucomicrobiota	o__Verrucomicrobiales	d__Bacteria;p__Verrucomicrobiota;c__Verrucomicrobiia;o__Verrucomicrobiales;f__Akkermansiaceae;g__Akkermansia;s__Akkermansia sp947588645	background
GCA_963620895.1	p__Verrucomicrobiota	o__Opitutales	d__Bacteria;p__Verrucomicrobiota;c__Verrucomicrobiia;o__Opitutales;f__UBA953;g__Spyradosoma;s__Spyradosoma sp963620895	background
GCA_964201895.1	p__Verrucomicrobiota	o__Chthoniobacterales	d__Bacteria;p__Verrucomicrobiota;c__Verrucomicrobiia;o__Chthoniobacterales;f__Terrimicrobiaceae;g__UBA967;s__UBA967 sp964201895	background
GCF_016595525.1	p__Verrucomicrobiota	o__Verrucomicrobiales	d__Bacteria;p__Verrucomicrobiota;c__Verrucomicrobiia;o__Verrucomicrobiales;f__Akkermansiaceae;g__Haloferula;s__Haloferula rosea	background
GCA_002329445.1	p__Vulcanimicrobiota	o__Xenobiales	d__Bacteria;p__Vulcanimicrobiota;c__Xenobia;o__Xenobiales;f__Xenobiaceae;g__Xenobium;s__Xenobium purgamenti	background
GCA_003158175.1	p__Vulcanimicrobiota	o__Vulcanimicrobiales	d__Bacteria;p__Vulcanimicrobiota;c__Vulcanimicrobiia;o__Vulcanimicrobiales;f__Vulcanimicrobiaceae;g__Cybelea;s__Cybelea septentrionalis	background
GCA_013044185.1	p__Vulcanimicrobiota	o__Vulcanimicrobiales	d__Bacteria;p__Vulcanimicrobiota;c__Vulcanimicrobiia;o__Vulcanimicrobiales;f__Vulcanimicrobiaceae;g__JABEUX01;s__JABEUX01 sp013044185	background
GCA_019233165.1	p__Vulcanimicrobiota	o__Vulcanimicrobiales	d__Bacteria;p__Vulcanimicrobiota;c__Vulcanimicrobiia;o__Vulcanimicrobiales;f__Vulcanimicrobiaceae;g__JAFAMS01;s__JAFAMS01 sp019233165	background
GCA_021778415.1	p__Vulcanimicrobiota	o__Vulcanimicrobiales	d__Bacteria;p__Vulcanimicrobiota;c__Vulcanimicrobiia;o__Vulcanimicrobiales;f__Vulcanimicrobiaceae;g__JAJYCL01;s__JAJYCL01 sp021778415	background
GCA_023475345.1	p__Vulcanimicrobiota	o__JAMCWD01	d__Bacteria;p__Vulcanimicrobiota;c__JAMCWD01;o__JAMCWD01;f__JAMCWD01;g__JAMCWD01;s__JAMCWD01 sp023475345	background
GCA_028287565.1	p__Vulcanimicrobiota	o__Vulcanimicrobiales	d__Bacteria;p__Vulcanimicrobiota;c__Vulcanimicrobiia;o__Vulcanimicrobiales;f__Vulcanimicrobiaceae;g__Vulcanimicrobium;s__Vulcanimicrobium sp028287565	background
GCA_030854045.1	p__Vulcanimicrobiota	o__Vulcanimicrobiales	d__Bacteria;p__Vulcanimicrobiota;c__Vulcanimicrobiia;o__Vulcanimicrobiales;f__Vulcanimicrobiaceae;g__JALYTY01;s__JALYTY01 sp030854045	background
GCA_035308305.1	p__Vulcanimicrobiota	o__Vulcanimicrobiales	d__Bacteria;p__Vulcanimicrobiota;c__Vulcanimicrobiia;o__Vulcanimicrobiales;f__Vulcanimicrobiaceae;g__Cybelea;s__Cybelea sp035308305	background
GCA_035541935.1	p__Vulcanimicrobiota	o__Vulcanimicrobiales	d__Bacteria;p__Vulcanimicrobiota;c__Vulcanimicrobiia;o__Vulcanimicrobiales;f__Vulcanimicrobiaceae;g__Cybelea;s__Cybelea sp035541935	background
GCA_035710745.1	p__Vulcanimicrobiota	o__Eremiobacterales	d__Bacteria;p__Vulcanimicrobiota;c__Vulcanimicrobiia;o__Eremiobacterales;f__Eremiobacteraceae;g__JANWLL01;s__JANWLL01 sp035710745	background
GCA_036403315.1	p__Vulcanimicrobiota	o__Vulcanimicrobiales	d__Bacteria;p__Vulcanimicrobiota;c__Vulcanimicrobiia;o__Vulcanimicrobiales;f__Vulcanimicrobiaceae;g__Vulcanimicrobium;s__Vulcanimicrobium sp036403315	background
GCA_036567865.1	p__Vulcanimicrobiota	o__Vulcanimicrobiales	d__Bacteria;p__Vulcanimicrobiota;c__Vulcanimicrobiia;o__Vulcanimicrobiales;f__Vulcanimicrobiaceae;g__Tyrphobacter;s__Tyrphobacter sp036567865	background
GCA_040217695.1	p__Vulcanimicrobiota	o__SpSt-956	d__Bacteria;p__Vulcanimicrobiota;c__SpSt-956;o__SpSt-956;f__JAKJGF01;g__CALARM01;s__CALARM01 sp040217695	background
GCA_000980735.1	p__WOR-3	o__LBFQ01	d__Bacteria;p__WOR-3;c__Hydrothermia;o__LBFQ01;f__LBFQ01;g__Caldipriscus;s__Caldipriscus sp000980735	background
GCA_002774315.1	p__WOR-3	o__UBA3073	d__Bacteria;p__WOR-3;c__UBA3073;o__UBA3073;f__UBA3073;g__UBA3073;s__UBA3073 sp002774315	background
GCA_012517375.1	p__WOR-3	o__B3-TA06	d__Bacteria;p__WOR-3;c__WOR-3;o__B3-TA06;f__B3-TA06;g__B3-TA06;s__B3-TA06 sp012517375	background
GCA_016929715.1	p__WOR-3	o__SDB-A	d__Bacteria;p__WOR-3;c__SDB-A;o__SDB-A;f__SDB-A;g__JAFGIG01;s__JAFGIG01 sp016929715	background
GCA_021158725.1	p__WOR-3	o__NMUJ01	d__Bacteria;p__WOR-3;c__UBA3073;o__NMUJ01;f__NMUJ01;g__NMUJ01;s__NMUJ01 sp021158725	background
GCA_026418295.1	p__WOR-3	o__UBA2258	d__Bacteria;p__WOR-3;c__WOR-3;o__UBA2258;f__UBA2258;g__JAOABP01;s__JAOABP01 sp026418295	background
GCA_027069855.1	p__WOR-3	o__WGAB01	d__Bacteria;p__WOR-3;c__Hydrothermia;o__WGAB01;f__WGAB01;g__WGAB01;s__WGAB01 sp027069855	background
GCA_030606335.1	p__WOR-3	o__UBA3073	d__Bacteria;p__WOR-3;c__UBA3073;o__UBA3073;f__UBA3073;g__JAGMCL01;s__JAGMCL01 sp030606335	background
GCA_037441285.1	p__WOR-3	o__UBA2258	d__Bacteria;p__WOR-3;c__WOR-3;o__UBA2258;f__UBA2258;g__JABLXZ01;s__JABLXZ01 sp037441285	background
GCA_039801485.1	p__WOR-3	o__UBA2258	d__Bacteria;p__WOR-3;c__WOR-3;o__UBA2258;f__CAIPLT01;g__JBDRUR01;s__JBDRUR01 sp039801485	background
GCA_039803205.1	p__WOR-3	o__JBDRYB01	d__Bacteria;p__WOR-3;c__Hydrothermia;o__JBDRYB01;f__JBDRYB01;g__JBDRYB01;s__JBDRYB01 sp039803205	background
GCA_001771235.1	p__Zhuqueibacterota	o__Residuimicrobiales	d__Bacteria;p__Zhuqueibacterota;c__Zhuqueibacteria;o__Residuimicrobiales;f__Sediminimicrobiaceae;g__Sediminimicrobium;s__Sediminimicrobium riflense	background
GCA_008501545.1	p__Zhuqueibacterota	o__Zhuqueibacterales	d__Bacteria;p__Zhuqueibacterota;c__Zhuqueibacteria;o__Zhuqueibacterales;f__Geothermadaptataceae;g__Bioreactorimicrobium;s__Bioreactorimicrobium sp008501545	background
GCA_013202295.1	p__Zhuqueibacterota	o__QNDG01	d__Bacteria;p__Zhuqueibacterota;c__QNDG01;o__QNDG01;f__JABMRT01;g__JABMRT01;s__JABMRT01 sp013202295	background
GCA_016929295.1	p__Zhuqueibacterota	o__Residuimicrobiales	d__Bacteria;p__Zhuqueibacterota;c__Zhuqueibacteria;o__Residuimicrobiales;f__Krinioviventaceae;g__Kriniovivens;s__Kriniovivens secundus	background
GCA_020722815.1	p__Zhuqueibacterota	o__Thermofontimicrobiales	d__Bacteria;p__Zhuqueibacterota;c__Zhuqueibacteria;o__Thermofontimicrobiales;f__Sulfurfontimicrobiaceae;g__DYKB01;s__DYKB01 sp020722815	background
GCA_029261995.1	p__Zhuqueibacterota	o__Oceanimicrobiales	d__Bacteria;p__Zhuqueibacterota;c__Zhuqueibacteria;o__Oceanimicrobiales;f__Oceanimicrobiaceae;g__JAJDAF01;s__JAJDAF01 sp029261995	background
GCA_034505755.1	p__Zhuqueibacterota	o__Zhuqueibacterales	d__Bacteria;p__Zhuqueibacterota;c__Zhuqueibacteria;o__Zhuqueibacterales;f__Zhuqueibacteraceae;g__Zhuqueibacter;s__Zhuqueibacter pondensis	background
GCA_036398295.1	p__Zhuqueibacterota	o__Oceanimicrobiales	d__Bacteria;p__Zhuqueibacterota;c__Zhuqueibacteria;o__Oceanimicrobiales;f__DASWHH01;g__DASWHH01;s__DASWHH01 sp036398295	background
GCA_000447245.1	p__Zixibacteria	o__MSB-5A5	d__Bacteria;p__Zixibacteria;c__MSB-5A5;o__MSB-5A5;f__RBG-1;g__RBG-1;s__RBG-1 sp000447245	background
GCA_011056555.1	p__Zixibacteria	o__JAABVY01	d__Bacteria;p__Zixibacteria;c__MSB-5A5;o__JAABVY01;f__JAABVY01;g__JAABVY01;s__JAABVY01 sp011056555	background
GCA_016708025.1	p__Zixibacteria	o__GN15	d__Bacteria;p__Zixibacteria;c__MSB-5A5;o__GN15;f__FEB-12;g__FEB-12;s__FEB-12 sp016708025	background
GCA_020344055.1	p__Zixibacteria	o__UBA10806	d__Bacteria;p__Zixibacteria;c__MSB-5A5;o__UBA10806;f__UBA10806;g__GCA-020348065;s__GCA-020348065 sp020344055	background
GCA_022564135.1	p__Zixibacteria	o__GN15	d__Bacteria;p__Zixibacteria;c__MSB-5A5;o__GN15;f__FEB-12;g__JACZWU01;s__JACZWU01 sp022564135	background
GCA_024275255.1	p__Zixibacteria	o__GN15	d__Bacteria;p__Zixibacteria;c__MSB-5A5;o__GN15;f__FEB-12;g__JAJRZL01;s__JAJRZL01 sp024275255	background
GCA_028700875.1	p__Zixibacteria	o__GN15	d__Bacteria;p__Zixibacteria;c__MSB-5A5;o__GN15;f__JAAZOE01;g__JAAZOE01;s__JAAZOE01 sp028700875	background
GCA_030612965.1	p__Zixibacteria	o__GN15	d__Bacteria;p__Zixibacteria;c__MSB-5A5;o__GN15;f__FEB-12;g__JAJRTA01;s__JAJRTA01 sp030612965	background
GCA_030692925.1	p__Zixibacteria	o__MSB-5A5	d__Bacteria;p__Zixibacteria;c__MSB-5A5;o__MSB-5A5;f__RBG-16-43-9;g__RBG-16-43-9;s__RBG-16-43-9 sp030692925	background
GCA_036396115.1	p__Zixibacteria	o__MSB-5A5	d__Bacteria;p__Zixibacteria;c__MSB-5A5;o__MSB-5A5;f__DASWLN01;g__DASWLN01;s__DASWLN01 sp036396115	background
GCA_040756055.1	p__Zixibacteria	o__GN15	d__Bacteria;p__Zixibacteria;c__MSB-5A5;o__GN15;f__FEB-12;g__GCA-020346225;s__GCA-020346225 sp040756055	background
